{"psnr":{"0":169.9143385609,"1":169.7673529614,"2":169.5976812948,"3":169.3911306485,"4":168.9932511754,"5":168.4687915772,"6":168.0394646863,"7":167.925023495,"8":168.206181614,"9":168.7148162364,"10":169.2128579941,"11":169.5562354634,"12":169.7341670114,"13":169.8318248359,"14":169.9014194378,"15":169.9474009554,"16":169.9444521822,"17":169.8240581223,"18":169.5802898631,"19":169.2733036148,"20":169.0462875696,"21":168.9490027956,"22":169.0004214098,"23":169.1381016381,"24":169.2998687981,"25":169.4637778247,"26":169.6269283553,"27":169.7440341299,"28":169.8077289681,"29":169.822074855,"30":169.7468686014,"31":169.5496383972,"32":169.2738698919,"33":168.8856053451,"34":168.5237960852,"35":168.1833490433,"36":167.9879837828,"37":167.9857916646,"38":168.2111309191,"39":168.5747285041,"40":168.9445944798,"41":169.2742314694,"42":169.4990415851,"43":169.6046130041,"44":169.5965114707,"45":169.4842433135,"46":169.2255144171,"47":168.9163827343,"48":168.6364192792,"49":168.4323767997},"hsnr_0.1":{"0":149.9143441378,"1":149.7673595032,"2":149.597688126,"3":149.3911374028,"4":148.9932599286,"5":148.4688023231,"6":148.0394754402,"7":147.9250347458,"8":148.2061929974,"9":148.7148263057,"10":149.2128672682,"11":149.556242931,"12":149.734172945,"13":149.8318312476,"14":149.9014252728,"15":149.9474077183,"16":149.9444593709,"17":149.8240651442,"18":149.5802973302,"19":149.2733120025,"20":149.0462977189,"21":148.9490137499,"22":149.0004309114,"23":149.1381097109,"24":149.2998793548,"25":149.4637848473,"26":149.6269360843,"27":149.7440409478,"28":149.8077370993,"29":149.8220819956,"30":149.7468750459,"31":149.5496466271,"32":149.2738774613,"33":148.8856140212,"34":148.5238077911,"35":148.1833607615,"36":147.9879942313,"37":147.9858040525,"38":148.2111413219,"39":148.5747388337,"40":148.9446044278,"41":149.2742391269,"42":149.4990491584,"43":149.6046209341,"44":149.5965190704,"45":149.4842527437,"46":149.225521957,"47":148.9163919053,"48":148.6364297974,"49":148.4323870277}}