{"psnr":{"0":103.8878230649,"1":103.8996494067,"2":103.9168840215,"3":103.9692895738,"4":103.9717108953,"5":103.9817150357,"6":104.0186587993,"7":104.0246351314,"8":103.9999665776,"9":103.9788756951,"10":103.9726278026,"11":103.9543035388,"12":103.9133959581,"13":103.889100928,"14":103.8926492381,"15":103.9174328219,"16":103.9596588427,"17":103.9920035322,"18":104.0128338475,"19":104.0264948265,"20":104.0647496683,"21":104.0857992678,"22":104.0855271919,"23":104.0670365563,"24":104.03671239,"25":104.0090337427,"26":103.9857343778,"27":103.9391899016,"28":103.8905154188,"29":103.8747869574,"30":103.8742345802,"31":103.8659179883,"32":103.8873281932,"33":103.8793417478,"34":103.9316988064,"35":103.9536475454,"36":103.9583692657,"37":103.9157832877,"38":103.8680439539,"39":103.8274030792,"40":103.7873245282,"41":103.7841297975,"42":103.7896640322,"43":103.7962194882,"44":103.8013462354,"45":103.8136503007,"46":103.8082222797,"47":103.8452067615,"48":103.9514259413,"49":104.0666589107},"hsnr_0.1":{"0":92.4033274042,"1":92.4103554809,"2":92.4542986824,"3":92.5463286484,"4":92.5236135509,"5":92.4100179068,"6":92.1774647183,"7":92.0325174168,"8":92.2418295483,"9":92.4369521865,"10":92.5195760391,"11":92.5151368543,"12":92.4451419863,"13":92.389223318,"14":92.3878251001,"15":92.4415613846,"16":92.5059274408,"17":92.5732925044,"18":92.6074138155,"19":92.579736461,"20":92.5631932673,"21":92.550107146,"22":92.5443100835,"23":92.5318044569,"24":92.4994738928,"25":92.4536451845,"26":92.3961252754,"27":92.3452778353,"28":92.3257555524,"29":92.3276430488,"30":92.3410723628,"31":92.3465419956,"32":92.3575130929,"33":92.2821136659,"34":92.1989961978,"35":91.9847488664,"36":91.7224975034,"37":91.5788034271,"38":91.6744310593,"39":91.8538054076,"40":91.9784765689,"41":92.0782175615,"42":92.1578558088,"43":92.192215215,"44":92.2275654234,"45":92.2496142414,"46":92.2178379069,"47":92.2024349352,"48":92.1679970976,"49":92.0617223359}}