{"psnr":{"0":208.5378149082,"1":208.6369906247,"2":208.8007979594,"3":208.8882229587,"4":208.8598001031,"5":208.7167998263,"6":208.5701433194,"7":208.4673840385,"8":208.4502774371,"9":208.5099609279,"10":208.4863706148,"11":208.3352405105,"12":208.0215762779,"13":207.6660306315,"14":207.370572196,"15":207.1771787424,"16":207.1601588325,"17":207.2860938097,"18":207.5194341964,"19":207.8310900388,"20":208.1705536355,"21":208.4751734667,"22":208.6921475752,"23":208.7466504062,"24":208.6645583999,"25":208.5192772083,"26":208.3102992661,"27":208.1084687966,"28":207.9628913068,"29":207.9510116815,"30":208.0057798853,"31":208.1018918641,"32":208.2171218649,"33":208.3191852763,"34":208.4009886037,"35":208.4562190426,"36":208.4897800773,"37":208.4865629841,"38":208.456723415,"39":208.3920091129,"40":208.3256860522,"41":208.2389993488,"42":208.1236322392,"43":208.0106330236,"44":207.9192701124,"45":207.85231126,"46":207.822624436,"47":207.8111335442,"48":207.7944107835,"49":207.7468442554},"hsnr_0.1":{"0":188.5380960364,"1":188.6373041418,"2":188.8011402053,"3":188.8885717894,"4":188.8602307532,"5":188.7172942104,"6":188.5707617473,"7":188.468089006,"8":188.451042756,"9":188.5108840299,"10":188.4875047252,"11":188.3364380236,"12":188.0226230507,"13":187.6664461731,"14":187.3711158724,"15":187.177858646,"16":187.1608779212,"17":187.2867268467,"18":187.5199315918,"19":187.8314632944,"20":188.1711003316,"21":188.4756503922,"22":188.6926240228,"23":188.747042907,"24":188.6649772157,"25":188.5196969916,"26":188.3106769456,"27":188.1087626761,"28":187.9631925377,"29":187.9514144628,"30":188.0061671966,"31":188.1022887384,"32":188.2174517971,"33":188.3194664799,"34":188.4012916279,"35":188.4565944101,"36":188.4901789671,"37":188.4869979708,"38":188.4570965336,"39":188.3923450385,"40":188.3260156033,"41":188.2393481748,"42":188.1239755428,"43":188.0110264467,"44":187.9197079376,"45":187.8527341242,"46":187.8230336885,"47":187.8115037043,"48":187.7947983839,"49":187.7472337235}}