{"psnr":{"0":142.4542326914,"1":142.3747610633,"2":142.3433124268,"3":142.2949598327,"4":142.2117467073,"5":142.0946494346,"6":141.9790472292,"7":141.8827343786,"8":141.8355631961,"9":141.8471139825,"10":141.8339101034,"11":141.7518310402,"12":141.5821232863,"13":141.4187649592,"14":141.3134460606,"15":141.2594434959,"16":141.2727452375,"17":141.3356762413,"18":141.43347851,"19":141.5775281089,"20":141.7569086394,"21":141.9084125919,"22":142.0249831239,"23":142.0273939075,"24":141.9513435757,"25":141.8469456755,"26":141.7141155914,"27":141.5993751897,"28":141.5521531682,"29":141.6051583534,"30":141.6840927673,"31":141.7404049486,"32":141.7842220882,"33":141.8152869931,"34":141.830576761,"35":141.8530097183,"36":141.8708254201,"37":141.8808138693,"38":141.8758754554,"39":141.8451609924,"40":141.811519136,"41":141.7704591996,"42":141.7031326574,"43":141.6475030403,"44":141.6092022038,"45":141.5714392724,"46":141.5507116705,"47":141.5246112589,"48":141.4843578523,"49":141.4272817653},"hsnr_0.1":{"0":137.6321119161,"1":137.8340940436,"2":138.056102543,"3":138.1233705156,"4":138.0016972102,"5":137.81259984,"6":137.5259563338,"7":137.393940617,"8":137.2729220628,"9":137.245149052,"10":137.0644455366,"11":136.7141668645,"12":136.1619980185,"13":135.4818873247,"14":134.8252896089,"15":134.2709084473,"16":134.0262893597,"17":134.0716922067,"18":134.3705445136,"19":134.8064269544,"20":135.3622117602,"21":135.8746003673,"22":136.3079445877,"23":136.5067104181,"24":136.465453889,"25":136.2398892594,"26":135.9533703713,"27":135.4849898517,"28":135.0158233075,"29":134.713717803,"30":134.4975299023,"31":134.4695346457,"32":134.5308064004,"33":134.6740194929,"34":134.8397815272,"35":134.9907199807,"36":135.0788187071,"37":134.9956525073,"38":134.8845160603,"39":134.6870966979,"40":134.4751207061,"41":134.199699603,"42":133.8829493044,"43":133.5380702241,"44":133.188682055,"45":132.9534396232,"46":132.890698851,"47":132.9203860029,"48":133.0031303502,"49":133.0505324543}}