{"psnr":{"0":76.8586261942,"1":76.8082850949,"2":76.7556173482,"3":76.6681724107,"4":76.497939734,"5":76.2357086019,"6":75.9734235995,"7":75.8980439112,"8":76.0644219209,"9":76.3351918815,"10":76.5593981715,"11":76.6958496382,"12":76.7651594436,"13":76.8009017145,"14":76.8231525332,"15":76.8389393164,"16":76.836979416,"17":76.7970828464,"18":76.7104340789,"19":76.5833368644,"20":76.4626066626,"21":76.4033373863,"22":76.4201060322,"23":76.481292938,"24":76.5524161205,"25":76.6203334276,"26":76.6848724371,"27":76.74860662,"28":76.7985009047,"29":76.8214448469,"30":76.8050943964,"31":76.7444329804,"32":76.6310574061,"33":76.4622605267,"34":76.2475276725,"35":76.0326235556,"36":75.8974832053,"37":75.9054555169,"38":76.0477100133,"39":76.2521839689,"40":76.447511574,"41":76.5947473605,"42":76.6854960954,"43":76.7275431674,"44":76.7246894627,"45":76.67472688,"46":76.569794785,"47":76.4072546058,"48":76.1974989346,"49":76.0058750368},"hsnr_0.1":{"0":56.9091304783,"1":56.8583095652,"2":56.8049205934,"3":56.7164716213,"4":56.5447130986,"5":56.2806415839,"6":56.0168614149,"7":55.9411581995,"8":56.1084083328,"9":56.3808615965,"10":56.6067579434,"11":56.7445113103,"12":56.8144507109,"13":56.8507085173,"14":56.8731331022,"15":56.8889640744,"16":56.8868989611,"17":56.846268852,"18":56.7588522432,"19":56.6306455961,"20":56.5091000114,"21":56.4495586917,"22":56.4666085702,"23":56.5284124598,"24":56.6002964869,"25":56.6689445375,"26":56.7339731205,"27":56.7983784798,"28":56.848723201,"29":56.8717126425,"30":56.8548848909,"31":56.7935800105,"32":56.6791377599,"33":56.509115375,"34":56.2931173406,"35":56.0772406456,"36":55.9417222308,"37":55.9499438586,"38":56.0929980812,"39":56.2986020884,"40":56.4950513253,"41":56.6432389442,"42":56.734445075,"43":56.7766508939,"44":56.7736645695,"45":56.7232219535,"46":56.6174006308,"47":56.4537827367,"48":56.2428356437,"49":56.0503360047}}