{"psnr":{"0":22.2452618136,"1":22.4080716166,"2":22.6292404822,"3":22.938733481,"4":23.3653835364,"5":23.846034938,"6":24.2581234702,"7":24.3614473396,"8":24.080379598,"9":23.5992025034,"10":23.1329824895,"11":22.7452392221,"12":22.5160605826,"13":22.3612993618,"14":22.2983453805,"15":22.2983027834,"16":22.3575773703,"17":22.5571409785,"18":22.8337121816,"19":23.1696398337,"20":23.4241478194,"21":23.5249548581,"22":23.4606021512,"23":23.2926108738,"24":23.079827136,"25":22.856139292,"26":22.6657503019,"27":22.4929231298,"28":22.3868444463,"29":22.3868211792,"30":22.5043075669,"31":22.7137964981,"32":23.0333939543,"33":23.4069905467,"34":23.737581579,"35":24.0223024474,"36":24.1704905026,"37":24.1144071317,"38":23.8639078408,"39":23.5016880098,"40":23.1441305275,"41":22.8442958616,"42":22.665426756,"43":22.5947892516,"44":22.62970453,"45":22.7739233289,"46":23.0413088369,"47":23.3712516782,"48":23.6545837024,"49":23.9305330574},"hsnr_0.1":{"0":22.7610913509,"1":22.7642484859,"2":22.8126787361,"3":22.9580349475,"4":23.0520488801,"5":22.9457037018,"6":22.9545734121,"7":23.0552781754,"8":22.9233751788,"9":22.9073102056,"10":23.0239580336,"11":22.9500275015,"12":22.9219234035,"13":22.8320014468,"14":22.8240983359,"15":22.8856637827,"16":22.8756508496,"17":22.8947633667,"18":22.9310701497,"19":23.0033612845,"20":23.0801244702,"21":23.1255086322,"22":23.119904989,"23":23.0875119579,"24":23.0509333143,"25":22.9365344949,"26":22.8256334702,"27":22.8068805872,"28":22.8189842615,"29":22.8853056322,"30":22.9098147628,"31":22.9327478618,"32":22.9947611213,"33":23.1013559929,"34":22.9294196723,"35":22.8781139717,"36":22.9695643952,"37":23.0814110983,"38":23.0263841397,"39":22.915797227,"40":22.8306381444,"41":22.8023546251,"42":22.8340616582,"43":22.863905304,"44":22.8983563302,"45":22.9389627373,"46":22.9989033811,"47":23.0857615535,"48":22.7773779315,"49":22.8096269843}}