{"compression_rate":{"0":5.3612620161,"1":5.3620906753,"2":5.3592799146,"3":5.3616429528,"4":5.3628791601,"5":5.3660014773,"6":5.3697349469,"7":5.3711115455,"8":5.3714155102,"9":5.3739641246,"10":5.3743354489,"11":5.3727086419,"12":5.3683523016,"13":5.3613979685,"14":5.3631554478,"15":5.3633473076,"16":5.3641502771,"17":5.3661908,"18":5.3649233519,"19":5.3630960604,"20":5.3641871454,"21":5.3649151333,"22":5.3650788787,"23":5.3615484502,"24":5.3573173498,"25":5.3516664086,"26":5.3483274279,"27":5.3500658686,"28":5.3491303054,"29":5.3507474746,"30":5.3467694902,"31":5.3460489292,"32":5.3447665057,"33":5.3428971112,"34":5.3397220771,"35":5.336676967,"36":5.3332225411,"37":5.3294797611,"38":5.3271859147,"39":5.3263686311,"40":5.3290347647,"41":5.3317866152,"42":5.3338742406,"43":5.3383483744,"44":5.3353769428,"45":5.3316781766,"46":5.3298447552,"47":5.3322843236,"48":5.3318702887,"49":5.3314723428},"compression_time":{"0":8.6640138626,"1":8.6825196743,"2":8.7169325352,"3":8.6747970581,"4":8.7122359276,"5":8.6820347309,"6":8.6755466461,"7":8.6986813545,"8":8.6779723167,"9":8.6587324142,"10":8.6668424606,"11":8.67385149,"12":8.7089297771,"13":8.6754698753,"14":8.63296628,"15":8.6464614868,"16":8.7214889526,"17":8.7094430923,"18":8.6905899048,"19":8.6648921967,"20":8.6711530685,"21":8.6702768803,"22":8.6735639572,"23":8.6703653336,"24":8.7741217613,"25":8.6673519611,"26":8.7169210911,"27":8.6550779343,"28":8.6765172482,"29":8.6648330688,"30":8.7735664845,"31":8.768188715,"32":8.7457535267,"33":8.7228257656,"34":8.6961619854,"35":8.6904072762,"36":8.7291591167,"37":8.7156257629,"38":8.6875967979,"39":8.6735885143,"40":8.6713914871,"41":8.6599311829,"42":8.716026783,"43":8.8574073315,"44":8.7549359798,"45":8.7079694271,"46":8.705065012,"47":8.7293589115,"48":8.7432711124,"49":8.6880800724},"decompression_time":{"0":1.6585485935,"1":1.6342585087,"2":1.6231706142,"3":1.6153130531,"4":1.6402595043,"5":1.6561491489,"6":1.6746785641,"7":1.6491572857,"8":1.6381883621,"9":1.6354613304,"10":1.669577837,"11":1.6430535316,"12":1.674186945,"13":1.6325011253,"14":1.636639595,"15":1.6253354549,"16":1.6378617287,"17":1.6559998989,"18":1.6698663235,"19":1.6303150654,"20":1.6227276325,"21":1.6169891357,"22":1.6154301167,"23":1.6166439056,"24":1.6270382404,"25":1.6345009804,"26":1.6540224552,"27":1.6310448647,"28":1.6439366341,"29":1.6307294369,"30":1.6631684303,"31":1.687356472,"32":1.6355454922,"33":1.6224377155,"34":1.623675108,"35":1.6244924068,"36":1.6359350681,"37":1.6431748867,"38":1.6276254654,"39":1.6195480824,"40":1.6316671371,"41":1.6251368523,"42":1.6810822487,"43":1.6891171932,"44":1.6560130119,"45":1.6196415424,"46":1.6162793636,"47":1.6209902763,"48":1.6709327698,"49":1.6556727886}}