{"psnr":{"0":23.1566278605,"1":23.2353353747,"2":23.2832249659,"3":23.3244487899,"4":23.3642412537,"5":23.3482238876,"6":23.2121463824,"7":23.0337583004,"8":22.9113186746,"9":22.8683823745,"10":22.8925709602,"11":22.9598247276,"12":23.035114706,"13":23.095956287,"14":23.1427947738,"15":23.1890509945,"16":23.2536173391,"17":23.3386937215,"18":23.3856834366,"19":23.3675760893,"20":23.3133762312,"21":23.2705518014,"22":23.2675079415,"23":23.2999579861,"24":23.3368216987,"25":23.3451715524,"26":23.3200946618,"27":23.2817886283,"28":23.2731764303,"29":23.3151110199,"30":23.388667048,"31":23.4596069739,"32":23.498019786,"33":23.5103433487,"34":23.5120418698,"35":23.5101508059,"36":23.4966587719,"37":23.4587155728,"38":23.3904241848,"39":23.3096681331,"40":23.2504932791,"41":23.2380832652,"42":23.2793185083,"43":23.3626817269,"44":23.4588275043,"45":23.5453208081,"46":23.6042134248,"47":23.6353256047,"48":23.6413517844,"49":23.6226430653},"hsnr_0.1":{"0":22.880609782,"1":22.8315405813,"2":22.7694421294,"3":22.7373720472,"4":22.8780838129,"5":23.1010666638,"6":23.0461520648,"7":22.9848454699,"8":22.9491170967,"9":22.8820582844,"10":22.8217286119,"11":22.8071809372,"12":22.8116549281,"13":22.7944868198,"14":22.7558069075,"15":22.7237646259,"16":22.7393139813,"17":22.8719869376,"18":22.9589230319,"19":22.9650846016,"20":22.9377085622,"21":22.8964758258,"22":22.8640792123,"23":22.8723450089,"24":22.915944068,"25":22.9264474526,"26":22.8777882737,"27":22.8034820844,"28":22.7523638728,"29":22.7284383913,"30":22.7094403904,"31":22.6916237311,"32":22.6794131018,"33":22.6807064812,"34":22.6910812936,"35":22.7234885508,"36":22.774210868,"37":22.7901714547,"38":22.7482655973,"39":22.6386248609,"40":22.5280428578,"41":22.4146582251,"42":22.2881353827,"43":22.1354907329,"44":21.9949897174,"45":21.9104736295,"46":21.8636159415,"47":21.8269441262,"48":21.7855678261,"49":21.7545185493}}