{"compression_rate":{"0":9.74799,"1":9.68287,"2":9.68937,"3":9.71094,"4":9.76095,"5":9.8061,"6":9.8529,"7":9.88852,"8":9.91072,"9":9.91377,"10":9.90612,"11":9.70877,"12":9.5869,"13":9.48588,"14":9.43332,"15":9.43808,"16":9.44834,"17":9.46591,"18":9.54399,"19":9.64034,"20":9.69761,"21":9.76732,"22":9.70786,"23":9.55296,"24":9.54674,"25":9.64076,"26":9.71852,"27":9.68095,"28":9.55039,"29":9.54575,"30":9.52728,"31":9.56556,"32":9.69588,"33":9.77669,"34":9.86398,"35":9.74721,"36":9.53389,"37":9.41922,"38":9.36823,"39":9.37287,"40":9.38,"41":9.42406,"42":9.46222,"43":9.46294,"44":9.55749,"45":9.57335,"46":9.44261,"47":9.33371,"48":9.3808,"49":9.36973},"compression_time":{"0":57.7710380554,"1":53.4129188061,"2":23.1798169613,"3":27.2253396511,"4":29.4017984867,"5":23.6457793713,"6":58.069299221,"7":58.5839414597,"8":30.6139552593,"9":25.7949800491,"10":25.5949020386,"11":28.1949527264,"12":57.4892301559,"13":55.8544547558,"14":23.0762791634,"15":25.8925228119,"16":29.969193697,"17":22.3448812962,"18":57.1605789661,"19":59.5729920864,"20":27.5028669834,"21":23.5629544258,"22":29.285394907,"23":18.7005355358,"24":35.1176230907,"25":18.944767952,"26":51.8537003994,"27":37.1334233284,"28":29.5557403564,"29":21.0588710308,"30":57.2369644642,"31":58.8334307671,"32":42.7411763668,"33":27.4918363094,"34":23.4790608883,"35":15.514185667,"36":57.8512508869,"37":31.474016428,"38":24.0978622437,"39":26.1350228786,"40":34.2549576759,"41":27.7594327927,"42":58.8771977425,"43":61.5310246944,"44":24.0705208778,"45":21.8937194347,"46":32.4393334389,"47":22.9039115906,"48":32.6680197716,"49":15.0294167995},"decompression_time":{"0":7.2586576939,"1":5.9302823544,"2":10.5164928436,"3":6.2447495461,"4":7.5780203342,"5":9.5079574585,"6":7.4195594788,"7":6.4703538418,"8":10.5804541111,"9":9.8610844612,"10":6.6749317646,"11":4.7755115032,"12":5.9425816536,"13":7.8631017208,"14":7.6992645264,"15":11.7910633087,"16":6.621696949,"17":4.9677312374,"18":7.2260837555,"19":8.1927742958,"20":8.6301963329,"21":9.4737153053,"22":9.7200045586,"23":7.3167665005,"24":16.7936475277,"25":13.2744727135,"26":9.7204494476,"27":6.4977629185,"28":7.4575719833,"29":12.2761502266,"30":6.5862662792,"31":6.9406719208,"32":7.7948226929,"33":8.6029455662,"34":12.715682745,"35":4.7014007568,"36":7.07939744,"37":19.6803543568,"38":12.8459377289,"39":6.5646932125,"40":11.1580502987,"41":5.2935135365,"42":7.0980336666,"43":6.7007250786,"44":9.9257516861,"45":11.8383834362,"46":7.1496496201,"47":4.9529261589,"48":18.8853547573,"49":7.1654860973}}