{"compression_rate":{"0":1.8891154481,"1":1.8886181833,"2":1.8884425732,"3":1.8887248188,"4":1.8894979527,"5":1.8899378048,"6":1.8899218,"7":1.8898170689,"8":1.8895532661,"9":1.8897343644,"10":1.8900988624,"11":1.8903889555,"12":1.8903736756,"13":1.8899166743,"14":1.8896374449,"15":1.8897945029,"16":1.8906305366,"17":1.8913239859,"18":1.8913663104,"19":1.8911869155,"20":1.8906872773,"21":1.8910064551,"22":1.8914247717,"23":1.8914025078,"24":1.8909181227,"25":1.8904712463,"26":1.8899011405,"27":1.8894235879,"28":1.8890602126,"29":1.8886718521,"30":1.8880612004,"31":1.8871911646,"32":1.8864890947,"33":1.8858676408,"34":1.8859708929,"35":1.8857799961,"36":1.8852646299,"37":1.884568387,"38":1.8839642576,"39":1.8832254796,"40":1.882312835,"41":1.881791117,"42":1.881015701,"43":1.8801083797,"44":1.8792374338,"45":1.878480862,"46":1.8774922309,"47":1.8764123724,"48":1.8747119342,"49":1.8730855476},"compression_time":{"0":11.135427475,"1":11.0082056522,"2":11.0185916424,"3":11.0449473858,"4":11.0563321114,"5":11.0890934467,"6":11.0286102295,"7":11.0651290417,"8":10.9962277412,"9":10.987983942,"10":10.9332222939,"11":10.96571064,"12":11.0088536739,"13":10.9916830063,"14":10.9903697968,"15":10.998980999,"16":10.9875128269,"17":10.9066910744,"18":11.0676438808,"19":11.0389244556,"20":11.0047132969,"21":10.993304491,"22":11.0199863911,"23":10.9587597847,"24":10.9882833958,"25":10.972505331,"26":11.0068244934,"27":11.0254628658,"28":10.9869790077,"29":10.978079319,"30":11.0233426094,"31":10.9448804855,"32":10.9463279247,"33":10.9108350277,"34":10.9086513519,"35":10.8300113678,"36":10.8450350761,"37":10.8412036896,"38":10.8276126385,"39":10.8360600471,"40":10.847287178,"41":10.8274600506,"42":10.8458507061,"43":10.810315609,"44":10.8177843094,"45":10.8004662991,"46":10.832852602,"47":10.7756001949,"48":10.8072164059,"49":10.7258293629},"decompression_time":{"0":1.9703519344,"1":1.9120597839,"2":1.9181985855,"3":1.9180128574,"4":1.9462482929,"5":1.9363696575,"6":1.9827654362,"7":1.9384427071,"8":1.9393780231,"9":1.932280302,"10":1.9171645641,"11":1.9141721725,"12":2.009978056,"13":1.9299035072,"14":1.9296274185,"15":1.9419875145,"16":1.9290606976,"17":1.9433217049,"18":1.946158886,"19":1.93708992,"20":1.932882309,"21":1.9412765503,"22":1.9384591579,"23":1.9214601517,"24":1.9468693733,"25":1.9356822968,"26":1.9360666275,"27":1.9300394058,"28":1.940331459,"29":1.932945013,"30":1.995326519,"31":1.9300835133,"32":1.942253828,"33":1.9271950722,"34":1.9275453091,"35":1.9377574921,"36":1.9643726349,"37":1.9218111038,"38":1.9208483696,"39":1.9202563763,"40":1.9387798309,"41":1.9273576736,"42":1.9983961582,"43":1.93582201,"44":1.9402074814,"45":1.930829525,"46":1.9324038029,"47":1.9260005951,"48":1.9447827339,"49":1.9017939568}}