{"compression_rate":{"0":1.8942585768,"1":1.8943925456,"2":1.8951209693,"3":1.8964065917,"4":1.8968599933,"5":1.8976327372,"6":1.8984063747,"7":1.8988975876,"8":1.8987836498,"9":1.8987120101,"10":1.898255876,"11":1.896835968,"12":1.8953974028,"13":1.8939776166,"14":1.8938156348,"15":1.8946232191,"16":1.8949993074,"17":1.8952514045,"18":1.895670628,"19":1.8957136473,"20":1.8957072798,"21":1.8953765445,"22":1.8950401927,"23":1.8940153848,"24":1.8927332375,"25":1.8911342559,"26":1.8903766583,"27":1.8902283979,"28":1.8903159856,"29":1.8910670935,"30":1.8908586194,"31":1.8907893826,"32":1.8910855267,"33":1.891011194,"34":1.8906499819,"35":1.8899187926,"36":1.8893173962,"37":1.888431424,"38":1.8878248418,"39":1.887428434,"40":1.887687652,"41":1.8876237865,"42":1.8880526397,"43":1.8892191084,"44":1.8893710786,"45":1.8894502226,"46":1.8896265692,"47":1.8897346521,"48":1.8896765828,"49":1.8894917314},"compression_time":{"0":11.0956037045,"1":11.0450353622,"2":11.0386126041,"3":11.0601766109,"4":11.0329682827,"5":11.0388846397,"6":11.1057722569,"7":11.1127209663,"8":11.1303596497,"9":11.0744616985,"10":11.1276264191,"11":11.0899124146,"12":11.0659618378,"13":11.0667021275,"14":11.0063157082,"15":11.0594234467,"16":11.0535309315,"17":11.0028977394,"18":11.0728237629,"19":11.0880131721,"20":11.0836045742,"21":11.1399025917,"22":11.0892951488,"23":11.1392757893,"24":11.073577404,"25":11.0561122894,"26":11.017829895,"27":11.0434401035,"28":11.0066251755,"29":11.0606129169,"30":11.1564955711,"31":11.2264199257,"32":11.1544961929,"33":11.0726721287,"34":11.048566103,"35":11.1231236458,"36":11.17775774,"37":11.0824546814,"38":11.0957958698,"39":11.0402712822,"40":11.0259032249,"41":11.0221371651,"42":11.0795695782,"43":11.0888235569,"44":11.061365366,"45":11.0420889854,"46":11.0724513531,"47":11.0486238003,"48":11.12485075,"49":11.1513326168},"decompression_time":{"0":1.9684751034,"1":1.9425282478,"2":1.933249712,"3":1.9223415852,"4":1.9192845821,"5":1.9079637527,"6":1.9725978374,"7":1.9429326057,"8":1.9273860455,"9":1.9572381973,"10":1.9501335621,"11":1.950981617,"12":1.9345219135,"13":1.932104826,"14":1.9173893929,"15":1.9222922325,"16":1.9132735729,"17":1.9086899757,"18":1.9421677589,"19":1.9340610504,"20":1.9382710457,"21":1.9321055412,"22":1.9358587265,"23":1.922314167,"24":1.9593961239,"25":1.9360339642,"26":1.9173481464,"27":1.9187457561,"28":1.9483454227,"29":1.9243474007,"30":2.0411505699,"31":1.9599192142,"32":1.94272542,"33":1.9260294437,"34":1.9093427658,"35":1.9280474186,"36":1.975992918,"37":1.9399991035,"38":1.949972868,"39":1.9181029797,"40":1.9233503342,"41":1.9085993767,"42":1.9764091969,"43":1.9394674301,"44":1.9307389259,"45":1.9193408489,"46":1.9150207043,"47":1.9144148827,"48":1.994436264,"49":1.9732215405}}