{"compression_rate":{"0":515.521,"1":509.749,"2":500.162,"3":486.813,"4":668.932,"5":650.207,"6":645.853,"7":643.443,"8":645.877,"9":656.205,"10":671.22,"11":680.07,"12":492.685,"13":496.352,"14":498.409,"15":495.43,"16":485.746,"17":476.075,"18":650.901,"19":645.267,"20":640.33,"21":644.269,"22":651.621,"23":659.857,"24":486.674,"25":498.788,"26":517.098,"27":525.211,"28":520.345,"29":511.659,"30":499.007,"31":700.696,"32":689.295,"33":688.795,"34":697.319,"35":700.294,"36":492.628,"37":500.734,"38":509.475,"39":516.223,"40":517.914,"41":517.333,"42":517.333,"43":514.79,"44":509.719,"45":720.813,"46":697.775,"47":694.822,"48":492.174,"49":495.186},"compression_time":{"0":21.8167674541,"1":51.2691743374,"2":50.6309263706,"3":50.7350316048,"4":53.9554021358,"5":51.2584545612,"6":55.3706612587,"7":57.6540973186,"8":54.4304823875,"9":52.8841845989,"10":17.1861424446,"11":41.7449791431,"12":54.7656641006,"13":54.145147562,"14":49.7125632763,"15":56.2595705986,"16":23.2992384434,"17":50.4364426136,"18":55.1998598576,"19":54.0749094486,"20":55.8692593575,"21":54.5687673092,"22":50.6627259254,"23":16.6461148262,"24":18.5381953716,"25":55.4253485203,"26":51.2038757801,"27":51.1611185074,"28":51.9455177784,"29":54.5792837143,"30":54.5843036175,"31":56.8125514984,"32":49.7925906181,"33":57.7718234062,"34":15.832051754,"35":41.8288288116,"36":55.0991635323,"37":54.6617445946,"38":52.6001980305,"39":20.1515347958,"40":42.345277071,"41":53.384052515,"42":19.966830492,"43":55.0947217941,"44":49.0233635902,"45":54.3415906429,"46":49.6897099018,"47":55.0450434685,"48":55.0460751057,"49":56.2276468277},"decompression_time":{"0":4.3759069443,"1":4.5092582703,"2":3.1005191803,"3":3.3276062012,"4":2.6877806187,"5":3.9420120716,"6":5.1563239098,"7":5.8803355694,"8":5.1779687405,"9":5.1711041927,"10":4.3393750191,"11":1.8849606514,"12":3.6039354801,"13":5.1308043003,"14":4.380317688,"15":4.2979319096,"16":3.7993671894,"17":1.883752346,"18":3.9973483086,"19":5.2149324417,"20":5.2095592022,"21":5.495808363,"22":3.1490814686,"23":1.5034096241,"24":3.5996279716,"25":3.9149198532,"26":3.8984289169,"27":4.5609300137,"28":2.9140062332,"29":5.0348322392,"30":4.5204417706,"31":5.907728672,"32":4.1128480434,"33":4.4610664845,"34":4.0182611942,"35":2.0304913521,"36":3.8958311081,"37":5.3775525093,"38":4.6374714375,"39":3.8204193115,"40":5.4480297565,"41":5.1657030582,"42":4.4160733223,"43":4.6722803116,"44":4.2466471195,"45":4.6410956383,"46":3.7554130554,"47":4.9418523312,"48":5.1471340656,"49":5.4127485752}}