{"psnr":{"0":76.3820001248,"1":76.3473273501,"2":76.3431871451,"3":76.3497893218,"4":76.3714812449,"5":76.4237365,"6":76.5040924567,"7":76.5862439635,"8":76.6340535132,"9":76.6313090112,"10":76.58302742,"11":76.5108300794,"12":76.4447358849,"13":76.4069282023,"14":76.4014637848,"15":76.4079905554,"16":76.4039300489,"17":76.3890428756,"18":76.3821635739,"19":76.3948268378,"20":76.4138754012,"21":76.4132301934,"22":76.3796859183,"23":76.3225207651,"24":76.2714920054,"25":76.2557188989,"26":76.2809894351,"27":76.3222553795,"28":76.3431968674,"29":76.3243052058,"30":76.2741853918,"31":76.2184569515,"32":76.1751721282,"33":76.1425585146,"34":76.1086185326,"35":76.0694040581,"36":76.0359652645,"37":76.0252771344,"38":76.0437237178,"39":76.0766497462,"40":76.0950204185,"41":76.0706967863,"42":75.9894811832,"43":75.8542669015,"44":75.6817315132,"45":75.4965014174,"46":75.3260170422,"47":75.1974660912,"48":75.1339707034,"49":75.1469477052},"hsnr_0.1":{"0":56.4293324864,"1":56.3943454756,"2":56.3900013629,"3":56.3964270426,"4":56.4180705805,"5":56.4705310027,"6":56.5513336015,"7":56.6341161501,"8":56.6822832176,"9":56.679588877,"10":56.631204116,"11":56.558813012,"12":56.4925428656,"13":56.4545750251,"14":56.4489531058,"15":56.4552961118,"16":56.4509749394,"17":56.4358352553,"18":56.4288251154,"19":56.4415594762,"20":56.4608026194,"21":56.460310132,"22":56.4267819703,"23":56.3695116514,"24":56.3183900097,"25":56.3026236152,"26":56.3279990064,"27":56.3693531054,"28":56.3902179946,"29":56.3710439726,"30":56.3205290571,"31":56.2644457542,"32":56.2209522389,"33":56.188257648,"34":56.1542947079,"35":56.1150731491,"36":56.0816645551,"37":56.0710713093,"38":56.0896808901,"39":56.1227655939,"40":56.1411800162,"41":56.1166962549,"42":56.0351314415,"43":55.8994653881,"44":55.7265329973,"45":55.5410535816,"46":55.3705035228,"47":55.2420068901,"48":55.1785937583,"49":55.1916719177}}