{"compression_rate":{"0":32.0,"1":32.0,"2":32.0,"3":32.0,"4":32.0,"5":32.0,"6":32.0,"7":32.0,"8":32.0,"9":32.0,"10":32.0,"11":32.0,"12":32.0,"13":32.0,"14":32.0,"15":32.0,"16":32.0,"17":32.0,"18":32.0,"19":32.0,"20":32.0,"21":32.0,"22":32.0,"23":32.0,"24":32.0,"25":32.0,"26":32.0,"27":32.0,"28":32.0,"29":32.0,"30":32.0,"31":32.0,"32":32.0,"33":32.0,"34":32.0,"35":32.0,"36":32.0,"37":32.0,"38":32.0,"39":32.0,"40":32.0,"41":32.0,"42":32.0,"43":32.0,"44":32.0,"45":32.0,"46":32.0,"47":32.0,"48":32.0,"49":32.0},"compression_time":{"0":0.0849046707,"1":0.0774729252,"2":0.0504527092,"3":0.0468034744,"4":0.0453166962,"5":0.041557312,"6":0.070379734,"7":0.0656218529,"8":0.070343256,"9":0.065536499,"10":0.0435020924,"11":0.0440006256,"12":0.0609276295,"13":0.0572526455,"14":0.0645756721,"15":0.0607113838,"16":0.0485343933,"17":0.0649781227,"18":0.0570292473,"19":0.0537848473,"20":0.0742089748,"21":0.0386826992,"22":0.0523509979,"23":0.0431716442,"24":0.0787041187,"25":0.0789315701,"26":0.0685405731,"27":0.0993728638,"28":0.0493950844,"29":0.06437397,"30":0.1020276546,"31":0.0463399887,"32":0.0423672199,"33":0.0691096783,"34":0.0466806889,"35":0.0442137718,"36":0.0803220272,"37":0.0693814754,"38":0.0747697353,"39":0.0789091587,"40":0.0461976528,"41":0.0718574524,"42":0.060338974,"43":0.0458705425,"44":0.0602509975,"45":0.1013276577,"46":0.0638046265,"47":0.0447130203,"48":0.0987420082,"49":0.0555400848},"decompression_time":{"0":0.3814511299,"1":0.3330111504,"2":0.3163046837,"3":0.3196959496,"4":0.3429181576,"5":0.3513202667,"6":0.3440856934,"7":0.3343033791,"8":0.3502719402,"9":0.3387358189,"10":0.3183891773,"11":0.3141245842,"12":0.3815464973,"13":0.3124427795,"14":0.3174331188,"15":0.3127338886,"16":0.3118100166,"17":0.3361470699,"18":0.3723595142,"19":0.3154714108,"20":0.3138980865,"21":0.3809518814,"22":0.3158490658,"23":0.31645298,"24":0.3300151825,"25":0.3153393269,"26":0.3623242378,"27":0.3138430119,"28":0.3499598503,"29":0.3137516975,"30":0.3147683144,"31":0.3159306049,"32":0.3464093208,"33":0.315779686,"34":0.336161375,"35":0.3561584949,"36":0.3209953308,"37":0.3432574272,"38":0.3183810711,"39":0.3417675495,"40":0.3194928169,"41":0.3660268784,"42":0.3722341061,"43":0.321338892,"44":0.3247928619,"45":0.3194596767,"46":0.3260509968,"47":0.3193821907,"48":0.3167645931,"49":0.3657948971}}