{"psnr":{"0":109.0024521716,"1":109.0747899575,"2":109.1918425189,"3":109.5481272328,"4":110.0193117814,"5":110.4496009727,"6":110.7568507896,"7":110.4398951811,"8":110.4466756103,"9":110.0441369919,"10":109.6263081382,"11":109.0691859106,"12":108.5337197082,"13":108.2011748229,"14":108.3801032836,"15":108.4312718049,"16":108.6524851449,"17":109.2838096566,"18":109.826794768,"19":110.2281108084,"20":110.2824760979,"21":110.2199189228,"22":109.6132011699,"23":109.2681900768,"24":108.9070872608,"25":108.4380571997,"26":108.391425092,"27":108.1184006835,"28":108.0433703404,"29":108.1716264351,"30":108.2759713805,"31":108.7142764823,"32":108.9388584745,"33":109.1329271839,"34":108.9939643171,"35":108.7358964776,"36":108.0726410517,"37":108.3851444157,"38":107.7299658905,"39":106.9425608042,"40":106.2503228331,"41":105.9691560487,"42":105.7865505448,"43":105.5693194476,"44":105.6581315,"45":105.3491514703,"46":105.0594225219,"47":100.7247928576,"48":100.959816413,"49":101.6547265366},"hsnr_0.1":{"0":96.7169847866,"1":96.4912976435,"2":96.6668362507,"3":97.3145469272,"4":97.8046013567,"5":98.2437901789,"6":98.4935748742,"7":98.1984339818,"8":98.1215800423,"9":97.9355304855,"10":97.5557457066,"11":96.9788896455,"12":96.4258521996,"13":95.966115196,"14":96.322942553,"15":96.424001836,"16":96.4106716788,"17":96.7573687524,"18":97.1875948365,"19":97.4042762719,"20":97.5678946421,"21":97.6522162148,"22":97.2535396561,"23":96.8493609408,"24":96.5385792982,"25":96.2187549169,"26":96.5191647641,"27":96.6960932613,"28":96.1584364483,"29":96.6068163472,"30":96.3205604312,"31":96.4813296403,"32":97.2067258941,"33":97.2210781208,"34":97.0851227412,"35":96.8845710438,"36":95.4703568497,"37":96.5431318299,"38":95.8335930464,"39":95.5461336907,"40":95.1561600917,"41":95.3056607833,"42":95.8628553925,"43":95.8925158248,"44":96.4849038799,"45":96.3144719825,"46":96.2222051152,"47":83.6291566784,"48":84.4619088962,"49":87.0235400893}}