{"compression_rate":{"0":5.2531373758,"1":5.2484230651,"2":5.2455869337,"3":5.242116998,"4":5.2397437403,"5":5.2339235788,"6":5.2280106691,"7":5.2227449173,"8":5.21992549,"9":5.2148177652,"10":5.2104695015,"11":5.2066554066,"12":5.2028054693,"13":5.201355906,"14":5.1987457187,"15":5.196568345,"16":5.1936027112,"17":5.1905230901,"18":5.1898734081,"19":5.187092502,"20":5.1831960931,"21":5.1795414266,"22":5.1778003309,"23":5.1774358446,"24":5.1756998904,"25":5.1758311057,"26":5.1768545784,"27":5.1765577159,"28":5.1761690796,"29":5.1763099315,"30":5.1760641323,"31":5.1760147007,"32":5.1751878415,"33":5.1750662669,"34":5.1735076761,"35":5.1723795531,"36":5.1710353821,"37":5.170154726,"38":5.1688101461,"39":5.1669957204,"40":5.1665926877,"41":5.166669693,"42":5.1661187844,"43":5.165939994,"44":5.1661733033,"45":5.1662696423,"46":5.1674087867,"47":5.1672607946,"48":5.1670138994,"49":5.167489922},"compression_time":{"0":8.7894999981,"1":8.8059420586,"2":8.8365688324,"3":8.8843097687,"4":8.8566794395,"5":8.8249907494,"6":8.8977615833,"7":8.8361604214,"8":8.7753727436,"9":8.8014435768,"10":8.8045313358,"11":8.8083715439,"12":8.986413002,"13":8.9760415554,"14":8.8280558586,"15":8.8422865868,"16":8.8443214893,"17":8.8559370041,"18":8.9040164948,"19":8.870474577,"20":8.9176256657,"21":8.9059131145,"22":8.8852627277,"23":8.8835186958,"24":9.0086100101,"25":8.9850130081,"26":8.8915498257,"27":8.8731524944,"28":8.9018063545,"29":8.8793327808,"30":9.0576381683,"31":8.8996639252,"32":8.8867478371,"33":8.8725180626,"34":8.89325881,"35":8.9184463024,"36":8.9227185249,"37":8.9070603848,"38":8.8681986332,"39":8.8812229633,"40":8.8987119198,"41":8.8948628902,"42":8.9930458069,"43":8.9354476929,"44":8.9176928997,"45":8.9488651752,"46":8.9204208851,"47":8.9607896805,"48":8.9552440643,"49":8.9150621891},"decompression_time":{"0":1.6656558514,"1":1.6202847958,"2":1.6212089062,"3":1.6589436531,"4":1.6244738102,"5":1.6280853748,"6":1.6444571018,"7":1.6578662395,"8":1.6291911602,"9":1.6341743469,"10":1.6265349388,"11":1.6344096661,"12":1.7226347923,"13":1.6542084217,"14":1.6427097321,"15":1.6411559582,"16":1.6408088207,"17":1.6420767307,"18":1.6707663536,"19":1.6461253166,"20":1.6454761028,"21":1.6429495811,"22":1.6396431923,"23":1.6399366856,"24":1.6490955353,"25":1.6452465057,"26":1.6427454948,"27":1.6525392532,"28":1.6493432522,"29":1.6340622902,"30":1.6395893097,"31":1.6608145237,"32":1.6417424679,"33":1.6415336132,"34":1.653598547,"35":1.6387271881,"36":1.6392343044,"37":1.628180027,"38":1.6224899292,"39":1.6391422749,"40":1.6259446144,"41":1.6257963181,"42":1.6552140713,"43":1.6670906544,"44":1.7960777283,"45":1.7799313068,"46":1.658662796,"47":1.6446707249,"48":1.7028338909,"49":1.6342916489}}