{"compression_rate":{"0":33.9146,"1":16.5659,"2":23.2751,"3":25.752,"4":26.8514,"5":26.5972,"6":25.0199,"7":23.5637,"8":22.9694,"9":22.6773,"10":22.0903,"11":21.4613,"12":20.7052,"13":20.2977,"14":19.9799,"15":20.0694,"16":20.4612,"17":21.3184,"18":22.2314,"19":23.9457,"20":23.6792,"21":23.8872,"22":23.7966,"23":23.8085,"24":22.83,"25":21.8563,"26":20.9022,"27":20.4359,"28":20.2419,"29":20.2025,"30":20.2185,"31":20.5213,"32":20.9863,"33":21.4362,"34":22.1469,"35":22.3555,"36":22.035,"37":21.7984,"38":21.4263,"39":21.1681,"40":21.1392,"41":21.6621,"42":20.3053,"43":19.9843,"44":20.475,"45":21.8261,"46":21.9366,"47":22.1016,"48":22.3688,"49":22.6514},"compression_time":{"0":59.811870575,"1":22.745603323,"2":50.7461740971,"3":55.5715122223,"4":24.545388937,"5":21.407374382,"6":59.9829075336,"7":22.7210991383,"8":58.8974151611,"9":56.8907034397,"10":38.3988864422,"11":16.7518794537,"12":29.3271803856,"13":24.6209306717,"14":60.6846885681,"15":55.1757342815,"16":34.4674751759,"17":23.6762211323,"18":62.1803274155,"19":64.0220890045,"20":22.3302338123,"21":58.0950405598,"22":31.430229187,"23":18.788166523,"24":27.2048625946,"25":32.6464626789,"26":58.166236639,"27":33.3055140972,"28":55.614235878,"29":27.3839316368,"30":58.4798707962,"31":23.5535516739,"32":46.5786230564,"33":42.8280172348,"34":40.7607915401,"35":24.3681740761,"36":60.1119205952,"37":63.8940169811,"38":25.6495935917,"39":57.4632239342,"40":28.2093815804,"41":10.8860611916,"42":60.66411376,"43":65.4271426201,"44":23.0004603863,"45":57.3429746628,"46":26.8048603535,"47":18.376676321,"48":63.9625365734,"49":66.0439801216},"decompression_time":{"0":4.6340653896,"1":9.4872114658,"2":7.7635447979,"3":5.9739043713,"4":7.4680066109,"5":5.7113926411,"6":5.4077138901,"7":8.3477268219,"8":7.6087915897,"9":6.5768432617,"10":6.1909306049,"11":3.3058629036,"12":12.1638333797,"13":10.0926187038,"14":4.4906613827,"15":10.1036109924,"16":8.1520056725,"17":5.4453172684,"18":5.0543379784,"19":4.9795761108,"20":6.3211846352,"21":6.0767250061,"22":5.8526232243,"23":3.2703282833,"24":12.2459967136,"25":9.8505530357,"26":4.9616823196,"27":8.4828634262,"28":5.7976071835,"29":6.0726525784,"30":6.6234354973,"31":8.240142107,"32":5.0388920307,"33":7.0170140266,"34":5.2340538502,"35":5.4209477901,"36":5.3654618263,"37":6.7859370708,"38":5.8345327377,"39":7.6365289688,"40":6.8555755615,"41":2.9807987213,"42":4.6266722679,"43":6.9804291725,"44":6.0431120396,"45":4.3845603466,"46":5.2483928204,"47":4.0177104473,"48":5.3327844143,"49":5.4689128399}}