{"psnr":{"0":76.1652124218,"1":76.1316731365,"2":76.127431886,"3":76.1333557384,"4":76.1517038767,"5":76.2005174065,"6":76.2798949361,"7":76.3610426662,"8":76.4092305873,"9":76.4080016506,"10":76.3616617171,"11":76.2911114061,"12":76.2256518406,"13":76.188668804,"14":76.1833260773,"15":76.1891629103,"16":76.1840312397,"17":76.1679939536,"18":76.1598572527,"19":76.1719605527,"20":76.1908748975,"21":76.1914609855,"22":76.1593063085,"23":76.1051398452,"24":76.0562496954,"25":76.0413300913,"26":76.0660057442,"27":76.1060197608,"28":76.1259518707,"29":76.1065389289,"30":76.0577181088,"31":76.003310484,"32":75.9610297054,"33":75.9288900379,"34":75.896848909,"35":75.8593387821,"36":75.8268290989,"37":75.8173478893,"38":75.8351015347,"39":75.866798977,"40":75.8848853157,"41":75.8610183903,"42":75.7820163135,"43":75.650876244,"44":75.4824813541,"45":75.3035214749,"46":75.1392656344,"47":75.0188284113,"48":74.9574859349,"49":74.9708071255},"hsnr_0.1":{"0":56.1934209968,"1":56.1596627982,"2":56.1553139855,"3":56.1611925963,"4":56.1795717844,"5":56.2286179561,"6":56.3084467476,"7":56.3901099622,"8":56.4386506956,"9":56.4374646505,"10":56.3909044854,"11":56.3200011879,"12":56.2542375804,"13":56.2170590674,"14":56.211633622,"15":56.2174228146,"16":56.2121794686,"17":56.1959758512,"18":56.1877632363,"19":56.1999269772,"20":56.218964797,"21":56.2196259006,"22":56.1873862393,"23":56.1330477667,"24":56.0840143094,"25":56.0690729547,"26":56.0938461036,"27":56.1339941118,"28":56.153958476,"29":56.1343664765,"30":56.0852567139,"31":56.0305747762,"32":55.9881217384,"33":55.9558793056,"34":55.9237743975,"35":55.8862218062,"36":55.8536956435,"37":55.8442680352,"38":55.8621578264,"39":55.8940347322,"40":55.9122280613,"41":55.8883121859,"42":55.8091185045,"43":55.6776945383,"44":55.5090426442,"45":55.3299706583,"46":55.1657424624,"47":55.0454051072,"48":54.984228937,"49":54.99772542}}