{"psnr":{"0":26.7962163464,"1":26.9230545494,"2":27.0044284255,"3":27.0646100283,"4":27.0851633896,"5":26.9896772211,"6":26.766659861,"7":26.4990742409,"8":26.3027900678,"9":26.246878844,"10":26.3183274739,"11":26.4598885238,"12":26.602581737,"13":26.7097586059,"14":26.7775922676,"15":26.8372652918,"16":26.9251235411,"17":27.0326601354,"18":27.0873504688,"19":27.058532915,"20":26.9840285378,"21":26.927741615,"22":26.9424876594,"23":27.0048119345,"24":27.0648890864,"25":27.0741057788,"26":27.0289556363,"27":26.963844221,"28":26.9466572531,"29":27.0227688758,"30":27.1494576134,"31":27.267799034,"32":27.3267830553,"33":27.341869019,"34":27.330310634,"35":27.3046250468,"36":27.2685677519,"37":27.1940465444,"38":27.0793373922,"39":26.9451585873,"40":26.8440573598,"41":26.8139718106,"42":26.8493859943,"43":26.9273067224,"44":27.0006656829,"45":27.0282332594,"46":27.0183751278,"47":27.0103177311,"48":26.9544196082,"49":26.8801457162},"hsnr_0.1":{"0":24.9753768352,"1":24.9932420179,"2":24.9670494568,"3":24.9307617134,"4":24.8896285675,"5":24.8200389373,"6":24.7253902375,"7":24.6396336256,"8":24.5936707026,"9":24.5989117905,"10":24.647422317,"11":24.7248813195,"12":24.8019247036,"13":24.8379927949,"14":24.823537995,"15":24.788929346,"16":24.7707995042,"17":24.7737936166,"18":24.7734688393,"19":24.7622943155,"20":24.7552841481,"21":24.7736463593,"22":24.8398237475,"23":24.9452010008,"24":25.0402703977,"25":25.0690424698,"26":25.0365126107,"27":24.9443252332,"28":24.874621528,"29":24.8574926372,"30":24.8760368857,"31":24.9052080083,"32":24.9250400147,"33":24.9453135981,"34":24.9740252412,"35":25.0111474853,"36":25.0225081928,"37":25.0005273697,"38":24.9116629534,"39":24.8061153623,"40":24.6871192123,"41":24.5767407603,"42":24.4884153363,"43":24.4121480112,"44":24.3071746409,"45":24.1679414438,"46":23.9847276219,"47":23.6973371143,"48":23.6487536362,"49":23.6191811446}}