{"psnr":{"0":76.3890949943,"1":76.3446068231,"2":76.2991519701,"3":76.2208902807,"4":76.067701168,"5":75.8292288927,"6":75.5911616761,"7":75.5209078241,"8":75.6741195205,"9":75.9191559783,"10":76.1213484313,"11":76.2439915955,"12":76.3064843096,"13":76.3376010388,"14":76.357348085,"15":76.3715186404,"16":76.3711368074,"17":76.338460647,"18":76.2602213142,"19":76.1449582629,"20":76.0335219292,"21":75.977431835,"22":75.9913368832,"23":76.0459134031,"24":76.1093300426,"25":76.1709309534,"26":76.2312276416,"27":76.2877522661,"28":76.3320350477,"29":76.3532269556,"30":76.3412845406,"31":76.2876541058,"32":76.185050106,"33":76.0302294645,"34":75.8340140324,"35":75.6370997196,"36":75.5112857923,"37":75.5174167376,"38":75.6486610845,"39":75.8374278493,"40":76.0155787482,"41":76.1493742439,"42":76.2332052823,"43":76.2720947788,"44":76.2698632835,"45":76.2244624326,"46":76.1290097334,"47":75.9791895627,"48":75.7895132806,"49":75.6135838352},"hsnr_0.1":{"0":56.4077930384,"1":56.3633094334,"2":56.3178652831,"3":56.2396245007,"4":56.0864673026,"5":55.8480347288,"6":55.6099987542,"7":55.5397404781,"8":55.692911643,"9":55.9378992019,"10":56.1400548652,"11":56.2626772701,"12":56.3251605267,"13":56.3562745847,"14":56.3760229621,"15":56.3901981239,"16":56.3898245953,"17":56.3571614091,"18":56.2789401426,"19":56.1636987724,"20":56.0522831461,"21":55.996204274,"22":56.0101073251,"23":56.0646711381,"24":56.1280702709,"25":56.1896546427,"26":56.2499392212,"27":56.3064569173,"28":56.3507372186,"29":56.3719300781,"30":56.3599919075,"31":56.3063696184,"32":56.2037778453,"33":56.0489750375,"34":55.8527815135,"35":55.6558860112,"36":55.5300768267,"37":55.5361913193,"38":55.6674052706,"39":55.8561402311,"40":56.03426753,"41":56.1680503187,"42":56.2518768546,"43":56.2907670351,"44":56.2885398743,"45":56.2431470641,"46":56.1477068364,"47":55.9979038481,"48":55.8082457352,"49":55.6323277329}}