{"psnr":{"0":61.1844942141,"1":61.0589760677,"2":60.4728967012,"3":58.9338181037,"4":58.6449937903,"5":59.7721167513,"6":60.8847718942,"7":61.2481693702,"8":60.5189448591,"9":59.553278754,"10":59.2525053902,"11":59.3824024304,"12":59.8664854255,"13":60.1607552852,"14":60.2471642639,"15":59.9464491064,"16":59.3619940122,"17":58.6081635507,"18":58.1588398715,"19":58.4461871252,"20":59.0626744606,"21":59.4830209361,"22":59.481401284,"23":59.4805402174,"24":59.674281482,"25":59.9951068527,"26":60.176446435,"27":60.280443113,"28":60.1487337333,"29":59.7995580262,"30":59.2290188283,"31":58.5884263565,"32":58.7078380111,"33":59.3692694051,"34":60.4748156944,"35":61.9378823387,"36":63.0751873704,"37":63.2761620986,"38":62.6190638416,"39":61.6524093368,"40":60.7783061439,"41":60.1608894255,"42":59.8324682138,"43":59.478919161,"44":59.0705567759,"45":58.7983566593,"46":59.0156004026,"47":59.7798954476,"48":60.9871296719,"49":62.1832505845},"hsnr_0.1":{"0":48.3107866706,"1":48.2610756293,"2":48.1053582013,"3":48.1722543658,"4":48.3942457663,"5":48.4991803476,"6":48.7415222669,"7":48.8366062658,"8":48.6943571656,"9":48.4937978628,"10":48.3564736025,"11":48.4501524283,"12":48.5330639711,"13":48.6480972157,"14":48.6762214946,"15":48.5869752391,"16":48.4673620066,"17":48.3902658054,"18":48.4111210443,"19":48.5499803821,"20":48.6312229424,"21":48.7345671567,"22":48.807143552,"23":48.8420323552,"24":48.8495273492,"25":48.8964602379,"26":48.9876606543,"27":48.9758120094,"28":48.9022769647,"29":48.8258623743,"30":48.778926104,"31":48.8639920188,"32":48.8511887228,"33":48.9380251839,"34":49.1099333575,"35":49.4094481154,"36":49.733963476,"37":49.8549454342,"38":49.7300021811,"39":49.419774382,"40":49.1851206385,"41":49.1110966988,"42":48.9798146656,"43":48.8839026716,"44":48.8515011738,"45":48.8738168466,"46":48.8891424372,"47":48.9914033456,"48":49.145623334,"49":49.3646433711}}