{"compression_rate":{"0":22.7888,"1":22.7048,"2":22.568,"3":22.3671,"4":22.2576,"5":22.0743,"6":21.2306,"7":21.1578,"8":21.5227,"9":22.9904,"10":22.2843,"11":22.3712,"12":22.6216,"13":22.6513,"14":22.6403,"15":22.4948,"16":22.2859,"17":22.1812,"18":22.0354,"19":22.0026,"20":21.3707,"21":21.0784,"22":21.1357,"23":21.6676,"24":21.9337,"25":22.0176,"26":22.1138,"27":22.3475,"28":22.6031,"29":22.675,"30":22.6901,"31":22.6619,"32":22.5637,"33":22.5601,"34":21.6936,"35":21.4916,"36":21.4197,"37":21.7397,"38":22.3087,"39":23.2863,"40":23.4635,"41":23.4679,"42":23.4542,"43":23.4818,"44":23.4897,"45":23.3829,"46":23.4101,"47":23.069,"48":21.8956,"49":21.1264},"compression_time":{"0":58.1255996227,"1":55.057746172,"2":20.9185237885,"3":60.7051975727,"4":23.1287004948,"5":57.6451470852,"6":57.8568592072,"7":57.2918827534,"8":25.1457884312,"9":54.6098868847,"10":54.4588537216,"11":49.0192525387,"12":31.2146830559,"13":19.5670678616,"14":53.3063685894,"15":55.0449697971,"16":19.3966355324,"17":57.5947699547,"18":58.7879855633,"19":59.7238528728,"20":58.4988737106,"21":20.5096578598,"22":55.2922005653,"23":36.336712122,"24":57.4701964855,"25":28.2030692101,"26":35.2617340088,"27":60.2621183395,"28":41.6013393402,"29":53.6436061859,"30":58.3878552914,"31":61.4916512966,"32":38.395326376,"33":34.4021821022,"34":59.98751688,"35":44.1388099194,"36":58.1724133492,"37":59.1869864464,"38":58.8809702396,"39":20.7324995995,"40":26.3525760174,"41":52.4850394726,"42":59.0518145561,"43":62.4446177483,"44":50.2387971878,"45":24.4824175835,"46":54.6398832798,"47":35.4071047306,"48":57.7216873169,"49":18.3583316803},"decompression_time":{"0":4.4724123478,"1":3.6702795029,"2":7.4229266644,"3":4.3949284554,"4":7.924097538,"5":8.5202696323,"6":4.4488224983,"7":6.1368284225,"8":7.0575857162,"9":4.347851038,"10":5.5889708996,"11":3.1624553204,"12":15.499778986,"13":8.3630619049,"14":7.5177366734,"15":9.3096792698,"16":8.3660163879,"17":10.3692309856,"18":4.848272562,"19":6.2886528969,"20":7.990708828,"21":7.095556736,"22":8.9210116863,"23":3.1700119972,"24":4.4236764908,"25":9.7917511463,"26":8.0592236519,"27":9.1815907955,"28":10.0260195732,"29":3.6570575237,"30":4.6640920639,"31":4.9226784706,"32":7.870486021,"33":3.9286327362,"34":7.6406862736,"35":2.9710037708,"36":4.6789419651,"37":6.4608564377,"38":7.2045471668,"39":6.2354972363,"40":9.7448039055,"41":6.7919085026,"42":4.4726052284,"43":6.177054882,"44":8.5144460201,"45":5.8287050724,"46":6.4145452976,"47":4.7088737488,"48":4.2890033722,"49":5.4020278454}}