{"psnr":{"0":139.3627903244,"1":140.2841581795,"2":141.8306277695,"3":143.2926726891,"4":144.7983498952,"5":145.1923475576,"6":144.9808664566,"7":144.1168276674,"8":143.3161775524,"9":142.7497969184,"10":142.4414072009,"11":141.3731997964,"12":140.3352982818,"13":139.8780880025,"14":139.7582773436,"15":140.9024902521,"16":142.1437765858,"17":143.4761189818,"18":144.5617612283,"19":144.9904860285,"20":145.3832929806,"21":145.258184514,"22":144.3442759389,"23":143.1723494474,"24":141.187193634,"25":139.7838336351,"26":139.5885959956,"27":139.5076852512,"28":139.4583970919,"29":140.0523233351,"30":140.7743659247,"31":141.6631757736,"32":142.4964541636,"33":143.1448867683,"34":143.5715693863,"35":143.4569485419,"36":142.6385265042,"37":142.6349185192,"38":141.8516904301,"39":141.1126472253,"40":141.0228451465,"41":141.1696968107,"42":141.8010445243,"43":142.5241935486,"44":143.1513673082,"45":143.7447604034,"46":144.0207982156,"47":143.5378589868,"48":142.7207386631,"49":141.9551190388},"hsnr_0.1":{"0":119.4409211704,"1":120.3378669914,"2":121.8953133586,"3":123.4156479556,"4":124.8744882094,"5":125.2695282607,"6":125.084180423,"7":124.2594258701,"8":123.4357575011,"9":122.8058174498,"10":122.4786046147,"11":121.4529834967,"12":120.400070462,"13":119.9466016819,"14":119.819115676,"15":120.9459995029,"16":122.1996520771,"17":123.5525901107,"18":124.6212190148,"19":125.0554999341,"20":125.4523580459,"21":125.31200884,"22":124.4189904104,"23":123.2487731579,"24":121.235315467,"25":119.9376237181,"26":119.7477400461,"27":119.6647901739,"28":119.6205403407,"29":120.1948561648,"30":120.9212526549,"31":121.8031051827,"32":122.6323600084,"33":123.2766861659,"34":123.6830381382,"35":123.5465475878,"36":122.7140661472,"37":122.6791308931,"38":121.9351048567,"39":121.1874484679,"40":121.0822604871,"41":121.2631596848,"42":121.8668155092,"43":122.6038939909,"44":123.2272638649,"45":123.8153259013,"46":124.0648963304,"47":123.5798206837,"48":122.7851795632,"49":122.0204539078}}