{"psnr":{"0":127.1954220183,"1":127.0408911724,"2":126.8508772811,"3":126.5883855055,"4":126.185902257,"5":125.6211771225,"6":125.114856851,"7":124.9866936955,"8":125.3150238807,"9":125.8747549796,"10":126.4011738295,"11":126.7555401952,"12":126.9758118169,"13":127.0959812643,"14":127.1635640775,"15":127.1778649019,"16":127.1240968594,"17":126.9662392891,"18":126.6988207507,"19":126.3605054602,"20":126.0709618606,"21":125.9448420097,"22":125.9981576649,"23":126.1675591947,"24":126.3663454974,"25":126.5570893356,"26":126.7407858548,"27":126.899863382,"28":127.00820591,"29":127.0330099417,"30":126.9505221975,"31":126.7501358874,"32":126.433720307,"33":126.0349543287,"34":125.5890414855,"35":125.211053796,"36":125.0041554669,"37":125.0564067951,"38":125.338401031,"39":125.7731651967,"40":126.1931399462,"41":126.5282661342,"42":126.7515470199,"43":126.8520167061,"44":126.8335354332,"45":126.6858722675,"46":126.4138248359,"47":126.0514527649,"48":125.6396282276,"49":125.3122547745},"hsnr_0.1":{"0":107.1955364167,"1":107.0410248555,"2":106.8509952147,"3":106.5885364089,"4":106.1860656197,"5":105.6213346216,"6":105.1150182576,"7":104.9868519218,"8":105.3151999645,"9":105.8749229166,"10":106.4013131764,"11":106.7556809258,"12":106.9759561525,"13":107.0961334228,"14":107.1636956743,"15":107.1780151516,"16":107.1242297905,"17":106.966381316,"18":106.69894887,"19":106.3606443921,"20":106.0710928544,"21":105.9449956695,"22":105.9983020381,"23":106.1677104461,"24":106.366501814,"25":106.5572487914,"26":106.7409276338,"27":106.90000557,"28":107.0083457573,"29":107.0331636751,"30":106.9506679725,"31":106.7502647937,"32":106.4338717544,"33":106.035111115,"34":105.5892110669,"35":105.2112128721,"36":105.0043171356,"37":105.0565660447,"38":105.3385669295,"39":105.7733215139,"40":106.1933143555,"41":106.5284310428,"42":106.7517143091,"43":106.8521580416,"44":106.833694616,"45":106.6860406593,"46":106.4139801379,"47":106.0516138323,"48":105.6397848987,"49":105.3124214432}}