{"psnr":{"0":61.1738254269,"1":61.1779193332,"2":61.1747188519,"3":61.1710554861,"4":61.168515188,"5":61.1374108266,"6":61.0982568585,"7":61.0913334027,"8":61.1148113421,"9":61.1449143764,"10":61.1687897692,"11":61.1626636668,"12":61.1659989559,"13":61.1654606051,"14":61.1686393021,"15":61.163654347,"16":61.1584674087,"17":61.1556583819,"18":61.1563116761,"19":61.1421186502,"20":61.1212909494,"21":61.1157464174,"22":61.1195629439,"23":61.1341028191,"24":61.1425063712,"25":61.1431098655,"26":61.144508474,"27":61.1440589116,"28":61.1448614164,"29":61.1441513026,"30":61.1412485892,"31":61.1345676442,"32":61.1199900396,"33":61.10550206,"34":61.0780074469,"35":61.0643836966,"36":61.0583751114,"37":61.0671370814,"38":61.0761596081,"39":61.1109547603,"40":61.1251299681,"41":61.1317102729,"42":61.1373505929,"43":61.1401310446,"44":61.1387210003,"45":61.1216034534,"46":61.1072153741,"47":61.095739395,"48":61.0738827984,"49":61.0683094511},"hsnr_0.1":{"0":47.6896779968,"1":47.6909242311,"2":47.7600064295,"3":47.8464666391,"4":47.9207828618,"5":47.8627119255,"6":47.6992095115,"7":47.628292476,"8":47.7378996764,"9":47.7963517691,"10":47.8191575976,"11":47.7386901588,"12":47.6728802306,"13":47.6426467663,"14":47.6503063288,"15":47.6888850787,"16":47.7074054254,"17":47.7330683967,"18":47.8054148657,"19":47.8794978539,"20":47.8549264557,"21":47.9052138489,"22":47.9173835072,"23":47.875214057,"24":47.8016975535,"25":47.7356442001,"26":47.6559356766,"27":47.6533231282,"28":47.6470122316,"29":47.6560640052,"30":47.6872571657,"31":47.7193955421,"32":47.7276629541,"33":47.782834057,"34":47.6981377648,"35":47.621912142,"36":47.4428773719,"37":47.3470171497,"38":47.4164715673,"39":47.4818351926,"40":47.5011071905,"41":47.4941835842,"42":47.4463100705,"43":47.4489561472,"44":47.4885627757,"45":47.5164240943,"46":47.5986979103,"47":47.578249567,"48":47.5741039128,"49":47.4965082984}}