{"compression_rate":{"0":1.9038664872,"1":1.9033027564,"2":1.9032678791,"3":1.9028054713,"4":1.9013849718,"5":1.900357311,"6":1.8983487212,"7":1.8975369039,"8":1.8983554231,"9":1.8992155031,"10":1.8998353216,"11":1.9007778178,"12":1.901804689,"13":1.9017696017,"14":1.9011096735,"15":1.9010518822,"16":1.9007757281,"17":1.9009404373,"18":1.9009467871,"19":1.8997077426,"20":1.8990493499,"21":1.8984057414,"22":1.8977296348,"23":1.8976396713,"24":1.8978850872,"25":1.8983842628,"26":1.8992684289,"27":1.899919309,"28":1.8998758344,"29":1.8994187184,"30":1.8997795895,"31":1.8993542415,"32":1.8989273943,"33":1.8984946429,"34":1.8973030166,"35":1.8956816787,"36":1.894372813,"37":1.8937692093,"38":1.8942975122,"39":1.8955728093,"40":1.8966779218,"41":1.8974081045,"42":1.8977893603,"43":1.8979025986,"44":1.8983088011,"45":1.898526337,"46":1.8980230511,"47":1.89732057,"48":1.8961580568,"49":1.8947790567},"compression_time":{"0":11.0906772614,"1":11.0043969154,"2":10.9916846752,"3":10.9639065266,"4":10.9806332588,"5":10.9507167339,"6":11.0499038696,"7":11.1073572636,"8":10.9858188629,"9":11.0319297314,"10":11.0146901608,"11":10.9578931332,"12":11.0441431999,"13":11.0240666866,"14":11.0106167793,"15":11.0161890984,"16":11.0228142738,"17":11.0300190449,"18":11.0573575497,"19":11.0771529675,"20":11.0289621353,"21":11.0478811264,"22":11.0783057213,"23":11.0612733364,"24":11.040697813,"25":11.0543727875,"26":10.9938621521,"27":11.0124042034,"28":11.0262310505,"29":11.0277712345,"30":11.1187326908,"31":11.0513665676,"32":11.0479929447,"33":11.020788908,"34":11.0328185558,"35":10.9711196423,"36":11.0342624187,"37":11.0199322701,"38":11.0103940964,"39":10.9927346706,"40":11.0101890564,"41":11.0144786835,"42":11.0455377102,"43":11.0801284313,"44":11.0565578938,"45":11.0436074734,"46":11.0488231182,"47":11.1220390797,"48":11.1070857048,"49":11.0526998043},"decompression_time":{"0":2.0038716793,"1":1.9285447598,"2":1.9175069332,"3":1.9120790958,"4":1.9201362133,"5":1.9344167709,"6":2.0749309063,"7":1.9645605087,"8":1.9519183636,"9":1.9450829029,"10":2.0186834335,"11":1.9240841866,"12":2.0054998398,"13":1.9559385777,"14":1.925961256,"15":1.9216358662,"16":1.9244804382,"17":1.9106850624,"18":1.9682106972,"19":1.9429979324,"20":1.9411177635,"21":1.9301850796,"22":1.9293777943,"23":1.9134321213,"24":1.9778945446,"25":1.9379987717,"26":1.9358625412,"27":1.9386007786,"28":1.933494091,"29":1.9280929565,"30":1.9853644371,"31":1.932721138,"32":1.9259679317,"33":1.9247703552,"34":1.9254069328,"35":1.9046025276,"36":1.9336624146,"37":1.9246873856,"38":1.9199149609,"39":1.9238774776,"40":1.9209339619,"41":1.9514997005,"42":1.9462080002,"43":1.9466300011,"44":1.9567241669,"45":1.9397816658,"46":1.937204361,"47":1.9455192089,"48":1.9792306423,"49":1.9696474075}}