{"psnr":{"0":61.1410774232,"1":61.461743412,"2":61.0913183146,"3":60.9701303601,"4":61.0637151866,"5":61.0397836421,"6":60.9722502592,"7":60.8547754496,"8":61.1562802316,"9":61.1617666377,"10":61.1472489456,"11":61.1520830287,"12":61.165466757,"13":61.1753346274,"14":61.181700708,"15":61.178255098,"16":61.175153148,"17":60.1859837047,"18":61.0339404803,"19":61.0739911099,"20":61.0938070006,"21":61.0914657695,"22":61.0960240436,"23":61.081685263,"24":61.041807977,"25":60.9854907673,"26":60.9224788764,"27":61.1805143453,"28":61.1807365189,"29":61.182631667,"30":61.1790141315,"31":61.1738680943,"32":61.1710976512,"33":60.9137049334,"34":60.0792988117,"35":60.0985091588,"36":60.0602876696,"37":60.9053751179,"38":61.1724811559,"39":61.1844174078,"40":61.1850331916,"41":61.1645375826,"42":61.1313047046,"43":61.1122845007,"44":61.1189929931,"45":61.1503557259,"46":61.1735746334,"47":61.1725882565,"48":61.1792623716,"49":61.1795916159},"hsnr_0.1":{"0":42.9230364087,"1":48.9308001132,"2":47.2723126609,"3":46.6964917196,"4":46.4350227241,"5":46.5722707764,"6":47.0233317087,"7":47.1689857648,"8":47.5286625958,"9":47.664371935,"10":47.6030260586,"11":47.7181815639,"12":47.8849034627,"13":48.030720395,"14":48.0490744382,"15":47.8799786349,"16":47.9115794507,"17":47.3586708965,"18":47.942794652,"19":47.9380703668,"20":47.8145989411,"21":47.7326368124,"22":47.7596733477,"23":47.8359167112,"24":47.9108019334,"25":47.9943973557,"26":47.8972166972,"27":48.0646751977,"28":48.0857053809,"29":48.0778962551,"30":48.0499989342,"31":48.0198312552,"32":48.0100099805,"33":47.808584105,"34":47.1849740323,"35":47.2125161353,"36":47.1814523756,"37":47.7163796771,"38":47.8989955124,"39":47.9202862725,"40":48.0298383806,"41":48.1007445349,"42":48.1216897742,"43":48.0398669022,"44":47.947164528,"45":47.9698546097,"46":47.9512971305,"47":47.8536857889,"48":47.7448038849,"49":47.7252320411}}