{"psnr":{"0":74.9263900009,"1":75.0409660401,"2":75.1570435896,"3":75.2417986604,"4":75.2789879642,"5":75.2774106878,"6":75.2637820643,"7":75.2630920065,"8":75.2802225878,"9":75.3010618892,"10":75.2996342032,"11":75.2644678592,"12":75.1962225426,"13":75.0983732184,"14":74.9961549555,"15":74.9245162435,"16":74.9111998021,"17":74.9543146861,"18":75.0297374127,"19":75.1165094008,"20":75.2042400549,"21":75.2830560456,"22":75.3443997853,"23":75.3800003897,"24":75.3944143631,"25":75.3917160861,"26":75.3743443877,"27":75.341073844,"28":75.2969648874,"29":75.2550820796,"30":75.2347766438,"31":75.246706554,"32":75.2792015793,"33":75.3197062785,"34":75.3566717969,"35":75.3813647344,"36":75.3907849575,"37":75.3856878432,"38":75.3736423243,"39":75.3600771763,"40":75.3435490103,"41":75.3229113725,"42":75.2979202546,"43":75.265877643,"44":75.2320850737,"45":75.2075294349,"46":75.1980956134,"47":75.203355062,"48":75.2148479315,"49":75.2218690897},"hsnr_0.1":{"0":54.9468283438,"1":55.0613202311,"2":55.1772789952,"3":55.2619207101,"4":55.2990256031,"5":55.2973831279,"6":55.2836968994,"7":55.2829449404,"8":55.3000008298,"9":55.3207741042,"10":55.3193190409,"11":55.2841787894,"12":55.2160162165,"13":55.118283624,"14":55.0161818304,"15":54.9446272339,"16":54.9313498891,"17":54.9744570032,"18":55.0498328657,"19":55.1365337801,"20":55.2241895846,"21":55.3029465567,"22":55.3642563685,"23":55.3998545722,"24":55.4142934356,"25":55.4116398918,"26":55.3943251617,"27":55.3611144992,"28":55.3170533145,"29":55.2751961852,"30":55.2548869985,"31":55.2667828391,"32":55.2992331909,"33":55.3396990448,"34":55.3766460363,"35":55.4013398528,"36":55.4107723568,"37":55.4056917141,"38":55.3936643835,"39":55.3801079757,"40":55.3635783347,"41":55.3429320195,"42":55.3179228971,"43":55.2858581748,"44":55.2520621483,"45":55.227526753,"46":55.2181195926,"47":55.2234023262,"48":55.23491426,"49":55.2419534595}}