{"psnr":{"0":46.3917625056,"1":45.6867175714,"2":45.0053286481,"3":44.4637283766,"4":44.1789140129,"5":44.0575517037,"6":43.9614718337,"7":43.8787271873,"8":43.812539661,"9":43.7440400628,"10":43.7311287609,"11":43.7415618348,"12":43.8345232097,"13":43.9887418874,"14":44.1123097845,"15":44.1883745497,"16":43.9661365299,"17":43.5692435774,"18":43.3155406549,"19":43.2569971759,"20":43.2701201239,"21":43.2619926088,"22":43.2378983444,"23":43.177902078,"24":43.0484220804,"25":42.8530365515,"26":42.6317211118,"27":42.4959465325,"28":42.4647987155,"29":42.4972615349,"30":42.5355234914,"31":42.5335499443,"32":42.4912260464,"33":42.3948686813,"34":42.3080714815,"35":42.2015991656,"36":42.1356136401,"37":42.1134490756,"38":42.0553933446,"39":41.9583681177,"40":41.8303326318,"41":41.7155384899,"42":41.6027691959,"43":41.5520093269,"44":41.5909864533,"45":41.643600505,"46":41.6741903545,"47":41.6478237706,"48":41.5893841279,"49":41.5134764232},"hsnr_0.1":{"0":37.592512018,"1":37.5213649196,"2":37.3453984525,"3":37.0947977262,"4":37.0340354917,"5":36.9976906062,"6":36.9481011282,"7":36.9397047086,"8":36.953043845,"9":37.0062266432,"10":36.99189747,"11":36.9998432794,"12":36.948661531,"13":36.8700362568,"14":36.6771241359,"15":36.4493217435,"16":36.1528416282,"17":35.8711841565,"18":35.8310378476,"19":35.9150912422,"20":36.1154428341,"21":36.2878512334,"22":36.4276012101,"23":36.4822542292,"24":36.4396838414,"25":36.3082036455,"26":36.1698080384,"27":35.9926141003,"28":35.785630634,"29":35.6214156177,"30":35.5163157342,"31":35.4827951416,"32":35.5132071961,"33":35.5871088846,"34":35.6593525364,"35":35.7192254481,"36":35.7263854759,"37":35.6545399548,"38":35.5791654351,"39":35.4438937319,"40":35.2675706315,"41":35.0419552059,"42":34.7922364362,"43":34.5553531474,"44":34.342333435,"45":34.2073849876,"46":34.1243306225,"47":34.1219365276,"48":34.1478025471,"49":34.1424756516}}