{"compression_rate":{"0":4.0,"1":4.0,"2":4.0,"3":4.0,"4":4.0,"5":4.0,"6":4.0,"7":4.0,"8":4.0,"9":4.0,"10":4.0,"11":4.0,"12":4.0,"13":4.0,"14":4.0,"15":4.0,"16":4.0,"17":4.0,"18":4.0,"19":4.0,"20":4.0,"21":4.0,"22":4.0,"23":4.0,"24":4.0,"25":4.0,"26":4.0,"27":4.0,"28":4.0,"29":4.0,"30":4.0,"31":4.0,"32":4.0,"33":4.0,"34":4.0,"35":4.0,"36":4.0,"37":4.0,"38":4.0,"39":4.0,"40":4.0,"41":4.0,"42":4.0,"43":4.0,"44":4.0,"45":4.0,"46":4.0,"47":4.0,"48":4.0,"49":4.0},"compression_time":{"0":0.0695443153,"1":0.0793128014,"2":0.0793244839,"3":0.0797271729,"4":0.1219813824,"5":0.1082439423,"6":0.1301288605,"7":0.0779993534,"8":0.0951473713,"9":0.0759487152,"10":0.0768957138,"11":0.0774819851,"12":0.1187186241,"13":0.090408802,"14":0.0786619186,"15":0.1165413857,"16":0.0790941715,"17":0.0799465179,"18":0.1356492043,"19":0.0787062645,"20":0.1191394329,"21":0.1274776459,"22":0.0781371593,"23":0.0776424408,"24":0.1223151684,"25":0.0770599842,"26":0.0842416286,"27":0.0797576904,"28":0.1266860962,"29":0.0665216446,"30":0.1005630493,"31":0.0775871277,"32":0.0775914192,"33":0.079916954,"34":0.0801663399,"35":0.0872502327,"36":0.0798442364,"37":0.123593092,"38":0.0696992874,"39":0.0843303204,"40":0.0776381493,"41":0.0772211552,"42":0.0834889412,"43":0.1086964607,"44":0.1290619373,"45":0.0931248665,"46":0.1012041569,"47":0.0702984333,"48":0.0916185379,"49":0.0924389362},"decompression_time":{"0":1.003152132,"1":0.9712634087,"2":0.923345089,"3":1.00608778,"4":0.9266057014,"5":0.9185056686,"6":0.9277191162,"7":0.9193267822,"8":0.9643335342,"9":1.0344352722,"10":0.9197745323,"11":0.9237806797,"12":0.923374176,"13":0.9238665104,"14":0.9218263626,"15":0.9349639416,"16":1.0667648315,"17":0.9417674541,"18":0.9289839268,"19":0.9366261959,"20":0.935806036,"21":0.9785313606,"22":0.9439086914,"23":0.9231922626,"24":0.9238128662,"25":0.9281849861,"26":0.9246146679,"27":0.9631295204,"28":0.9316034317,"29":0.9240031242,"30":0.9246213436,"31":0.9954881668,"32":1.0241429806,"33":0.932600975,"34":0.9267144203,"35":0.9750714302,"36":1.0153007507,"37":0.9262890816,"38":0.9238467216,"39":0.9783027172,"40":0.9259352684,"41":0.9231359959,"42":0.9321222305,"43":0.9543824196,"44":0.9294257164,"45":0.9309563637,"46":0.9310007095,"47":0.9802443981,"48":0.9799458981,"49":0.9235477448}}