{"compression_rate":{"0":4.0,"1":4.0,"2":4.0,"3":4.0,"4":4.0,"5":4.0,"6":4.0,"7":4.0,"8":4.0,"9":4.0,"10":4.0,"11":4.0,"12":4.0,"13":4.0,"14":4.0,"15":4.0,"16":4.0,"17":4.0,"18":4.0,"19":4.0,"20":4.0,"21":4.0,"22":4.0,"23":4.0,"24":4.0,"25":4.0,"26":4.0,"27":4.0,"28":4.0,"29":4.0,"30":4.0,"31":4.0,"32":4.0,"33":4.0,"34":4.0,"35":4.0,"36":4.0,"37":4.0,"38":4.0,"39":4.0,"40":4.0,"41":4.0,"42":4.0,"43":4.0,"44":4.0,"45":4.0,"46":4.0,"47":4.0,"48":4.0,"49":4.0},"compression_time":{"0":0.1791117191,"1":0.296831131,"2":0.1726801395,"3":0.0822603703,"4":0.2329237461,"5":0.0807971954,"6":0.4453418255,"7":0.3258874416,"8":0.1279380322,"9":0.0777688026,"10":0.1800570488,"11":0.1361250877,"12":0.4487085342,"13":0.3543031216,"14":0.1090209484,"15":0.0815281868,"16":0.199747324,"17":0.1079428196,"18":0.4515538216,"19":0.0846962929,"20":0.1033406258,"21":0.0814394951,"22":0.079662323,"23":0.0804486275,"24":0.424497366,"25":0.3733046055,"26":0.1262075901,"27":0.0792763233,"28":0.0801875591,"29":0.0805506706,"30":0.4498512745,"31":0.0909116268,"32":0.0586493015,"33":0.0802328587,"34":0.0846259594,"35":0.0813159943,"36":0.3567774296,"37":0.3852760792,"38":0.1694340706,"39":0.0804581642,"40":0.0807356834,"41":0.0806715488,"42":0.4649169445,"43":0.3466310501,"44":0.1449186802,"45":0.0764095783,"46":0.1111216545,"47":0.0930762291,"48":0.4059598446,"49":0.312693119},"decompression_time":{"0":1.1861186028,"1":0.9278612137,"2":0.9230043888,"3":0.9359455109,"4":0.9024033546,"5":0.9714324474,"6":0.9495077133,"7":0.9143579006,"8":0.9006664753,"9":0.9003853798,"10":0.9115667343,"11":0.9383804798,"12":0.9006481171,"13":0.9113821983,"14":0.9448227882,"15":0.9082465172,"16":0.9235916138,"17":0.9155061245,"18":0.9241116047,"19":1.1487402916,"20":0.9724156857,"21":0.9485161304,"22":1.0227172375,"23":1.0027678013,"24":0.9102573395,"25":0.9401724339,"26":1.0856664181,"27":0.9124705791,"28":1.0861968994,"29":1.0807652473,"30":0.9288375378,"31":1.1734867096,"32":1.1304924488,"33":0.9396471977,"34":1.0451374054,"35":0.9795050621,"36":0.9193320274,"37":0.9462134838,"38":1.0299696922,"39":0.9654855728,"40":0.9208705425,"41":0.9195101261,"42":0.9282619953,"43":0.9196288586,"44":0.9726781845,"45":0.9295222759,"46":0.9557883739,"47":0.9611010551,"48":0.9790432453,"49":0.9189326763}}