{"psnr":{"0":174.3948094774,"1":175.1798341574,"2":175.9835807395,"3":176.7489159343,"4":176.892984421,"5":177.8303260547,"6":178.6905541092,"7":178.5592195874,"8":178.4270806623,"9":177.1641005831,"10":177.4114173201,"11":176.8200474455,"12":175.8796564055,"13":174.9681034482,"14":174.9734035298,"15":175.3269968495,"16":175.7594515068,"17":176.4948471935,"18":177.7802335652,"19":178.3934727213,"20":178.3220681007,"21":177.8403584858,"22":176.4829986282,"23":176.6130040715,"24":175.8685658644,"25":174.2317743516,"26":173.8070987124,"27":173.7443856373,"28":174.2317603685,"29":174.0037153926,"30":174.8268819257,"31":175.8528029803,"32":176.6549638485,"33":176.8280310385,"34":176.1278481634,"35":175.3299138373,"36":174.0595092549,"37":174.3197781258,"38":173.9922352961,"39":172.9904862589,"40":171.7058452464,"41":171.7121276273,"42":172.0380544464,"43":172.0432640036,"44":171.9386394595,"45":172.0279996498,"46":171.7607093152,"47":167.4823066112,"48":167.641088163,"49":168.2448501659},"hsnr_0.1":{"0":154.4027012691,"1":155.1831596276,"2":155.9904747094,"3":156.7559120658,"4":156.8959136112,"5":157.8369234273,"6":158.6965034418,"7":158.5653728168,"8":158.4311318915,"9":157.1687739449,"10":157.4167800891,"11":156.8251131298,"12":155.8847338906,"13":154.9713210575,"14":154.9812155726,"15":155.3315087412,"16":155.7657658491,"17":156.5030513941,"18":157.7860793314,"19":158.3972274609,"20":158.3263977013,"21":157.8443830847,"22":156.4868959864,"23":156.616784869,"24":155.8745410735,"25":154.2370395099,"26":153.812039789,"27":153.7503905785,"28":154.2353689916,"29":154.0056102846,"30":154.8315900502,"31":155.8564175752,"32":156.6611400248,"33":156.8336187478,"34":156.1337951059,"35":155.3328459318,"36":154.0625310714,"37":154.3219739853,"38":153.9958026724,"39":152.9937030821,"40":151.7085059825,"41":151.7143738516,"42":152.0414194149,"43":152.045048626,"44":151.9411914655,"45":152.0307677009,"46":151.7643664824,"47":147.4833944513,"48":147.6419655444,"49":148.2457557474}}