{"psnr":{"0":76.1214877861,"1":76.2130610863,"2":76.4360774723,"3":76.6876202463,"4":76.8925344094,"5":77.0356391726,"6":77.1215635867,"7":77.1637383797,"8":77.1685868313,"9":77.1288003045,"10":77.028154182,"11":76.8604482128,"12":76.6562678579,"13":76.4913006565,"14":76.4654978362,"15":76.5997524631,"16":76.8084665953,"17":76.9969025877,"18":77.1242546571,"19":77.1978987215,"20":77.2251526858,"21":77.2065020455,"22":77.1244942544,"23":76.9610218458,"24":76.7217288955,"25":76.4653851664,"26":76.286180706,"27":76.2780041726,"28":76.418441694,"29":76.6032685483,"30":76.7654609121,"31":76.893664275,"32":76.9740638696,"33":76.9952369843,"34":76.948795976,"35":76.8333819368,"36":76.6639580668,"37":76.4818542792,"38":76.343580692,"39":76.2925099387,"40":76.3199489879,"41":76.3970391332,"42":76.5055098782,"43":76.6392051878,"44":76.7716246488,"45":76.8630890005,"46":76.8909144876,"47":76.8507686037,"48":76.7617700743,"49":76.658875494},"hsnr_0.1":{"0":56.1795165247,"1":56.2715300732,"2":56.4954058205,"3":56.7479660385,"4":56.9537909837,"5":57.0977808377,"6":57.1842204043,"7":57.2265873136,"8":57.2313701348,"9":57.1912627429,"10":57.0900268929,"11":56.9212179485,"12":56.7161086125,"13":56.5505738867,"14":56.5247264251,"15":56.6593346683,"16":56.8689720024,"17":57.0588038182,"18":57.1868282715,"19":57.2608426361,"20":57.2879927417,"21":57.2692136376,"22":57.1868306446,"23":57.0226112324,"24":56.7820112494,"25":56.5247760575,"26":56.3449160285,"27":56.3366093575,"28":56.4775138443,"29":56.6629408945,"30":56.8255622528,"31":56.9547152875,"32":57.0355590817,"33":57.0567245664,"34":57.0101024382,"35":56.8943368938,"36":56.7242071954,"37":56.5411034102,"38":56.4020949913,"39":56.3508886575,"40":56.3783620188,"41":56.4556654264,"42":56.5642203245,"43":56.6984557483,"44":56.8318141722,"45":56.9235612942,"46":56.9515550009,"47":56.9113648296,"48":56.8221181008,"49":56.7188566197}}