{"psnr":{"0":126.7182074774,"1":149.7476273114,"2":155.0114860095,"3":159.6220676986,"4":160.6658205375,"5":160.0325582881,"6":157.1620864417,"7":156.4220893564,"8":150.7776866676,"9":149.6554208691,"10":149.5555771804,"11":147.0357466708,"12":146.3445541404,"13":144.2157801168,"14":141.9895939052,"15":143.3284977695,"16":143.6663376329,"17":145.1003948805,"18":146.4589969463,"19":148.137213148,"20":147.8839290448,"21":147.4903708137,"22":148.3368705005,"23":148.6640967034,"24":147.526005419,"25":147.2578189085,"26":146.4607693451,"27":145.9072514351,"28":144.6156281657,"29":143.1659191897,"30":143.9830717314,"31":144.7991843386,"32":145.8466377374,"33":146.6689192349,"34":146.3416941288,"35":145.7512111386,"36":145.6214046807,"37":145.8193456996,"38":146.488299991,"39":143.495977446,"40":143.7792677106,"41":144.0817035125,"42":143.5099330772,"43":142.2816962715,"44":140.6923698157,"45":140.7009318864,"46":142.3830470625,"47":143.8111060461,"48":145.6316559545,"49":147.13822854},"hsnr_0.1":{"0":106.7410092936,"1":129.8032986058,"2":135.0869887721,"3":139.6558821822,"4":140.6781894297,"5":140.0449454806,"6":137.2465003691,"7":136.4325846881,"8":130.8475931509,"9":129.7257932053,"10":129.6187165009,"11":127.1501680727,"12":126.3592949654,"13":124.2219215982,"14":122.0664868929,"15":123.3876067335,"16":123.7328965642,"17":125.1921726397,"18":126.5213465371,"19":128.2231852097,"20":127.9763024687,"21":127.5801067897,"22":128.4400460974,"23":128.7309258811,"24":127.5846384226,"25":127.3340642182,"26":126.528090122,"27":125.9799942105,"28":124.7312739763,"29":123.2496845668,"30":124.0449304171,"31":124.8831803213,"32":125.914733671,"33":126.7260603414,"34":126.4516247703,"35":125.8305251819,"36":125.6939464886,"37":125.8695351355,"38":126.5605273171,"39":123.5776322631,"40":123.8008512907,"41":124.1288528159,"42":123.5579971322,"43":122.3281743924,"44":120.7316076255,"45":120.7799193659,"46":122.4651377309,"47":123.8941236501,"48":125.7291746077,"49":127.1963638335}}