{"compression_rate":{"0":4.0,"1":4.0,"2":4.0,"3":4.0,"4":4.0,"5":4.0,"6":4.0,"7":4.0,"8":4.0,"9":4.0,"10":4.0,"11":4.0,"12":4.0,"13":4.0,"14":4.0,"15":4.0,"16":4.0,"17":4.0,"18":4.0,"19":4.0,"20":4.0,"21":4.0,"22":4.0,"23":4.0,"24":4.0,"25":4.0,"26":4.0,"27":4.0,"28":4.0,"29":4.0,"30":4.0,"31":4.0,"32":4.0,"33":4.0,"34":4.0,"35":4.0,"36":4.0,"37":4.0,"38":4.0,"39":4.0,"40":4.0,"41":4.0,"42":4.0,"43":4.0,"44":4.0,"45":4.0,"46":4.0,"47":4.0,"48":4.0,"49":4.0},"compression_time":{"0":0.2004938126,"1":0.0827059746,"2":0.065829277,"3":0.0637903214,"4":0.0615086555,"5":0.0726363659,"6":0.115521431,"7":0.3185713291,"8":0.2337853909,"9":0.0935173035,"10":0.1171677113,"11":0.1098330021,"12":0.2012863159,"13":0.1284422874,"14":0.1441295147,"15":0.1474440098,"16":0.0882310867,"17":0.1526939869,"18":0.0583562851,"19":0.3460330963,"20":0.1595327854,"21":0.1377956867,"22":0.0733551979,"23":0.0654349327,"24":0.2535481453,"25":0.2801506519,"26":0.0729296207,"27":0.1240873337,"28":0.0643904209,"29":0.2192394733,"30":0.2361359596,"31":0.312179327,"32":0.2025761604,"33":0.136370182,"34":0.1223275661,"35":0.2180931568,"36":0.231066227,"37":0.3067800999,"38":0.0717511177,"39":0.1583197117,"40":0.1277852058,"41":0.1713254452,"42":0.2751948833,"43":0.34313941,"44":0.2313373089,"45":0.1179924011,"46":0.1215968132,"47":0.2031886578,"48":0.2062470913,"49":0.275583744},"decompression_time":{"0":1.1041517258,"1":1.2414140701,"2":1.1231060028,"3":1.1274528503,"4":1.0183053017,"5":1.1043128967,"6":1.1546669006,"7":0.9446997643,"8":0.9322459698,"9":0.9215960503,"10":0.9185636044,"11":0.9268834591,"12":0.9248244762,"13":0.9255278111,"14":0.9196400642,"15":0.9269711971,"16":0.9460399151,"17":0.9170207977,"18":1.2275657654,"19":0.9299345016,"20":0.9161422253,"21":0.9739398956,"22":0.9613192081,"23":0.9152209759,"24":0.9277327061,"25":0.9154109955,"26":1.1164062023,"27":1.0321502686,"28":1.0429587364,"29":0.9700279236,"30":0.9925267696,"31":0.917249918,"32":0.9182057381,"33":0.9123222828,"34":0.9111554623,"35":0.9287354946,"36":0.9724063873,"37":0.9234972,"38":1.0586190224,"39":1.0455656052,"40":0.9623813629,"41":0.9579718113,"42":0.9678075314,"43":0.9184904099,"44":0.9293444157,"45":0.9744412899,"46":0.9182956219,"47":0.9351058006,"48":0.9102814198,"49":1.037602663}}