{"compression_rate":{"0":114.311,"1":53.0877,"2":81.9479,"3":95.2431,"4":92.8278,"5":92.5476,"6":93.9434,"7":89.8961,"8":84.0742,"9":83.3368,"10":81.2781,"11":78.44,"12":75.0379,"13":73.3055,"14":72.3361,"15":73.7068,"16":76.2096,"17":87.163,"18":84.1434,"19":84.8654,"20":85.3861,"21":86.1188,"22":85.9173,"23":85.9921,"24":85.8486,"25":85.9108,"26":81.9743,"27":76.1824,"28":75.0603,"29":74.2905,"30":74.305,"31":75.7558,"32":78.2735,"33":84.3817,"34":90.7601,"35":91.9876,"36":91.1916,"37":85.6315,"38":79.7123,"39":77.5785,"40":77.0279,"41":76.2103,"42":76.5588,"43":76.4964,"44":77.4353,"45":78.7413,"46":79.7969,"47":80.5278,"48":81.9117,"49":83.0033},"compression_time":{"0":20.7753620148,"1":48.0975530148,"2":55.1680335999,"3":52.5830161572,"4":51.770093441,"5":53.5392847061,"6":57.1567986012,"7":30.1395242214,"8":47.0054302216,"9":55.322688818,"10":54.3349406719,"11":48.2117772102,"12":55.4587903023,"13":60.6833782196,"14":54.619440794,"15":23.9676134586,"16":50.5426666737,"17":51.8766825199,"18":59.3741409779,"19":61.1425094604,"20":54.543435812,"21":49.795753479,"22":21.4827878475,"23":46.7018663883,"24":56.5961327553,"25":59.1065294743,"26":43.5012614727,"27":36.1118059158,"28":48.3334012032,"29":52.4573175907,"30":22.1018152237,"31":41.4834604263,"32":57.1831424236,"33":53.2855122089,"34":55.9174656868,"35":47.3403418064,"36":59.9451117516,"37":59.3212985992,"38":57.0350418091,"39":50.5260550976,"40":51.9326341152,"41":15.1995258331,"42":23.4257740974,"43":40.8095636368,"44":54.9175579548,"45":53.1757180691,"46":53.936442852,"47":50.7937436104,"48":59.8825285435,"49":58.10769701},"decompression_time":{"0":4.2077822685,"1":7.048874855,"2":5.6478390694,"3":5.4301493168,"4":5.9185583591,"5":7.5619397163,"6":6.0117497444,"7":7.3885114193,"8":6.4727907181,"9":4.2436394691,"10":6.2317266464,"11":2.3818035126,"12":3.8372321129,"13":5.2748818398,"14":7.5075831413,"15":4.9461369514,"16":3.5019321442,"17":2.3396992683,"18":8.0523250103,"19":5.2469294071,"20":5.2294142246,"21":6.6203122139,"22":4.5746731758,"23":2.3070213795,"24":5.150408268,"25":5.450480938,"26":6.884042263,"27":5.6147248745,"28":5.5831270218,"29":2.3158712387,"30":5.4471664429,"31":7.0724959373,"32":5.6470892429,"33":5.1090171337,"34":6.1763181686,"35":5.8826704025,"36":7.8876802921,"37":5.8198373318,"38":5.0180046558,"39":6.7684216499,"40":6.6810774803,"41":1.8980851173,"42":6.2824375629,"43":5.8633408546,"44":5.5903868675,"45":4.4377245903,"46":7.1470074654,"47":8.017739296,"48":7.7747855186,"49":5.9962160587}}