{"compression_rate":{"0":8.0,"1":8.0,"2":8.0,"3":8.0,"4":8.0,"5":8.0,"6":8.0,"7":8.0,"8":8.0,"9":8.0,"10":8.0,"11":8.0,"12":8.0,"13":8.0,"14":8.0,"15":8.0,"16":8.0,"17":8.0,"18":8.0,"19":8.0,"20":8.0,"21":8.0,"22":8.0,"23":8.0,"24":8.0,"25":8.0,"26":8.0,"27":8.0,"28":8.0,"29":8.0,"30":8.0,"31":8.0,"32":8.0,"33":8.0,"34":8.0,"35":8.0,"36":8.0,"37":8.0,"38":8.0,"39":8.0,"40":8.0,"41":8.0,"42":8.0,"43":8.0,"44":8.0,"45":8.0,"46":8.0,"47":8.0,"48":8.0,"49":8.0},"compression_time":{"0":0.2079954147,"1":0.0958588123,"2":0.0648515224,"3":0.1189215183,"4":0.108590126,"5":0.0683898926,"6":0.0671961308,"7":0.0470161438,"8":0.088373661,"9":0.0764870644,"10":0.0899097919,"11":0.0622282028,"12":0.0750813484,"13":0.0610451698,"14":0.0708560944,"15":0.0631272793,"16":0.0426998138,"17":0.0587940216,"18":0.1262381077,"19":0.1413748264,"20":0.0981180668,"21":0.0991847515,"22":0.0830669403,"23":0.0767614841,"24":0.0669634342,"25":0.0654380322,"26":0.0928092003,"27":0.0596930981,"28":0.0562627316,"29":0.0676779747,"30":0.0514919758,"31":0.0577769279,"32":0.0870654583,"33":0.1078329086,"34":0.0777289867,"35":0.0602564812,"36":0.1807219982,"37":0.0595014095,"38":0.0583181381,"39":0.0563352108,"40":0.0649728775,"41":0.0480732918,"42":0.1767616272,"43":0.1237170696,"44":0.0815961361,"45":0.1135702133,"46":0.0627288818,"47":0.0588395596,"48":0.2117938995,"49":0.0953605175},"decompression_time":{"0":0.618666172,"1":0.6123445034,"2":0.6163012981,"3":0.6123914719,"4":0.6289591789,"5":0.616979599,"6":0.6138994694,"7":0.6118168831,"8":0.6410911083,"9":0.6151237488,"10":0.6133861542,"11":0.610522747,"12":0.7581017017,"13":0.6143629551,"14":0.6866576672,"15":0.6227719784,"16":0.6120345592,"17":0.6171927452,"18":0.7440018654,"19":0.6135568619,"20":0.6163880825,"21":0.6136238575,"22":0.6271417141,"23":0.6117250919,"24":0.7585780621,"25":0.701280117,"26":0.6504426003,"27":0.6129920483,"28":0.6116387844,"29":0.6115326881,"30":0.6191968918,"31":0.6517760754,"32":0.6667404175,"33":0.6103918552,"34":0.6157648563,"35":0.6091458797,"36":0.6403357983,"37":0.7261288166,"38":0.6471431255,"39":0.7200083733,"40":0.6363170147,"41":0.6130216122,"42":0.6829731464,"43":0.6179029942,"44":0.6479449272,"45":0.6117339134,"46":0.6103930473,"47":0.6104917526,"48":0.6115243435,"49":0.6182208061}}