{"psnr":{"0":148.3107216696,"1":148.1597589554,"2":147.9860923594,"3":147.7077823349,"4":147.278920855,"5":146.7077430499,"6":146.3162996976,"7":146.1979179717,"8":146.5013225406,"9":145.7050272642,"10":147.4906236071,"11":147.9060526621,"12":148.1043057011,"13":148.2256279034,"14":148.2881833315,"15":148.311238612,"16":148.2636696214,"17":148.1087180218,"18":147.7994781227,"19":147.5281874804,"20":147.2678882878,"21":147.1350136189,"22":147.1836815765,"23":147.2780194168,"24":147.5283988768,"25":147.6745216764,"26":147.8741582602,"27":148.0499990545,"28":148.1499487033,"29":148.1709271347,"30":148.0768777916,"31":147.8705338182,"32":147.6096292206,"33":147.1295595764,"34":146.7916322196,"35":146.4156035641,"36":146.2205867448,"37":146.263884962,"38":146.5234449905,"39":146.8664903056,"40":147.2827216348,"41":147.6325482727,"42":147.8804474857,"43":147.9743920337,"44":147.9315123786,"45":147.7810180976,"46":147.5493196446,"47":147.1583747782,"48":146.8466660186,"49":146.5456412652},"hsnr_0.1":{"0":128.3107335844,"1":128.159771003,"2":127.9861049265,"3":127.707795499,"4":127.2789335215,"5":126.7077683439,"6":126.3163137146,"7":126.1979303599,"8":126.5013351981,"9":125.7052400125,"10":127.4906376074,"11":127.9060649545,"12":128.1043180463,"13":128.2256391101,"14":128.2881947589,"15":128.3112483486,"16":128.2636825223,"17":128.1087302226,"18":127.7994911675,"19":127.5282039433,"20":127.2678996939,"21":127.135024237,"22":127.1836931574,"23":127.2780442208,"24":127.528414194,"25":127.6745381461,"26":127.8741710911,"27":128.0500092465,"28":128.1499592391,"29":128.1709389258,"30":128.0768898966,"31":127.8705471794,"32":127.6096438854,"33":127.1295884037,"34":126.7916455964,"35":126.4156163685,"36":126.2206031644,"37":126.2638966174,"38":126.5234564335,"39":126.8665175576,"40":127.282736178,"41":127.6325595294,"42":127.8804619555,"43":127.9744069478,"44":127.9315252208,"45":127.7810291443,"46":127.5493360251,"47":127.1584040468,"48":126.8466797167,"49":126.54565451}}