{"compression_rate":{"0":3.2385078905,"1":3.2357791893,"2":3.234214785,"3":3.2331083487,"4":3.2318847401,"5":3.2291997842,"6":3.2260505913,"7":3.2232860091,"8":3.2215613859,"9":3.2190901179,"10":3.2171383833,"11":3.2150897155,"12":3.2133900286,"13":3.2119734087,"14":3.2110980356,"15":3.2108731526,"16":3.2112278917,"17":3.2109841181,"18":3.2103932963,"19":3.2105938857,"20":3.211177911,"21":3.2110689704,"22":3.2104922294,"23":3.2103803924,"24":3.210519322,"25":3.210275656,"26":3.2100095446,"27":3.2096331256,"28":3.2088883929,"29":3.2087033191,"30":3.2089183233,"31":3.209309506,"32":3.2097589408,"33":3.2099304818,"34":3.2098712626,"35":3.2098703574,"36":3.2091433096,"37":3.2085593456,"38":3.207696379,"39":3.2067075376,"40":3.2059890709,"41":3.2054594408,"42":3.2046624288,"43":3.2038372545,"44":3.2033550659,"45":3.2031486942,"46":3.2029313828,"47":3.2029678873,"48":3.2035329861,"49":3.2039792261},"compression_time":{"0":9.3469796181,"1":9.3112494946,"2":9.3256726265,"3":9.3531560898,"4":9.3681526184,"5":9.3727281094,"6":9.3631682396,"7":9.3607580662,"8":9.3907699585,"9":9.4043719769,"10":9.4162275791,"11":9.410667181,"12":9.5475449562,"13":9.4996612072,"14":9.4885559082,"15":9.4757244587,"16":9.4870784283,"17":9.5282244682,"18":9.5779657364,"19":9.5592460632,"20":9.5003604889,"21":9.4827022552,"22":9.4872810841,"23":9.4817154408,"24":9.5096914768,"25":9.5206615925,"26":9.4742658138,"27":9.4863810539,"28":9.4801998138,"29":9.4804646969,"30":9.5756509304,"31":9.5563149452,"32":9.519200325,"33":9.540674448,"34":9.6286435127,"35":9.5632445812,"36":9.625854969,"37":9.5428464413,"38":9.5698039532,"39":9.5162317753,"40":9.5894038677,"41":9.5426332951,"42":9.5477762222,"43":9.5762672424,"44":9.5324072838,"45":9.5605466366,"46":9.5137591362,"47":9.4989907742,"48":9.5880281925,"49":9.5952835083},"decompression_time":{"0":1.7351682186,"1":1.7336332798,"2":1.7354447842,"3":1.7329692841,"4":1.7373337746,"5":1.7324471474,"6":1.7238726616,"7":1.748875618,"8":1.7463788986,"9":1.7405872345,"10":1.7393491268,"11":1.7183351517,"12":1.7405273914,"13":1.7545397282,"14":1.7615685463,"15":1.7489256859,"16":1.7377896309,"17":1.7424757481,"18":1.7561321259,"19":1.7670662403,"20":1.7467050552,"21":1.7442042828,"22":1.7648751736,"23":1.7418429852,"24":1.7928996086,"25":1.742610693,"26":1.729118824,"27":1.7362029552,"28":1.7379133701,"29":1.7370767593,"30":1.8307361603,"31":1.7711253166,"32":1.7420260906,"33":1.7701144218,"34":1.7747449875,"35":1.761295557,"36":1.7436072826,"37":1.7431738377,"38":1.7431194782,"39":1.7507140636,"40":1.7428283691,"41":1.7425680161,"42":1.7821862698,"43":1.7492280006,"44":1.7432088852,"45":1.7409729958,"46":1.7355237007,"47":1.7329268456,"48":1.790681839,"49":1.7921252251}}