{"psnr":{"0":66.448749479,"1":66.4820028141,"2":66.563062687,"3":66.6334061895,"4":66.6689845354,"5":66.6758736714,"6":66.7078833423,"7":66.7810630533,"8":66.8795547624,"9":67.0465835261,"10":67.137532322,"11":67.1294743474,"12":67.0456820785,"13":66.955625936,"14":66.9564324567,"15":66.9985286911,"16":67.0963864126,"17":67.2216181931,"18":67.372421537,"19":67.561635683,"20":67.7680389819,"21":67.9400118929,"22":68.0617368668,"23":68.092042995,"24":68.0446791491,"25":67.9755283631,"26":67.8660574458,"27":67.7891781648,"28":67.7528158685,"29":67.8174643721,"30":67.8957634155,"31":67.9678997913,"32":68.0419290825,"33":68.0947893198,"34":68.1287140351,"35":68.1647791475,"36":68.1728803359,"37":68.1744667353,"38":68.1329805492,"39":68.1104470372,"40":68.0746223437,"41":68.0368323536,"42":67.9879865147,"43":67.9494989591,"44":67.8960133733,"45":67.8541970148,"46":67.824891042,"47":67.7767571187,"48":67.7166381216,"49":67.6304003406},"hsnr_0.1":{"0":62.334107766,"1":62.6046597329,"2":62.9136427917,"3":63.1046418933,"4":63.0918697407,"5":62.9766721011,"6":62.8272540069,"7":62.8099275402,"8":62.8376867913,"9":62.9607843433,"10":62.9035805907,"11":62.6243152047,"12":62.1531272226,"13":61.5412290384,"14":60.9894185178,"15":60.5471667648,"16":60.4110902482,"17":60.5488359965,"18":60.901395484,"19":61.3968338724,"20":62.0003757257,"21":62.5440027901,"22":62.9831356857,"23":63.2194371946,"24":63.2034873273,"25":63.0386376826,"26":62.7583017508,"27":62.3672725024,"28":61.9310481677,"29":61.6521880663,"30":61.4470563693,"31":61.4474396209,"32":61.5570143635,"33":61.7370888532,"34":61.9344238745,"35":62.0854482571,"36":62.1381947773,"37":62.0611541071,"38":61.8937080046,"39":61.6918227577,"40":61.4700469562,"41":61.2217640656,"42":60.9193533393,"43":60.5968153765,"44":60.2471798139,"45":60.0033645778,"46":59.9315911415,"47":59.9419371139,"48":60.0031033343,"49":60.0311543171}}