{"psnr":{"0":130.298593395,"1":130.5072549132,"2":130.7844745106,"3":131.0022930662,"4":131.1031312322,"5":131.099498353,"6":131.1098663582,"7":131.1760075453,"8":131.3140479254,"9":131.5298332172,"10":131.6133290455,"11":131.5360384921,"12":131.3165031675,"13":131.0473731564,"14":130.8600739204,"15":130.791341631,"16":130.8677359199,"17":131.0944945894,"18":131.3842590114,"19":131.7527137072,"20":132.111474575,"21":132.4379315089,"22":132.6721628373,"23":132.7471855993,"24":132.7039641535,"25":132.5964292695,"26":132.4283806888,"27":132.2671338386,"28":132.1637295186,"29":132.1480805872,"30":132.2052044712,"31":132.3166877059,"32":132.4688317842,"33":132.597397795,"34":132.6981874732,"35":132.7753450829,"36":132.8013425171,"37":132.7876840422,"38":132.7168802347,"39":132.6773684029,"40":132.598921709,"41":132.4974069484,"42":132.4168305774,"43":132.3174805203,"44":132.2021293705,"45":132.1185959115,"46":132.0750937539,"47":132.0374911231,"48":132.0067145653,"49":131.9260527929},"hsnr_0.1":{"0":110.2998964788,"1":110.5084591589,"2":110.7855765294,"3":111.0033746232,"4":111.1041700405,"5":111.1004097832,"6":111.1107040057,"7":111.1767581704,"8":111.3147544259,"9":111.5304709499,"10":111.6140371115,"11":111.5368036517,"12":111.317325305,"13":111.0478278662,"14":110.8605106217,"15":110.791866505,"16":110.8682529656,"17":111.0949438923,"18":111.3846606606,"19":111.7530696258,"20":112.1119509692,"21":112.4383380731,"22":112.6724772139,"23":112.7474736654,"24":112.7042429251,"25":112.5967387896,"26":112.4287305258,"27":112.2674151439,"28":112.1640195992,"29":112.1483814981,"30":112.2055335959,"31":112.3170212521,"32":112.4691055118,"33":112.5976471568,"34":112.6984666524,"35":112.7756779237,"36":112.8017229373,"37":112.7880629903,"38":112.7172354404,"39":112.6776986004,"40":112.5992929241,"41":112.4977894711,"42":112.4172561788,"43":112.3179397962,"44":112.2025590513,"45":112.119000114,"46":112.0754622591,"47":112.0378476726,"48":112.0070757949,"49":111.9263657215}}