{"psnr":{"0":78.4880350603,"1":84.9531624988,"2":90.0640015516,"3":94.6788226989,"4":95.429066756,"5":93.781013913,"6":89.3151379149,"7":88.293988951,"8":82.1350394406,"9":82.0421231386,"10":83.3310875257,"11":80.9283966031,"12":80.4774011059,"13":78.2906723144,"14":75.4668610616,"15":77.3168289659,"16":77.2853672563,"17":77.7254120733,"18":78.5790809671,"19":79.4583514212,"20":79.0829027514,"21":79.0286076945,"22":79.7396582629,"23":80.2708997507,"24":79.1882012833,"25":78.9568479477,"26":78.7046815059,"27":78.5363396836,"28":77.2313124499,"29":76.0711929239,"30":77.1549571196,"31":77.4059369825,"32":77.9858688001,"33":78.69684625,"34":77.9295413132,"35":77.146656878,"36":77.1599575046,"37":77.7098245406,"38":78.5046504248,"39":75.6839549949,"40":77.1274199623,"41":77.8709216021,"42":77.7966709101,"43":76.8173758966,"44":74.8901249501,"45":74.4151821768,"46":75.3295320657,"47":76.2015598026,"48":77.6782644956,"49":79.7193136916},"hsnr_0.1":{"0":69.8035380867,"1":72.6544511869,"2":75.279606861,"3":79.0608418625,"4":79.0757139097,"5":78.0599292529,"6":74.3993205703,"7":74.3771671493,"8":69.8492360825,"9":70.0149935468,"10":70.0534841091,"11":69.3747854929,"12":69.2396734159,"13":67.5461527495,"14":65.6910313645,"15":65.6626508968,"16":66.5946733709,"17":66.9228390047,"18":67.6436961467,"19":69.1276662584,"20":68.9583208012,"21":68.975266019,"22":69.6047427956,"23":69.016338089,"24":68.6373432674,"25":68.4744841633,"26":68.5198582007,"27":68.3110998675,"28":67.5898267562,"29":65.4288434306,"30":65.6421340445,"31":66.4546344458,"32":66.662478721,"33":67.2659634038,"34":67.5270695334,"35":67.5605638263,"36":67.3632764867,"37":67.5797339248,"38":67.8782965772,"39":66.4328939602,"40":66.4270773004,"41":66.9745076711,"42":67.1996852533,"43":66.4345790874,"44":65.5863997099,"45":65.3193459646,"46":65.9106790322,"47":66.8604591001,"48":66.9165036244,"49":68.0350624204}}