{"psnr":{"0":125.1744790532,"1":125.3684207898,"2":125.8084804674,"3":126.3324498727,"4":126.777952441,"5":127.0815206207,"6":127.2516756619,"7":127.3270369556,"8":127.300508081,"9":127.1622757336,"10":126.8986538523,"11":126.5563729647,"12":126.1210554355,"13":125.7824701375,"14":125.7256205735,"15":126.0002793497,"16":126.4472841203,"17":126.8690971357,"18":127.1737060065,"19":127.3529690128,"20":127.425271636,"21":127.3816618929,"22":127.1961545613,"23":126.8204262547,"24":126.2810485402,"25":125.7357881505,"26":125.3280149278,"27":125.2270465753,"28":124.7116303444,"29":125.8216362478,"30":126.2080476667,"31":126.5336068073,"32":126.7772260376,"33":126.8565196298,"34":126.7704238986,"35":126.5664789281,"36":126.2454602169,"37":125.8627236569,"38":124.8529983045,"39":125.4222503157,"40":125.4304506495,"41":125.5563160197,"42":125.7622256785,"43":126.0118046816,"44":126.3188897301,"45":126.5399510102,"46":126.663212561,"47":126.6512940391,"48":126.4906710061,"49":126.3027153584},"hsnr_0.1":{"0":105.1746433328,"1":105.3685583925,"2":105.8086317248,"3":106.332585028,"4":106.7781102358,"5":107.0816459662,"6":107.2518283466,"7":107.3271687925,"8":107.3006432257,"9":107.1624113314,"10":106.8988093932,"11":106.5565327649,"12":106.121203232,"13":105.7826016194,"14":105.725760611,"15":106.0004289725,"16":106.4474357228,"17":106.869253374,"18":107.1738539095,"19":107.3530991918,"20":107.4254040444,"21":107.3817853646,"22":107.1963114866,"23":106.8205625717,"24":106.2811667982,"25":105.7359366402,"26":105.3281701472,"27":105.2272016829,"28":104.7118967002,"29":105.8217905603,"30":106.208186418,"31":106.533746231,"32":106.7773860709,"33":106.8566558577,"34":106.7705840503,"35":106.5666145567,"36":106.2456108209,"37":105.8628602987,"38":104.8532258822,"39":105.4224045943,"40":105.430607973,"41":105.556466956,"42":105.7623696931,"43":106.0119485235,"44":106.3190259908,"45":106.5400872903,"46":106.6633515392,"47":106.65143536,"48":106.4908344759,"49":106.3028707086}}