{"psnr":{"0":61.0438581009,"1":61.0635003114,"2":61.1000758245,"3":61.1480542468,"4":61.1802682495,"5":61.190564712,"6":61.184586276,"7":61.1806814729,"8":61.1638849789,"9":61.1423136511,"10":61.1210408378,"11":61.1401400359,"12":61.1135502983,"13":61.0819306335,"14":61.0662044439,"15":61.0904535643,"16":61.1310955371,"17":61.1650352863,"18":61.1863357019,"19":61.1873394555,"20":61.180826333,"21":61.1791279792,"22":61.1959881973,"23":61.1906045308,"24":61.1450577978,"25":61.1086147433,"26":61.049559825,"27":60.9983330336,"28":60.259914435,"29":61.0318206292,"30":61.0709309888,"31":61.0968597548,"32":61.1217440243,"33":61.1199652424,"34":61.1034165093,"35":61.1157921224,"36":61.1204424979,"37":61.0900449645,"38":60.3486136633,"39":61.048549453,"40":61.0382347287,"41":61.032628907,"42":61.0191534068,"43":61.0033006713,"44":61.0418625717,"45":61.0511063086,"46":61.0869342965,"47":61.1025290266,"48":61.0941355778,"49":61.0833780148},"hsnr_0.1":{"0":47.3112388549,"1":47.3661837447,"2":47.4926256271,"3":47.6097994401,"4":47.6692282183,"5":47.6804266581,"6":47.6226261392,"7":47.630880899,"8":47.6476822989,"9":47.6418763696,"10":47.7330560187,"11":47.7491866163,"12":47.6564940182,"13":47.6135026192,"14":47.5857939549,"15":47.6156331261,"16":47.5954342736,"17":47.6576291326,"18":47.6239389428,"19":47.5484269834,"20":47.5495059176,"21":47.6203806235,"22":47.7015507456,"23":47.7698128587,"24":47.7383996294,"25":47.6334692319,"26":47.4595136776,"27":47.3443611607,"28":46.9042425174,"29":47.4766549167,"30":47.45741502,"31":47.4566699789,"32":47.4812072362,"33":47.4558996137,"34":47.4523001168,"35":47.4832434456,"36":47.5091838098,"37":47.3930685549,"38":46.804246813,"39":47.3565156428,"40":47.3894012126,"41":47.4461828936,"42":47.4690597791,"43":47.4814416226,"44":47.5562700053,"45":47.526268626,"46":47.4995739645,"47":47.4684895023,"48":47.4531725168,"49":47.4006808074}}