{"psnr":{"0":75.0505089798,"1":75.1703195904,"2":75.2926902832,"3":75.3824620482,"4":75.4223920538,"5":75.4228036949,"6":75.4108169425,"7":75.4128639947,"8":75.4332602248,"9":75.4565677246,"10":75.4565400498,"11":75.4203725501,"12":75.3494865249,"13":75.2469533114,"14":75.1405792806,"15":75.0661962413,"16":75.0521034049,"17":75.0969598966,"18":75.1751923258,"19":75.2662353076,"20":75.3586839733,"21":75.4418990238,"22":75.506788379,"23":75.5443657905,"24":75.5592727061,"25":75.5553486163,"26":75.5358710017,"27":75.499832647,"28":75.4530210562,"29":75.409206799,"30":75.3888729478,"31":75.4024336023,"32":75.4371025063,"33":75.4800389436,"34":75.5189560004,"35":75.5450068078,"36":75.554490507,"37":75.548640173,"38":75.5353538363,"39":75.5205094672,"40":75.5032041761,"41":75.4811368983,"42":75.4546793594,"43":75.4215833482,"44":75.386281459,"45":75.3608948609,"46":75.3508438168,"47":75.3561018794,"48":75.3677546635,"49":75.3745704878},"hsnr_0.1":{"0":55.0775650142,"1":55.1975084816,"2":55.3199593216,"3":55.4097330352,"4":55.4495942209,"5":55.4498488582,"6":55.4376973079,"7":55.4396346313,"8":55.4599678539,"9":55.4832300278,"10":55.4831406047,"11":55.4468699541,"12":55.3758368407,"13":55.2730957513,"14":55.1665089853,"15":55.0919855301,"16":55.0778576742,"17":55.1228002049,"18":55.201173049,"19":55.2923993391,"20":55.385061908,"21":55.4684879025,"22":55.5335678577,"23":55.5712799857,"24":55.5862665996,"25":55.5823564437,"26":55.5628459001,"27":55.5267071963,"28":55.47974347,"29":55.4357866997,"30":55.4153766106,"31":55.4289635188,"32":55.4637030721,"33":55.5067676878,"34":55.5458147568,"35":55.5719605297,"36":55.5814823494,"37":55.5756043555,"38":55.5622523384,"39":55.5473383915,"40":55.5299291895,"41":55.5077592508,"42":55.4811793434,"43":55.4479457381,"44":55.4125281237,"45":55.3870873819,"46":55.3770603843,"47":55.3823734617,"48":55.394117699,"49":55.40102413}}