{"psnr":{"0":26.8045801433,"1":26.722098995,"2":26.6550323374,"3":26.6255700762,"4":26.6440345181,"5":26.7084473731,"6":26.7869091022,"7":26.8499137334,"8":26.8934246156,"9":26.9311503919,"10":26.9861042328,"11":27.0740650428,"12":27.2030656435,"13":27.3774197672,"14":27.5596760725,"15":27.7033450699,"16":27.7764225154,"17":27.7652716003,"18":27.6964615458,"19":27.6085854046,"20":27.509476506,"21":27.4098087906,"22":27.3266300236,"23":27.284574288,"24":27.2809304861,"25":27.3160301452,"26":27.3760628308,"27":27.4615057346,"28":27.5574047197,"29":27.6353181452,"30":27.6695148625,"31":27.6436415487,"32":27.5896517683,"33":27.5174931244,"34":27.4556742038,"35":27.4168143464,"36":27.4069608239,"37":27.4233475452,"38":27.4514931774,"39":27.4772171655,"40":27.5111156476,"41":27.5447042453,"42":27.5833376391,"43":27.6276657647,"44":27.6692890272,"45":27.690976866,"46":27.6786944274,"47":27.6448513801,"48":27.5918394144,"49":27.5354899064},"hsnr_0.1":{"0":23.6554215568,"1":23.729902736,"2":23.7742043747,"3":23.7880268847,"4":23.7908997965,"5":23.7889853916,"6":23.7939410536,"7":23.8261869055,"8":23.8835722206,"9":23.9463055147,"10":23.9770395471,"11":23.9567744546,"12":23.886648501,"13":23.7668560488,"14":23.6151686052,"15":23.4759413166,"16":23.4138079889,"17":23.4530181635,"18":23.6294863303,"19":23.7897084641,"20":23.942046742,"21":24.0643683367,"22":24.1397937649,"23":24.164576045,"24":24.1403223902,"25":24.0858922996,"26":24.0070248667,"27":23.9251442269,"28":23.8500107126,"29":23.7853449516,"30":23.7499292866,"31":23.7550433823,"32":23.7911219802,"33":23.831795552,"34":23.8663518322,"35":23.8827407731,"36":23.8815950347,"37":23.8610461261,"38":23.8222891053,"39":23.7643035448,"40":23.7002023379,"41":23.6266186743,"42":23.5524826343,"43":23.4752598535,"44":23.3970558548,"45":23.3358822076,"46":23.3000153944,"47":23.2932568025,"48":23.2899257985,"49":23.26786351}}