{"psnr":{"0":141.4004169594,"1":141.4343444916,"2":141.1448676163,"3":140.7133386965,"4":140.1979963274,"5":139.6314139046,"6":138.7488021528,"7":137.8265261676,"8":137.0743497828,"9":136.4490435701,"10":135.4044917536,"11":134.368923466,"12":133.6913384188,"13":133.5117822603,"14":133.5039094831,"15":133.4433062873,"16":133.3916380964,"17":133.2150189424,"18":133.0131434809,"19":132.7809297821,"20":132.5114460695,"21":132.1621048138,"22":131.7951771261,"23":131.2332878504,"24":130.6125881131,"25":129.9739249458,"26":129.2724197259,"27":128.597259018,"28":127.8504530114,"29":126.9898592153,"30":126.0432516437,"31":125.1178994773,"32":124.2255917486,"33":123.3545534809,"34":122.5070582775,"35":121.7753908578,"36":121.0283201486,"37":120.4017851407,"38":119.8616478867,"39":119.3416863898,"40":118.7480122635,"41":118.0975791092,"42":117.2800343965,"43":116.3523292624,"44":115.364235654,"45":114.5409007667,"46":113.7347783739,"47":113.1111809158,"48":112.7574741003,"49":112.6801798355},"hsnr_0.1":{"0":121.4955199359,"1":121.4978751003,"2":121.2067794899,"3":120.7930388797,"4":120.2532840308,"5":119.6841673884,"6":118.8032053403,"7":117.8645069109,"8":117.0983796461,"9":116.4652557699,"10":115.4145510566,"11":114.3785372488,"12":113.6971873556,"13":113.5191386581,"14":113.5130096261,"15":113.4520499212,"16":113.402750965,"17":113.2289753674,"18":113.0281448721,"19":112.7905325948,"20":112.5193944217,"21":112.1720533338,"22":111.7998578925,"23":111.2386999686,"24":110.6208120436,"25":109.9811344217,"26":109.2808162071,"27":108.6036279613,"28":107.8563193611,"29":106.9950526731,"30":106.0479068658,"31":105.1215016654,"32":104.228927654,"33":103.3570193691,"34":102.5091022922,"35":101.7772124449,"36":101.0298891092,"37":100.4035879865,"38":99.86346643,"39":99.3437647499,"40":98.7501501063,"41":98.0999630022,"42":97.2823166888,"43":96.3545467266,"44":95.3662426248,"45":94.5431770387,"46":93.7368505556,"47":93.1131445894,"48":92.7595251193,"49":92.6823570895}}