{"psnr":{"0":74.9034036169,"1":75.1383603324,"2":75.020769157,"3":74.6469527609,"4":74.1030853554,"5":73.4855664339,"6":72.4706576983,"7":71.469205654,"8":70.6404323647,"9":69.9927908067,"10":69.0010521392,"11":68.0886579105,"12":67.5356452204,"13":67.4254715518,"14":67.4441338593,"15":67.4812761502,"16":67.4690238385,"17":67.3312894397,"18":67.1464406057,"19":66.9217618977,"20":66.6470920539,"21":66.2997210753,"22":66.0162519917,"23":65.5340413783,"24":65.0105205787,"25":64.439290592,"26":63.7313456512,"27":63.0314265187,"28":62.2986499143,"29":61.5181406296,"30":60.69602266,"31":59.8933847589,"32":59.0936493936,"33":58.2939406819,"34":57.4997337464,"35":56.8317717387,"36":56.1367990654,"37":55.520045784,"38":54.9520342285,"39":54.377901029,"40":53.7671670851,"41":53.1611608469,"42":52.4895777092,"43":51.7972693901,"44":51.0991445509,"45":50.5682841243,"46":50.0303283265,"47":49.6019099358,"48":49.3465116587,"49":49.2498685996},"hsnr_0.1":{"0":64.8403563687,"1":65.00434571,"2":64.4343816401,"3":63.1318443712,"4":61.8376343859,"5":59.9551494301,"6":57.4836422586,"7":55.3662618629,"8":53.879962677,"9":52.9351768253,"10":51.7059277671,"11":50.7202521818,"12":50.2418742087,"13":50.3490503243,"14":50.6102616135,"15":51.0195985001,"16":51.4692394161,"17":51.9027937709,"18":52.2522460715,"19":52.531292614,"20":52.8653915428,"21":53.2270686923,"22":53.7061439517,"23":54.0292197921,"24":54.2431422924,"25":54.4145497989,"26":54.6282799982,"27":54.8211975818,"28":55.0328849285,"29":55.132923167,"30":55.1240117505,"31":55.0517636209,"32":54.7958072026,"33":54.5437626848,"34":54.2341268708,"35":53.8742479215,"36":53.5444259618,"37":53.1851588057,"38":52.8496109907,"39":52.4499376445,"40":51.94605829,"41":51.3196932983,"42":50.5257761239,"43":49.5865564314,"44":48.5491833176,"45":47.5870417189,"46":46.6204121864,"47":45.8589835078,"48":45.4399399735,"49":45.3721346442}}