{"psnr":{"0":169.9712846092,"1":169.9472690079,"2":170.0441070151,"3":170.1596241218,"4":170.325815168,"5":170.6472978338,"6":171.0720775931,"7":171.5581295758,"8":171.9300390667,"9":172.0759016667,"10":172.0993077417,"11":172.097761046,"12":172.0327176056,"13":172.000074661,"14":171.9638824024,"15":171.9020016197,"16":171.8259051346,"17":171.7619210209,"18":171.7324312218,"19":171.7509508746,"20":171.7915808581,"21":171.8213710614,"22":171.8130660252,"23":171.7665131382,"24":171.6923196553,"25":171.6834682766,"26":171.7813099005,"27":171.5730752819,"28":171.7023956633,"29":171.8502229235,"30":171.9627674366,"31":168.8317299739,"32":169.7806114317,"33":169.7756125184,"34":169.9127930678,"35":169.899481819,"36":172.2435384387,"37":172.1923460487,"38":172.0996764603,"39":172.1397021499,"40":172.1226863158,"41":172.1356186981,"42":172.0938975013,"43":169.4226966742,"44":169.1530230854,"45":168.9485563439,"46":168.7364157424,"47":168.5622451351,"48":168.4197885382,"49":168.4576404366},"hsnr_0.1":{"0":149.9712958595,"1":149.9472805294,"2":150.0441242028,"3":150.1596401752,"4":150.325833909,"5":150.6473131758,"6":151.0720930269,"7":151.5581485476,"8":151.9300598678,"9":152.0759244275,"10":152.0993309652,"11":152.0977806756,"12":152.0327428903,"13":152.0000996498,"14":151.9639074494,"15":151.9020300525,"16":151.8259330454,"17":151.7619514523,"18":151.7324553692,"19":151.7509787097,"20":151.7916107815,"21":151.8213963371,"22":151.8130907824,"23":151.7665384999,"24":151.6923455086,"25":151.6834972252,"26":151.7813413947,"27":151.5734468036,"28":151.7027223186,"29":151.8504773361,"30":151.9628737529,"31":148.8362230862,"32":149.7869772699,"33":149.7830471351,"34":149.9210500655,"35":149.9086503905,"36":152.2435891251,"37":152.1924562501,"38":152.0999182966,"39":152.1400587416,"40":152.1231018442,"41":152.1359166375,"42":152.0939994615,"43":149.4413121709,"44":149.1746249789,"45":148.9736284476,"46":148.7631105181,"47":148.591462674,"48":148.4508557908,"49":148.4909677789}}