{"psnr":{"0":104.29055402,"1":104.343974187,"2":104.3531493833,"3":104.3414663312,"4":104.3370461545,"5":104.3893757901,"6":104.4934723128,"7":104.6351665087,"8":104.7553922124,"9":104.7873054445,"10":104.8272347296,"11":104.8708723245,"12":104.8727405117,"13":104.8667391644,"14":104.8500128339,"15":104.8436359913,"16":104.8511980002,"17":104.8716628995,"18":104.8980316098,"19":104.9173145727,"20":104.9256609815,"21":104.9346645597,"22":104.951011133,"23":104.9660971418,"24":104.9858338104,"25":105.0226329204,"26":105.0747774468,"27":104.849140465,"28":104.947135278,"29":105.08585465,"30":105.2503184011,"31":102.3136399608,"32":103.3153818803,"33":103.3607930727,"34":103.4129969802,"35":103.4071366065,"36":105.5533416496,"37":105.4881130309,"38":105.4447533336,"39":105.4329034015,"40":105.4547309168,"41":105.5387471618,"42":105.6830893185,"43":103.4484158103,"44":103.4942252868,"45":103.5924732152,"46":103.613917861,"47":103.6248830421,"48":103.6216555618,"49":103.6043696882},"hsnr_0.1":{"0":92.408233395,"1":92.4812944967,"2":92.5441915662,"3":92.5605343742,"4":92.5903585081,"5":92.6847086003,"6":92.8881262652,"7":93.1417884179,"8":93.3118959885,"9":93.3316273328,"10":93.323110826,"11":93.2781838462,"12":93.2021132185,"13":93.1618232068,"14":93.1985468665,"15":93.2576981674,"16":93.3009513543,"17":93.3469876657,"18":93.389037349,"19":93.423146711,"20":93.4386407996,"21":93.4215294686,"22":93.358117437,"23":93.2404590519,"24":93.1098585744,"25":93.0817531892,"26":93.2298989619,"27":92.8803802777,"28":93.1231792162,"29":93.3934996148,"30":93.6341284918,"31":89.6019834121,"32":90.3899725482,"33":90.4404195365,"34":90.4645986897,"35":90.398936458,"36":93.5074652029,"37":93.31563659,"38":93.3110505358,"39":93.4032843557,"40":93.5291590615,"41":93.71028496,"42":93.8826888407,"43":90.4797368677,"44":90.3918492908,"45":90.2599143577,"46":89.9747172156,"47":89.6391130296,"48":89.4485143686,"49":89.4084545108}}