{"psnr":{"0":155.8666393181,"1":179.5949592474,"2":186.5275243688,"3":190.4814662893,"4":191.6195583741,"5":191.7950481433,"6":188.741346467,"7":188.2779633762,"8":183.2370968031,"9":181.7426370057,"10":180.7460067664,"11":179.8596210478,"12":178.5937102963,"13":177.768612426,"14":175.0891800392,"15":175.1612082113,"16":176.0011053035,"17":177.4494866029,"18":179.366212212,"19":180.6346883467,"20":181.1603736232,"21":181.174627995,"22":181.0401661026,"23":180.9354572846,"24":180.2263008639,"25":179.6175310816,"26":178.7138112122,"27":177.9412365203,"28":177.1885772888,"29":176.5143344826,"30":176.4338485246,"31":177.4210884772,"32":178.6325598261,"33":179.3503527028,"34":179.6961786535,"35":179.7791294312,"36":179.7412328726,"37":179.6453101594,"38":179.5667018985,"39":178.1457291491,"40":177.6937513933,"41":176.554042802,"42":175.5618222007,"43":174.6816396662,"44":174.588719871,"45":175.650664763,"46":177.3267098248,"47":178.5589053962,"48":179.1140382621,"49":179.5100181699},"hsnr_0.1":{"0":135.873616104,"1":159.5957843305,"2":166.5323238776,"3":170.4844800886,"4":171.6215355124,"5":171.7974324443,"6":168.7436340248,"7":168.2801560827,"8":163.2452082917,"9":161.7493561017,"10":160.7492500429,"11":159.8651367009,"12":158.5980112389,"13":157.7716619634,"14":155.0958736613,"15":155.1718143777,"16":156.0107635637,"17":157.4597797684,"18":159.3832249881,"19":160.65158686,"20":161.1763339694,"21":161.1935420197,"22":161.0547628907,"23":160.9464241771,"24":160.2343226203,"25":159.6310099581,"26":158.7329710562,"27":157.955637558,"28":157.1995087826,"29":156.5305722268,"30":156.455565249,"31":157.4395799793,"32":158.6553311824,"33":159.3770304409,"34":159.7105241695,"35":159.7948147525,"36":159.7583470295,"37":159.6637311923,"38":159.5869695077,"39":158.1525309589,"40":157.6976107353,"41":156.55838572,"42":155.5663454674,"43":154.684603489,"44":154.5929573531,"45":155.6572843549,"46":157.3310250611,"47":158.5639479866,"48":159.1161998514,"49":159.5142963011}}