{"psnr":{"0":149.9763045164,"1":168.3656339919,"2":167.4436315052,"3":167.1450588402,"4":167.5834074278,"5":168.6361580753,"6":169.9759718737,"7":170.9390312369,"8":170.8264328497,"9":169.982914643,"10":169.1219654928,"11":168.6341146278,"12":168.7137837121,"13":169.1099304881,"14":169.3327535956,"15":169.2680075196,"16":169.3659106225,"17":169.9181232372,"18":170.6026659273,"19":170.9510592123,"20":170.8949051512,"21":170.7228117622,"22":170.7716357161,"23":170.9105987119,"24":170.9908905311,"25":170.8532178755,"26":170.5504941973,"27":170.3832342935,"28":170.089521115,"29":169.8099480646,"30":169.8221446067,"31":170.2288006704,"32":170.608761558,"33":170.6972366663,"34":170.7530767041,"35":170.8033339455,"36":170.7161009698,"37":170.9298246816,"38":170.6735354707,"39":170.1833940434,"40":169.6133825655,"41":169.1876218968,"42":168.8924854624,"43":168.6524523928,"44":168.5519857943,"45":168.8461756084,"46":169.4229465851,"47":169.8819481866,"48":170.0891627824,"49":170.0572067616},"hsnr_0.1":{"0":129.9763492787,"1":148.3656428757,"2":147.4436415331,"3":147.1450706581,"4":147.5834184248,"5":148.6361668092,"6":149.9759812362,"7":150.9390408756,"8":150.8264423198,"9":149.9829247483,"10":149.1219720426,"11":148.6341205651,"12":148.7137926878,"13":149.1099400701,"14":149.3327608726,"15":149.2680153268,"16":149.3659218794,"17":149.918135188,"18":150.6026747807,"19":150.9510686193,"20":150.8949112671,"21":150.7228195334,"22":150.7716440613,"23":150.9106052539,"24":150.9908987362,"25":150.8532287361,"26":150.5505139691,"27":150.3832439416,"28":150.0895319862,"29":149.8099561537,"30":149.8221518142,"31":150.2288079182,"32":150.6087724182,"33":150.6972585536,"34":150.7530885961,"35":150.8033458605,"36":150.7161382557,"37":150.929833641,"38":150.6735449992,"39":150.1834006095,"40":149.6133901985,"41":149.1876316859,"42":148.8924953299,"43":148.6524631108,"44":148.5519963015,"45":148.8461863965,"46":149.4229551418,"47":149.881954669,"48":150.0891685681,"49":150.0572133292}}