{"psnr":{"0":102.6057222954,"1":104.7372256111,"2":103.7177036496,"3":103.3717441175,"4":103.3490837824,"5":103.3780033046,"6":103.4562333478,"7":103.6271894359,"8":103.7204148253,"9":103.7862087682,"10":103.9070200868,"11":104.0325849297,"12":104.1617648682,"13":104.2719901555,"14":104.3373105273,"15":104.2994332182,"16":104.1738157402,"17":104.02052845,"18":103.8837213356,"19":103.8008473324,"20":103.7705396261,"21":103.7270970379,"22":103.7437449801,"23":103.7526853629,"24":103.8453504933,"25":103.955311944,"26":104.012996123,"27":104.1855406473,"28":104.2532825994,"29":104.320859922,"30":104.3314650306,"31":104.2680347971,"32":104.1202435143,"33":103.9451627517,"34":103.9242924622,"35":103.8981361056,"36":103.7194924689,"37":103.9888953102,"38":104.0777525336,"39":104.1824500974,"40":104.2242013891,"41":104.2200566743,"42":104.2085808869,"43":104.2177651168,"44":104.1640050309,"45":104.0969278465,"46":104.0701590302,"47":104.0144829199,"48":103.963384465,"49":103.91291536},"hsnr_0.1":{"0":83.7448234737,"1":95.4250793863,"2":92.2620412366,"3":91.0024302847,"4":90.6035108403,"5":90.9012261972,"6":91.6354625492,"7":92.4177925069,"8":92.668424295,"9":92.7276201579,"10":92.7995082834,"11":92.9098734802,"12":93.0169211471,"13":93.1263090618,"14":93.1419407928,"15":92.9872166648,"16":92.7681656728,"17":92.6026703883,"18":92.4788731189,"19":92.3751591338,"20":92.2875422371,"21":92.1881511709,"22":92.2232494646,"23":92.256562647,"24":92.4227149021,"25":92.5638622749,"26":92.669764206,"27":92.8654084219,"28":92.9391171693,"29":92.9830594976,"30":92.9548513409,"31":92.940524948,"32":92.7577101318,"33":92.5037852501,"34":92.3831201199,"35":92.3597124363,"36":92.2213637202,"37":92.5664592094,"38":92.7398853532,"39":92.8839959065,"40":92.9159769231,"41":92.8771011612,"42":92.7896677467,"43":92.62855882,"44":92.5105537676,"45":92.5903955883,"46":92.6705382831,"47":92.6510687131,"48":92.5716961176,"49":92.4568485605}}