{"compression_rate":{"0":8.0421125793,"1":8.1270900323,"2":8.1439709648,"3":8.1476933591,"4":8.1439699936,"5":8.1045847197,"6":8.0929214774,"7":8.097747513,"8":8.0969078934,"9":8.126210473,"10":8.1204489695,"11":8.0946927865,"12":8.0900409794,"13":8.0889308408,"14":8.0878693791,"15":8.08985314,"16":8.1088498185,"17":8.122583517,"18":8.1221087005,"19":8.1413146095,"20":8.1312892995,"21":8.1289842216,"22":8.1263405332,"23":8.128376108,"24":8.1238217789,"25":8.1206058833,"26":8.131035159,"27":8.1309673908,"28":8.1317743889,"29":8.108876297,"30":8.0846043534,"31":8.0606551952,"32":8.0568189252,"33":8.0655595048,"34":8.0580448221,"35":8.0582202524,"36":8.0429375573,"37":8.034119729,"38":8.0317371568,"39":8.0186377492,"40":8.0145516494,"41":8.006545875,"42":7.9950267104,"43":7.9861244418,"44":7.9995216023,"45":8.0173080392,"46":8.0311165877,"47":8.0441454938,"48":8.0359041583,"49":8.0460642532},"compression_time":{"0":8.2930214405,"1":8.5198931694,"2":8.4717509747,"3":8.4677803516,"4":8.4521489143,"5":8.4965221882,"6":8.5562148094,"7":8.5540552139,"8":8.6210823059,"9":8.5078172684,"10":8.4723875523,"11":8.4738793373,"12":8.5709528923,"13":8.5745398998,"14":8.5736358166,"15":8.5242564678,"16":8.5112655163,"17":8.4969353676,"18":8.5226345062,"19":8.5217525959,"20":8.6428556442,"21":8.4917156696,"22":8.4805130959,"23":8.4687445164,"24":8.4999914169,"25":8.4959452152,"26":8.4696071148,"27":8.4480133057,"28":8.4191913605,"29":8.4358167648,"30":8.4330196381,"31":8.4374511242,"32":8.4146938324,"33":8.3781309128,"34":8.3780548573,"35":8.3616392612,"36":8.4767227173,"37":8.4559576511,"38":8.4225566387,"39":8.4699907303,"40":8.3787958622,"41":8.3782432079,"42":8.3966712952,"43":8.4036974907,"44":8.4091684818,"45":8.3839168549,"46":8.3763482571,"47":8.4515604973,"48":8.4383656979,"49":8.3925991058},"decompression_time":{"0":1.6240029335,"1":1.6154322624,"2":1.4975659847,"3":1.4853832722,"4":1.4846429825,"5":1.5770368576,"6":1.5884830952,"7":1.6149134636,"8":1.5844755173,"9":1.6273782253,"10":1.5960707664,"11":1.5710840225,"12":1.6225004196,"13":1.6243531704,"14":1.6103966236,"15":1.628051281,"16":1.619797945,"17":1.5853397846,"18":1.6159751415,"19":1.5021402836,"20":1.5948886871,"21":1.6041407585,"22":1.5925514698,"23":1.5891256332,"24":1.5919115543,"25":1.585505724,"26":1.5915257931,"27":1.5829205513,"28":1.6066806316,"29":1.5825366974,"30":1.5875356197,"31":1.5903577805,"32":1.5818676949,"33":1.5886387825,"34":1.596580267,"35":1.596694231,"36":1.6515576839,"37":1.5891029835,"38":1.5871169567,"39":1.5818920135,"40":1.5829589367,"41":1.5896661282,"42":1.6030721664,"43":1.6220161915,"44":1.5997178555,"45":1.6061871052,"46":1.5969748497,"47":1.5894343853,"48":1.6180553436,"49":1.594946146}}