{"compression_rate":{"0":10.2498,"1":10.1985,"2":10.1182,"3":9.99564,"4":9.89678,"5":9.84812,"6":9.7965,"7":9.80507,"8":9.83319,"9":9.87975,"10":9.93143,"11":10.0208,"12":10.1308,"13":10.1829,"14":10.1793,"15":10.1156,"16":10.027,"17":9.94631,"18":9.85039,"19":9.79654,"20":9.71934,"21":9.6871,"22":9.68847,"23":9.71002,"24":9.78172,"25":9.8425,"26":9.9083,"27":9.99779,"28":10.0807,"29":10.0922,"30":10.0732,"31":10.0345,"32":9.97253,"33":9.96074,"34":9.92112,"35":9.93006,"36":9.93623,"37":9.99023,"38":10.0466,"39":10.1164,"40":10.2159,"41":10.2608,"42":10.2912,"43":10.3006,"44":10.2804,"45":10.2189,"46":10.1724,"47":10.0728,"48":9.94759,"49":9.83595},"compression_time":{"0":29.8026955128,"1":24.6394193172,"2":27.7548491955,"3":55.7020044327,"4":25.9929230213,"5":25.8619527817,"6":64.9066331387,"7":32.5797784328,"8":22.1592359543,"9":38.5781910419,"10":30.7006781101,"11":22.8755133152,"12":65.3341140747,"13":29.9417858124,"14":55.9263062477,"15":27.6004765034,"16":23.7124173641,"17":9.9801726341,"18":58.9411242008,"19":29.8450145721,"20":22.5661699772,"21":48.6047260761,"22":29.9150364399,"23":23.6181764603,"24":33.4510140419,"25":24.5437788963,"26":24.0904707909,"27":51.4362108707,"28":28.0972745419,"29":26.6610438824,"30":33.3649735451,"31":23.2203960419,"32":25.8181622028,"33":25.2089800835,"34":28.4778430462,"35":22.2617204189,"36":58.9032542706,"37":28.6176185608,"38":22.7398602962,"39":53.2719933987,"40":33.3724105358,"41":22.8352563381,"42":65.4378511906,"43":29.6820809841,"44":26.6928238869,"45":27.0767548084,"46":20.4212813377,"47":15.8253114223,"48":65.4499204159,"49":30.8710224628},"decompression_time":{"0":17.690687418,"1":11.4572529793,"2":5.2898821831,"3":6.8358380795,"4":7.2876775265,"5":6.3841910362,"6":6.658135891,"7":9.994363308,"8":8.875919342,"9":6.114071846,"10":9.2105100155,"11":5.0757436752,"12":7.6780464649,"13":9.9641726017,"14":7.0286917686,"15":6.9140160084,"16":5.0777666569,"17":4.5628464222,"18":7.4636595249,"19":7.3699831963,"20":11.4312021732,"21":7.3089005947,"22":8.9314274788,"23":4.7879092693,"24":18.9930365086,"25":12.1978142262,"26":6.33913064,"27":6.5158247948,"28":6.0560791492,"29":6.3585479259,"30":18.6769309044,"31":9.9120259285,"32":6.0518200397,"33":16.2676632404,"34":6.1905562878,"35":8.8270976543,"36":7.0249063969,"37":7.5366425514,"38":8.6222641468,"39":5.3286421299,"40":8.4896328449,"41":5.0079109669,"42":9.7586028576,"43":10.5710654259,"44":16.1450538635,"45":10.6672155857,"46":11.3064136505,"47":5.04818964,"48":5.8004028797,"49":9.7844009399}}