{"psnr":{"0":82.2938787047,"1":82.3014136488,"2":82.3143998432,"3":82.2949344783,"4":82.2666738809,"5":82.2298049704,"6":82.3058773437,"7":82.3087520276,"8":82.3065628115,"9":80.9756843315,"10":82.2625584679,"11":82.3172227323,"12":82.2979049509,"13":82.2991218722,"14":82.2973796781,"15":82.3006575539,"16":82.3009901089,"17":82.3011847645,"18":82.2593679342,"19":82.3116183109,"20":82.3200359972,"21":82.3080037577,"22":82.3065794104,"23":82.2451348474,"24":82.3043041999,"25":82.2605983007,"26":82.2772211579,"27":82.2932703876,"28":82.2850361973,"29":82.2795335679,"30":82.2638906904,"31":82.2501266089,"32":82.2895085714,"33":82.193659719,"34":82.2745157569,"35":82.2639293812,"36":82.2700535854,"37":82.2697696959,"38":82.2542341767,"39":82.1947544119,"40":82.2039144308,"41":82.2241269127,"42":82.2547659844,"43":82.2513595678,"44":82.224806915,"45":82.2030226311,"46":82.2262950733,"47":82.1845214186,"48":82.2640415044,"49":82.2863284129},"hsnr_0.1":{"0":70.3111215101,"1":70.2846752425,"2":70.3245165908,"3":70.3373137078,"4":70.2706446765,"5":70.2552967221,"6":70.1347992921,"7":70.0252422694,"8":70.1758799173,"9":69.0807478638,"10":70.2394558256,"11":70.3165660515,"12":70.2948595385,"13":70.2882406889,"14":70.2772581168,"15":70.3311854752,"16":70.3333136664,"17":70.3544120406,"18":70.343042049,"19":70.342928859,"20":70.4272267532,"21":70.4218300859,"22":70.407835157,"23":70.3128951428,"24":70.27181194,"25":70.2033960351,"26":70.1748257231,"27":70.1754137163,"28":70.1653665903,"29":70.1782527464,"30":70.1840744962,"31":70.1582269152,"32":70.1680331584,"33":70.1408814816,"34":70.1308094562,"35":69.9486341202,"36":69.7230565401,"37":69.5886880887,"38":69.6724328058,"39":69.70138005,"40":69.4724736495,"41":69.55860646,"42":69.5901764151,"43":69.6053968178,"44":69.5902542092,"45":69.5049769938,"46":69.732002984,"47":69.9384707669,"48":69.9659446511,"49":69.8413624174}}