{"compression_rate":{"0":7.61987,"1":7.58534,"2":7.56,"3":7.56817,"4":7.55755,"5":7.53094,"6":7.5157,"7":7.52919,"8":7.56763,"9":7.58989,"10":7.60747,"11":7.58618,"12":7.57855,"13":7.56548,"14":7.54277,"15":7.54282,"16":7.53392,"17":7.55727,"18":7.59033,"19":7.61696,"20":7.6627,"21":7.69962,"22":7.74554,"23":7.75851,"24":7.75334,"25":7.73932,"26":7.71092,"27":7.71153,"28":7.70594,"29":7.71067,"30":7.71081,"31":7.72499,"32":7.73822,"33":7.73301,"34":7.74086,"35":7.74718,"36":7.73969,"37":7.73591,"38":7.73413,"39":7.72386,"40":7.72504,"41":7.70189,"42":7.70133,"43":7.70602,"44":7.71835,"45":7.71491,"46":7.72484,"47":7.71355,"48":7.6949,"49":7.66838},"compression_time":{"0":34.6402032375,"1":23.2486987114,"2":50.3269021511,"3":57.3112630844,"4":24.7355337143,"5":30.8774113655,"6":64.7361087799,"7":61.2591798306,"8":49.9806785583,"9":27.4323911667,"10":27.1836352348,"11":25.826893568,"12":62.2050559521,"13":56.9864516258,"14":58.3846831322,"15":31.8340494633,"16":31.7569351196,"17":21.1452200413,"18":62.2123353481,"19":32.6560714245,"20":21.7265779972,"21":56.9922142029,"22":22.2259013653,"23":31.1761236191,"24":65.1358389854,"25":56.631352663,"26":23.6815652847,"27":44.7975702286,"28":23.3795089722,"29":29.1554808617,"30":63.5244984627,"31":59.4246797562,"32":60.1766521931,"33":24.8448045254,"34":31.1760942936,"35":21.4442772865,"36":61.5540065765,"37":61.2161695957,"38":60.3456912041,"39":26.7392981052,"40":29.9768097401,"41":21.4397227764,"42":47.9387276173,"43":31.4270501137,"44":35.5516748428,"45":52.1353821754,"46":24.5829222202,"47":33.8167052269,"48":34.1603405476,"49":30.1052339077},"decompression_time":{"0":18.2061526775,"1":11.8555850983,"2":12.755592823,"3":13.4490442276,"4":9.3793492317,"5":9.8844900131,"6":8.6280119419,"7":7.2636601925,"8":7.4519958496,"9":8.6277387142,"10":9.3795425892,"11":5.5228490829,"12":7.9410760403,"13":6.3531520367,"14":8.4571509361,"15":9.4126381874,"16":7.9928102493,"17":5.4838197231,"18":7.9153034687,"19":19.1535079479,"20":10.4226615429,"21":12.6922607422,"22":15.1242263317,"23":6.1672329903,"24":7.1974189281,"25":6.1543800831,"26":17.9162507057,"27":7.8258872032,"28":12.1181509495,"29":7.7229619026,"30":8.6939005852,"31":5.8721451759,"32":9.7512569427,"33":11.009475708,"34":8.2046906948,"35":5.7086923122,"36":8.8619904518,"37":5.9000954628,"38":8.8449964523,"39":9.1522319317,"40":7.818467617,"41":5.6444866657,"42":8.7210028172,"43":14.6023685932,"44":12.2752070427,"45":7.3313193321,"46":7.7683098316,"47":11.2152519226,"48":18.7928040028,"49":11.8629961014}}