{"compression_rate":{"0":32.0,"1":32.0,"2":32.0,"3":32.0,"4":32.0,"5":32.0,"6":32.0,"7":32.0,"8":32.0,"9":32.0,"10":32.0,"11":32.0,"12":32.0,"13":32.0,"14":32.0,"15":32.0,"16":32.0,"17":32.0,"18":32.0,"19":32.0,"20":32.0,"21":32.0,"22":32.0,"23":32.0,"24":32.0,"25":32.0,"26":32.0,"27":32.0,"28":32.0,"29":32.0,"30":32.0,"31":32.0,"32":32.0,"33":32.0,"34":32.0,"35":32.0,"36":32.0,"37":32.0,"38":32.0,"39":32.0,"40":32.0,"41":32.0,"42":32.0,"43":32.0,"44":32.0,"45":32.0,"46":32.0,"47":32.0,"48":32.0,"49":32.0},"compression_time":{"0":0.1787126064,"1":0.1765580177,"2":0.0759267807,"3":0.0434699059,"4":0.0413396358,"5":0.0683040619,"6":0.1209309101,"7":0.0380964279,"8":0.0347008705,"9":0.0360291004,"10":0.0379998684,"11":0.0341427326,"12":0.1669437885,"13":0.0991945267,"14":0.0638706684,"15":0.0909125805,"16":0.0809218884,"17":0.0538554192,"18":0.0374140739,"19":0.1161985397,"20":0.1175348759,"21":0.0569503307,"22":0.0319254398,"23":0.0901870728,"24":0.1529374123,"25":0.0339033604,"26":0.0878174305,"27":0.0620653629,"28":0.0363063812,"29":0.0355184078,"30":0.1618161201,"31":0.1277074814,"32":0.0965054035,"33":0.0572595596,"34":0.0367190838,"35":0.0614829063,"36":0.0522379875,"37":0.1739621162,"38":0.1067714691,"39":0.0355024338,"40":0.0468287468,"41":0.0527479649,"42":0.1595563889,"43":0.1437728405,"44":0.0339913368,"45":0.0345849991,"46":0.0323810577,"47":0.0316383839,"48":0.0599787235,"49":0.036303997},"decompression_time":{"0":0.319848299,"1":0.3224508762,"2":0.32776618,"3":0.3224639893,"4":0.3887023926,"5":0.342839241,"6":0.4056050777,"7":0.325067997,"8":0.3238549232,"9":0.325003624,"10":0.3230330944,"11":0.3197925091,"12":0.3209118843,"13":0.3215816021,"14":0.3366405964,"15":0.3218288422,"16":0.3205525875,"17":0.3271696568,"18":0.5138115883,"19":0.3529822826,"20":0.3226447105,"21":0.3573029041,"22":0.3325111866,"23":0.3421623707,"24":0.3218111992,"25":0.3216879368,"26":0.3225355148,"27":0.3478643894,"28":0.3604340553,"29":0.3217935562,"30":0.3542256355,"31":0.336012125,"32":0.326823473,"33":0.3218102455,"34":0.3439123631,"35":0.3423261642,"36":0.4683036804,"37":0.3240432739,"38":0.3682825565,"39":0.378898859,"40":0.3273367882,"41":0.3200590611,"42":0.3384048939,"43":0.3225727081,"44":0.4586405754,"45":0.4279744625,"46":0.350590229,"47":0.4134116173,"48":0.4848685265,"49":0.4580082893}}