{"psnr":{"0":75.4061721674,"1":75.5280587565,"2":75.6495665339,"3":75.742434233,"4":75.7842196138,"5":75.7835718133,"6":75.7703157477,"7":75.7720565895,"8":75.7933957255,"9":75.8185575805,"10":75.8188221849,"11":75.7813283997,"12":75.7070458732,"13":75.6013348551,"14":75.4909943362,"15":75.4141042165,"16":75.3987491321,"17":75.4429960593,"18":75.5218071701,"19":75.6149574967,"20":75.709353725,"21":75.7956919495,"22":75.8637187365,"23":75.9040216532,"24":75.9204719592,"25":75.9173734214,"26":75.8976946658,"27":75.8599195717,"28":75.8099549767,"29":75.7632407763,"30":75.740373259,"31":75.7533918617,"32":75.7885912797,"33":75.8336981544,"34":75.8748617815,"35":75.9033679499,"36":75.9155280674,"37":75.912002105,"38":75.8998561431,"39":75.8868043228,"40":75.8685464935,"41":75.8458807799,"42":75.818085106,"43":75.7829656033,"44":75.7462351078,"45":75.7196394121,"46":75.7102704968,"47":75.7163557242,"48":75.7294004433,"49":75.7366643067},"hsnr_0.1":{"0":55.4634704702,"1":55.5850799661,"2":55.7060591297,"3":55.7987234605,"4":55.8402474859,"5":55.8391719963,"6":55.8254856441,"7":55.8269348909,"8":55.8481350977,"9":55.8732120372,"10":55.8733010029,"11":55.835572306,"12":55.7609838509,"13":55.65504239,"14":55.544397256,"15":55.4673201029,"16":55.4518903855,"17":55.4961379585,"18":55.5749855477,"19":55.6682970379,"20":55.7629473494,"21":55.8496007042,"22":55.9178701969,"23":55.9583207124,"24":55.9748118554,"25":55.971661409,"26":55.9518491331,"27":55.9138729934,"28":55.8637211242,"29":55.8168577238,"30":55.7939428467,"31":55.8070167421,"32":55.8423449344,"33":55.8876132729,"34":55.9289531839,"35":55.9576176692,"36":55.9699326069,"37":55.9665328102,"38":55.954442123,"39":55.9414940379,"40":55.9232662181,"41":55.9005696045,"42":55.8726796215,"43":55.837486884,"44":55.8007309442,"45":55.7742550209,"46":55.7650415791,"47":55.7713761912,"48":55.7846665084,"49":55.7921215156}}