{"psnr":{"0":22.4887815934,"1":22.4618505316,"2":22.4416895954,"3":22.4152418987,"4":22.4261112321,"5":22.4790530523,"6":22.5418663871,"7":22.5856933002,"8":22.6042832205,"9":22.6138881365,"10":22.6482955785,"11":22.7190135031,"12":22.8263534844,"13":22.9507585213,"14":23.0854958768,"15":23.1877580867,"16":23.2371381568,"17":23.2321998692,"18":23.1851568373,"19":23.1117956746,"20":23.0283074293,"21":22.9384086212,"22":22.867600757,"23":22.8342844281,"24":22.838447101,"25":22.8739470993,"26":22.9323410131,"27":23.0057676411,"28":23.0779594007,"29":23.1324338514,"30":23.1514276367,"31":23.1293248872,"32":23.0837637949,"33":23.0318628199,"34":22.9864480478,"35":22.9553993208,"36":22.9375773067,"37":22.9336180772,"38":22.942062803,"39":22.9481913068,"40":22.9633950155,"41":22.9867978054,"42":23.0151039394,"43":23.0443619817,"44":23.0693904569,"45":23.0731190394,"46":23.0599206457,"47":23.0255521122,"48":22.985170684,"49":22.9512737344},"hsnr_0.1":{"0":20.8484052511,"1":20.8526669753,"2":20.8479300899,"3":20.8261845498,"4":20.8019958917,"5":20.7852410664,"6":20.7865123237,"7":20.8120664558,"8":20.8507428632,"9":20.891968431,"10":20.9235053217,"11":20.9380734855,"12":20.936038871,"13":20.9097385219,"14":20.8644476699,"15":20.8173306883,"16":20.8158749289,"17":20.8677439817,"18":20.9385374477,"19":21.0101793067,"20":21.0718308878,"21":21.1129106733,"22":21.1339740498,"23":21.1343605919,"24":21.115028635,"25":21.0799984155,"26":21.0388760125,"27":21.0009385748,"28":20.9706958718,"29":20.9514054485,"30":20.9443771214,"31":20.9521850901,"32":20.9673444984,"33":20.9837961387,"34":20.9959559988,"35":21.0034273825,"36":21.0035853952,"37":20.9951880914,"38":20.9776820257,"39":20.9488408926,"40":20.913385969,"41":20.8748728421,"42":20.8395135206,"43":20.8056987399,"44":20.7729196068,"45":20.7435232615,"46":20.722483246,"47":20.7085380803,"48":20.6948964353,"49":20.6720849983}}