{"compression_rate":{"0":9.22316,"1":9.09646,"2":8.98278,"3":8.93288,"4":8.84448,"5":8.69956,"6":8.48726,"7":8.27371,"8":8.14193,"9":8.09566,"10":8.03049,"11":7.97194,"12":7.96006,"13":7.95885,"14":7.95968,"15":7.94325,"16":7.92798,"17":7.90061,"18":7.8523,"19":7.80791,"20":7.76684,"21":7.73287,"22":7.6845,"23":7.62258,"24":7.54995,"25":7.4551,"26":7.3588,"27":7.24096,"28":7.11458,"29":6.98566,"30":6.86011,"31":6.81453,"32":6.64755,"33":6.5344,"34":6.41453,"35":6.35135,"36":6.29058,"37":6.2249,"38":6.16026,"39":6.06441,"40":5.98464,"41":5.91681,"42":5.83293,"43":5.77347,"44":5.68972,"45":5.59007,"46":5.54581,"47":5.48577,"48":5.44376,"49":5.41191},"compression_time":{"0":58.9805128574,"1":28.0490334034,"2":23.2285757065,"3":24.5757474899,"4":27.5206623077,"5":25.7595593929,"6":59.4033210278,"7":44.9465215206,"8":28.7103328705,"9":26.4030873775,"10":25.4845352173,"11":26.8297894001,"12":60.0256433487,"13":32.1937212944,"14":30.4253163338,"15":31.8156855106,"16":27.6129169464,"17":24.7414503098,"18":59.7981157303,"19":45.5658524036,"20":27.8246290684,"21":26.0497579575,"22":27.4818198681,"23":25.0607860088,"24":60.4986312389,"25":35.7660865784,"26":23.7930994034,"27":28.4408555031,"28":25.4842956066,"29":29.3122041225,"30":60.3668789864,"31":48.469584465,"32":36.3433797359,"33":24.3496274948,"34":31.1416335106,"35":18.7039134502,"36":61.3607780933,"37":36.4977366924,"38":33.6247887611,"39":28.7156274319,"40":26.2874755859,"41":30.3823034763,"42":60.9573805332,"43":49.5946514606,"44":33.2273983955,"45":27.6478750706,"46":27.7316572666,"47":27.4147348404,"48":52.5091884136,"49":32.0673446655},"decompression_time":{"0":5.9355390072,"1":10.5242571831,"2":12.8687169552,"3":8.7414960861,"4":12.8298842907,"5":10.216899395,"6":6.1961114407,"7":12.5080521107,"8":9.5263211727,"9":7.9190759659,"10":8.4609737396,"11":5.6284310818,"12":7.8261487484,"13":9.0578758717,"14":9.496440649,"15":8.9865801334,"16":9.4603440762,"17":5.6958873272,"18":7.6421909332,"19":12.7167799473,"20":8.7650487423,"21":8.4544911385,"22":9.7924098969,"23":5.7391448021,"24":8.6434350014,"25":7.457559824,"26":7.0135512352,"27":12.5449626446,"28":10.9714422226,"29":7.1428806782,"30":8.6254723072,"31":12.4555559158,"32":9.1776282787,"33":11.8870129585,"34":10.9098222256,"35":5.5585811138,"36":7.9584195614,"37":6.7895922661,"38":7.2738394737,"39":10.3495764732,"40":8.4726290703,"41":5.8397119045,"42":8.2027997971,"43":6.9090092182,"44":10.0045804977,"45":8.1608967781,"46":9.3563146591,"47":5.8888373375,"48":5.6325585842,"49":14.4152228832}}