{"compression_rate":{"0":7.8439159668,"1":7.8473591423,"2":7.8408512001,"3":7.8421540862,"4":7.8423035811,"5":7.8493750723,"6":7.8555736615,"7":7.8570870971,"8":7.8559328746,"9":7.856258228,"10":7.8579857636,"11":7.858050414,"12":7.8528262037,"13":7.8446723951,"14":7.8489898459,"15":7.8495514591,"16":7.8505639191,"17":7.8530081639,"18":7.8539745455,"19":7.8487431224,"20":7.8528347823,"21":7.8592464127,"22":7.8574667903,"23":7.8587109944,"24":7.8508116597,"25":7.8469560805,"26":7.842087896,"27":7.8409695855,"28":7.8446223826,"29":7.847993575,"30":7.8507543485,"31":7.850939823,"32":7.853513904,"33":7.8535590626,"34":7.8459260716,"35":7.8421977634,"36":7.8354354058,"37":7.8321410127,"38":7.8288404137,"39":7.8344982977,"40":7.8333556437,"41":7.8417403032,"42":7.8497680061,"43":7.8549456824,"44":7.8466864941,"45":7.8375482046,"46":7.8354160771,"47":7.8428385675,"48":7.8448814636,"49":7.835973052},"compression_time":{"0":8.4486966133,"1":8.4593904018,"2":8.4436330795,"3":8.4448823929,"4":8.4220998287,"5":8.4327578545,"6":8.4179027081,"7":8.3629307747,"8":8.4541461468,"9":8.3671553135,"10":8.407075882,"11":8.4053914547,"12":8.5032017231,"13":8.4071209431,"14":8.387752533,"15":8.367007494,"16":8.4121291637,"17":8.4169738293,"18":8.435687542,"19":8.4769513607,"20":8.4376358986,"21":8.4398202896,"22":8.4339842796,"23":8.4095728397,"24":8.5006086826,"25":8.4711396694,"26":8.501093626,"27":8.4484255314,"28":8.4900400639,"29":8.4626324177,"30":8.441357851,"31":8.4269833565,"32":8.433683157,"33":8.4355275631,"34":8.4523894787,"35":8.5061988831,"36":8.4688374996,"37":8.6217398643,"38":8.4420421124,"39":8.4128096104,"40":8.4214317799,"41":8.4520413876,"42":8.4304506779,"43":8.4186401367,"44":8.3889405727,"45":8.3959052563,"46":8.4045944214,"47":8.3878002167,"48":8.4172165394,"49":8.3725838661},"decompression_time":{"0":1.6345589161,"1":1.5979156494,"2":1.5982129574,"3":1.5909795761,"4":1.6173167229,"5":1.5963172913,"6":1.5857431889,"7":1.5749840736,"8":1.5810258389,"9":1.5768446922,"10":1.5837287903,"11":1.5893537998,"12":1.5928092003,"13":1.5882565975,"14":1.5794906616,"15":1.5802252293,"16":1.577855587,"17":1.5852444172,"18":1.6268780231,"19":1.5858597755,"20":1.5838243961,"21":1.5915102959,"22":1.5830070972,"23":1.5624961853,"24":1.6236307621,"25":1.6003918648,"26":1.5948619843,"27":1.5715408325,"28":1.5847678185,"29":1.5830564499,"30":1.6108608246,"31":1.5872831345,"32":1.5891692638,"33":1.5907149315,"34":1.6102952957,"35":1.6076595783,"36":1.609413147,"37":1.5858666897,"38":1.5895118713,"39":1.5856127739,"40":1.5894675255,"41":1.5892031193,"42":1.6204111576,"43":1.5735626221,"44":1.5660533905,"45":1.569062233,"46":1.5806136131,"47":1.5770683289,"48":1.5798177719,"49":1.5713002682}}