{"wavelet used":{"wave_percent_deflate":"bior4.4","zfp":"bior4.4","ezw":"bior4.4"},"compression parameters":{"wave_percent_deflate":[0.2,0.3,0.4,0.5,0.7],"zfp":[3,5,8,10,15],"ezw":[]},"lin_passing":{"wave_percent_deflate":{"20.0%":{"compression rate":3.4770108868,"L2_rel_error":113.8753549613,"L2_error":0.0044451209,"PSNR":22.5172650156},"30.0%":{"compression rate":2.5516352037,"L2_rel_error":54.2507836227,"L2_error":0.0014656589,"PSNR":27.3357717675},"40.0%":{"compression rate":2.0186548846,"L2_rel_error":30.6359386429,"L2_error":0.0004775568,"PSNR":32.2058507403},"50.0%":{"compression rate":1.6724582788,"L2_rel_error":9.1225340402,"L2_error":0.0001852447,"PSNR":36.318643256},"70.0%":{"compression rate":1.2429297414,"L2_rel_error":0.7496959668,"L2_error":0.0000344963,"PSNR":43.6183731917}},"zfp":{"3 bpd":{"compression rate":21.3333333333,"L2_rel_error":5.5119122283,"L2_error":0.0038932918,"PSNR":23.0929312956},"5 bpd":{"compression rate":12.8,"L2_rel_error":1.1617017053,"L2_error":0.0010585784,"PSNR":28.748870408},"8 bpd":{"compression rate":8.0,"L2_rel_error":0.1325579203,"L2_error":0.0001310011,"PSNR":37.8233508939},"10 bpd":{"compression rate":6.4,"L2_rel_error":0.0336727692,"L2_error":0.0000326071,"PSNR":43.8629822501},"15 bpd":{"compression rate":4.2666666667,"L2_rel_error":0.0010844237,"L2_error":0.0000010547,"PSNR":58.7646407157}},"ezw":{}},"lin_trapped":{"wave_percent_deflate":{"20.0%":{"compression rate":3.5792752174,"L2_rel_error":71.387752911,"L2_error":0.0041253993,"PSNR":20.1802258586},"30.0%":{"compression rate":2.6064237538,"L2_rel_error":70.0817044274,"L2_error":0.0011436622,"PSNR":25.7519081006},"40.0%":{"compression rate":2.056819514,"L2_rel_error":69.8624277464,"L2_error":0.000434553,"PSNR":29.9544585586},"50.0%":{"compression rate":1.6980443016,"L2_rel_error":69.6607985237,"L2_error":0.000101535,"PSNR":36.2687295182},"70.0%":{"compression rate":1.260199061,"L2_rel_error":64.2900670098,"L2_error":0.0000162453,"PSNR":44.2276034959}},"zfp":{"3 bpd":{"compression rate":21.3333333333,"L2_rel_error":2.9508441902,"L2_error":0.0013644088,"PSNR":24.9854407112},"5 bpd":{"compression rate":12.8,"L2_rel_error":0.5736260072,"L2_error":0.0002343846,"PSNR":32.6355947296},"8 bpd":{"compression rate":8.0,"L2_rel_error":0.0632400348,"L2_error":0.0000310296,"PSNR":41.4171256015},"10 bpd":{"compression rate":6.4,"L2_rel_error":0.0161560775,"L2_error":0.0000079912,"PSNR":47.3087573696},"15 bpd":{"compression rate":4.2666666667,"L2_rel_error":0.0004871066,"L2_error":0.0000002482,"PSNR":62.3863158447}},"ezw":{}},"turb_passing":{"wave_percent_deflate":{"20.0%":{"compression rate":3.3990054892,"L2_rel_error":200.9381079914,"L2_error":0.01302188,"PSNR":17.8896848344},"30.0%":{"compression rate":2.48651713,"L2_rel_error":161.7674726035,"L2_error":0.0062972149,"PSNR":21.0449365661},"40.0%":{"compression rate":1.9800317506,"L2_rel_error":71.4670664026,"L2_error":0.002747819,"PSNR":24.6465404805},"50.0%":{"compression rate":1.6537509269,"L2_rel_error":40.307752697,"L2_error":0.0009779651,"PSNR":29.1331879809},"70.0%":{"compression rate":1.23877576,"L2_rel_error":8.4841018701,"L2_error":0.0001684185,"PSNR":36.7725239136}},"zfp":{"3 bpd":{"compression rate":21.3333333333,"L2_rel_error":832.8755326735,"L2_error":0.0108161358,"PSNR":18.6957004005},"5 bpd":{"compression rate":12.8,"L2_rel_error":128.1528813629,"L2_error":0.0029896898,"PSNR":24.2801604425},"8 bpd":{"compression rate":8.0,"L2_rel_error":20.6670935088,"L2_error":0.0003768382,"PSNR":33.2748722741},"10 bpd":{"compression rate":6.4,"L2_rel_error":3.5295577384,"L2_error":0.0000950458,"PSNR":39.2570922891},"15 bpd":{"compression rate":4.2666666667,"L2_rel_error":0.0191335104,"L2_error":0.0000029698,"PSNR":54.3090974802}},"ezw":{}},"turb_trapped":{"wave_percent_deflate":{"20.0%":{"compression rate":3.4270013348,"L2_rel_error":16995.1290867665,"L2_error":0.0097374185,"PSNR":16.3163248988},"30.0%":{"compression rate":2.5003610383,"L2_rel_error":16944.8010862659,"L2_error":0.0046135859,"PSNR":19.5603771777},"40.0%":{"compression rate":1.9864809272,"L2_rel_error":16929.3838094643,"L2_error":0.0019633703,"PSNR":23.2707411187},"50.0%":{"compression rate":1.6593085794,"L2_rel_error":16870.6788458965,"L2_error":0.0006498407,"PSNR":28.0726944237},"70.0%":{"compression rate":1.2482296415,"L2_rel_error":14499.9693164789,"L2_error":0.0000532687,"PSNR":38.9360413537}},"zfp":{"3 bpd":{"compression rate":21.3333333333,"L2_rel_error":323.9024092755,"L2_error":0.0051555109,"PSNR":19.0780462034},"5 bpd":{"compression rate":12.8,"L2_rel_error":65.0589437404,"L2_error":0.0014306761,"PSNR":24.6453499093},"8 bpd":{"compression rate":8.0,"L2_rel_error":11.5780646848,"L2_error":0.000188991,"PSNR":33.4363530556},"10 bpd":{"compression rate":6.4,"L2_rel_error":2.0563152519,"L2_error":0.000048015,"PSNR":39.3869918276},"15 bpd":{"compression rate":4.2666666667,"L2_rel_error":0.0677833146,"L2_error":0.0000014984,"PSNR":54.4444657105}},"ezw":{}}}