{"turb_passing":{"ezw":{"10 passes":{"compression rate":619.2188235294,"L2_rel_error":2411.2525324205,"L2_error":0.0358886797,"PSNR":13.486846904},"15 passes":{"compression rate":145.0760749724,"L2_rel_error":1111.8415153235,"L2_error":0.0183043578,"PSNR":16.4108767526},"20 passes":{"compression rate":39.9193022374,"L2_rel_error":711.6628049344,"L2_error":0.0061564845,"PSNR":21.1430937993},"25 passes":{"compression rate":15.1054987946,"L2_rel_error":74.9676235578,"L2_error":0.001189045,"PSNR":28.2844388015}},"wave_percent_deflate":{"20.0%":{"compression rate":3.3990054892,"L2_rel_error":200.9381079914,"L2_error":0.01302188,"PSNR":17.8896848344},"30.0%":{"compression rate":2.48651713,"L2_rel_error":161.7674726035,"L2_error":0.0062972149,"PSNR":21.0449365661},"40.0%":{"compression rate":1.9800317506,"L2_rel_error":71.4670664026,"L2_error":0.002747819,"PSNR":24.6465404805},"50.0%":{"compression rate":1.6537509269,"L2_rel_error":40.307752697,"L2_error":0.0009779651,"PSNR":29.1331879809}},"zfp":{"3 bpd":{"compression rate":21.3333333333,"L2_rel_error":832.8755326735,"L2_error":0.0108161358,"PSNR":18.6957004005},"5 bpd":{"compression rate":12.8,"L2_rel_error":128.1528813629,"L2_error":0.0029896898,"PSNR":24.2801604425},"8 bpd":{"compression rate":8.0,"L2_rel_error":20.6670935088,"L2_error":0.0003768382,"PSNR":33.2748722741},"10 bpd":{"compression rate":6.4,"L2_rel_error":3.5295577384,"L2_error":0.0000950458,"PSNR":39.2570922891}}}}