{"psnr":{"0":246.0290567018,"1":244.1747614962,"2":240.5697536198,"3":237.495920583,"4":234.969112881,"5":231.9183530454,"6":229.017203213,"7":226.9406999928,"8":225.5070729671,"9":224.4254688511,"10":222.9599990106,"11":221.8032974804,"12":220.9891162799,"13":220.9933986499,"14":221.2290346219,"15":221.7134779834,"16":222.2770658377,"17":222.5949075118,"18":222.9902453231,"19":223.3531401572,"20":223.7621420192,"21":224.0866736815,"22":224.3356711028,"23":224.4447750083,"24":224.4476595571,"25":224.3311468461,"26":224.257332674,"27":224.0510259965,"28":223.7477834745,"29":223.2053875481,"30":222.4886310797,"31":221.704935045,"32":220.9165125904,"33":220.1609116547,"34":219.4052448149,"35":218.6764973764,"36":217.9610846404,"37":217.2989499442,"38":216.691973189,"39":216.1039841353,"40":215.4696995356,"41":214.7220391041,"42":213.8384266276,"43":212.8880699807,"44":211.880222884,"45":210.9124367521,"46":210.0377108621,"47":209.3457790736,"48":208.8718970844,"49":208.6021326587},"hsnr_0.1":{"0":226.0291272425,"1":224.1748307405,"2":220.5698285088,"3":217.4959760703,"4":214.9691614673,"5":211.918387795,"6":209.0172301855,"7":206.9407313705,"8":205.5071437401,"9":204.4255121,"10":202.960028588,"11":201.8033662978,"12":200.9891768133,"13":200.9934310853,"14":201.2290655174,"15":201.7135082974,"16":202.2771113385,"17":202.5949745647,"18":202.9903182788,"19":203.3532730513,"20":203.7622283741,"21":204.0868195457,"22":204.3358191138,"23":204.4449515142,"24":204.4478184875,"25":204.3313581692,"26":204.2575417865,"27":204.0512051809,"28":203.7479084977,"29":203.2055245692,"30":202.4888766499,"31":201.7053188966,"32":200.917020477,"33":200.1614372947,"34":199.4055447685,"35":198.6767483788,"36":197.9612744574,"37":197.299185267,"38":196.692340687,"39":196.1044887673,"40":195.4704328833,"41":194.7227599095,"42":193.8392195542,"43":192.8888835978,"44":191.8809893577,"45":190.9131187314,"46":190.0382141634,"47":189.3462101299,"48":188.8722217065,"49":188.6024301317}}