{"psnr":{"0":178.012110519,"1":176.2399930663,"2":172.6675616972,"3":169.6137058578,"4":167.0924146294,"5":163.9516903544,"6":160.8990938882,"7":158.6692836941,"8":157.0979774306,"9":155.9891140883,"10":154.593292505,"11":153.5526478125,"12":152.8430435606,"13":152.9407571132,"14":153.2023907903,"15":153.7133734597,"16":154.313957038,"17":154.6944354971,"18":155.1220327363,"19":155.4570880358,"20":155.8230315669,"21":156.1248313274,"22":156.4124456787,"23":156.5949169765,"24":156.6723957506,"25":156.5829172235,"26":156.4788040462,"27":156.2179526043,"28":155.8882687402,"29":155.3882030393,"30":154.7654577354,"31":154.0840269095,"32":153.3669386912,"33":152.6609464277,"34":151.9465077981,"35":151.2650044109,"36":150.5837805571,"37":149.9283292505,"38":149.2782103292,"39":148.6304598066,"40":147.9679211666,"41":147.2595002162,"42":146.5164041397,"43":145.7918885801,"44":145.0641981727,"45":144.3822843936,"46":143.7711328441,"47":143.2781428392,"48":142.9028779513,"49":142.6241018936},"hsnr_0.1":{"0":161.8561224546,"1":159.72908987,"2":155.184793625,"3":151.5651109326,"4":148.8985159321,"5":145.6541556932,"6":142.5005349556,"7":140.1722966367,"8":138.5100907113,"9":137.3750951023,"10":135.9676873864,"11":134.9149865726,"12":134.2282544571,"13":134.3500175365,"14":134.6165263928,"15":135.1699795907,"16":135.7760088096,"17":136.1982390818,"18":136.6603724618,"19":137.0604970623,"20":137.5459146576,"21":137.9816865398,"22":138.461413269,"23":138.92391203,"24":139.3459631108,"25":139.6570260602,"26":140.0625210021,"27":140.3880656446,"28":140.8198344871,"29":141.1726793815,"30":141.4181745166,"31":141.6254987911,"32":141.7170430225,"33":141.8015041632,"34":141.7739223398,"35":141.7641160066,"36":141.8390034775,"37":141.8220835063,"38":141.7924898314,"39":141.7369938369,"40":141.6195997746,"41":141.2667480847,"42":140.8185976832,"43":140.3671036721,"44":139.7463986313,"45":139.0605778545,"46":138.4007149655,"47":137.9280570451,"48":137.6559688633,"49":137.5510391531}}