{"psnr":{"0":210.8123184082,"1":210.5846266176,"2":211.0130406735,"3":211.7609696375,"4":212.4313896074,"5":212.8364235671,"6":213.139178344,"7":213.0770305801,"8":212.8965899709,"9":212.3874750709,"10":211.6325294668,"11":210.8054606913,"12":210.0190219432,"13":209.4765172221,"14":209.3542257153,"15":209.816769784,"16":210.6787066147,"17":211.6169283119,"18":212.5863745873,"19":213.3107284794,"20":213.8452122434,"21":213.9030062576,"22":213.899198621,"23":213.1491734294,"24":212.4109586002,"25":211.7699959853,"26":211.1790131388,"27":210.7363135251,"28":210.644601539,"29":210.8279729685,"30":211.2885614708,"31":211.2934846697,"32":211.3944582241,"33":211.2894726696,"34":210.7481896465,"35":209.501952963,"36":207.7927449075,"37":206.2220042694,"38":205.0109246838,"39":204.1185242998,"40":203.5075025231,"41":203.09255973,"42":203.1569015326,"43":203.2180694797,"44":202.9872028201,"45":202.4775620355,"46":202.0365606302,"47":191.6480203095,"48":192.6411209063,"49":194.95148852},"hsnr_0.1":{"0":190.8127389686,"1":190.5849772275,"2":191.0133063695,"3":191.761307994,"4":192.4317234701,"5":192.836632655,"6":193.1392778441,"7":193.0771979289,"8":192.8968358903,"9":192.3877010842,"10":191.632630961,"11":190.805601526,"12":190.0191409747,"13":189.4768299896,"14":189.3543684285,"15":189.8169203983,"16":190.6789630044,"17":191.6172451744,"18":192.5866334446,"19":193.3110876859,"20":193.8459741188,"21":193.9034247398,"22":193.9000865404,"23":193.1494001974,"24":192.4112902086,"25":191.7707525168,"26":191.179369349,"27":190.7369864438,"28":190.6449273811,"29":190.8283078574,"30":191.2890188989,"31":191.2940061214,"32":191.394783911,"33":191.2898455543,"34":190.7485066731,"35":189.5024464449,"36":187.7932194543,"37":186.2223810175,"38":185.0113425196,"39":184.1188923053,"40":183.5079824667,"41":183.0929159194,"42":183.1573251806,"43":183.2184902558,"44":182.9875720497,"45":182.4779133959,"46":182.0370236249,"47":171.6480872717,"48":172.6412547895,"49":174.9516625664}}