{"psnr":{"0":145.2701519576,"1":144.894246435,"2":144.9301099197,"3":145.2685929749,"4":145.5447194776,"5":145.699197502,"6":145.851984031,"7":145.7250830056,"8":145.5598028925,"9":145.1574528707,"10":144.6112578824,"11":144.1461908257,"12":143.7368943982,"13":143.503516032,"14":143.4140025636,"15":143.5667080115,"16":143.9933196535,"17":144.4689262765,"18":145.0977232405,"19":145.5876677589,"20":145.992454204,"21":146.0479720303,"22":146.2448324158,"23":145.8016259235,"24":145.5574234685,"25":145.4605749041,"26":145.2186893761,"27":144.8351304059,"28":144.492797614,"29":144.3929780964,"30":144.5185726668,"31":144.2160780554,"32":144.192179851,"33":144.128584214,"34":143.7630229551,"35":142.7370631845,"36":141.369154854,"37":140.2823482093,"38":139.3896313786,"39":138.66944174,"40":137.9353497875,"41":137.3180053664,"42":136.9016861879,"43":136.4708210349,"44":136.2070960285,"45":135.743209417,"46":135.1260643801,"47":124.4438017173,"48":125.3247229574,"49":127.3310733123},"hsnr_0.1":{"0":128.2092791828,"1":127.6742226063,"2":127.6692145919,"3":127.9275613405,"4":128.0647291569,"5":128.1363178183,"6":128.1504284347,"7":127.9675728364,"8":127.8143467675,"9":127.3606697809,"10":126.8369130795,"11":126.3328372419,"12":125.9750748754,"13":125.8003488632,"14":125.6548937208,"15":125.8243307322,"16":126.1495056715,"17":126.554770613,"18":127.193672984,"19":127.6234853024,"20":128.1781298758,"21":128.5107837086,"22":129.0162381775,"23":128.7886215805,"24":129.0485032626,"25":129.6019718707,"26":130.0839241182,"27":130.0380838554,"28":129.5561848981,"29":129.8145405116,"30":130.5906704028,"31":130.1532315028,"32":130.6226876739,"33":131.599681711,"34":132.1506139589,"35":130.1271047997,"36":127.6778934307,"37":126.6961134191,"38":125.8863257138,"39":125.6996457676,"40":125.4268921951,"41":125.1183885022,"42":125.4169164354,"43":125.3560517591,"44":126.1942668404,"45":126.1334461733,"46":125.6724432183,"47":105.705528005,"48":106.8035068386,"49":109.6394802058}}