{"psnr":{"0":75.5851135998,"1":75.6748391511,"2":75.8997811391,"3":76.1636567033,"4":76.3478814932,"5":76.4680819286,"6":76.5389525235,"7":76.5744395191,"8":76.5794808188,"9":76.547193217,"10":76.4646388367,"11":76.3231826912,"12":76.1434897462,"13":75.95551487,"14":75.928676541,"15":76.075893381,"16":76.2778489718,"17":76.4372811354,"18":76.5427603624,"19":76.6036997613,"20":76.6288862629,"21":76.6140691803,"22":76.545096664,"23":76.4074149585,"24":76.2018753737,"25":75.9268074162,"26":75.7468990735,"27":75.7403327824,"28":75.8825574066,"29":76.0940980382,"30":76.2424164596,"31":76.3510305169,"32":76.4188914922,"33":76.4369207731,"34":76.3971591531,"35":76.2970539169,"36":76.1462410623,"37":75.9507308671,"38":75.8097266177,"39":75.7577205508,"40":75.7847699106,"41":75.8633460817,"42":75.9875427939,"43":76.132556797,"44":76.2468740338,"45":76.3266638345,"46":76.350139339,"47":76.3143442312,"48":76.2358581173,"49":76.1423355288},"hsnr_0.1":{"0":55.6048739682,"1":55.6947173681,"2":55.9200437182,"3":56.1844970189,"4":56.3687712742,"5":56.48902823,"6":56.559953267,"7":56.5954740866,"8":56.6005494281,"9":56.5682679884,"10":56.4856952895,"11":56.3441445202,"12":56.1643885985,"13":55.9759580829,"14":55.9490530335,"15":56.0966424486,"16":56.2988050366,"17":56.4583130229,"18":56.563828573,"19":56.6247943487,"20":56.6499976639,"21":56.6351681074,"22":56.5661501556,"23":56.4284032716,"24":56.2228012058,"25":55.9471595201,"26":55.7669466108,"27":55.7604010425,"28":55.902909458,"29":56.1150581572,"30":56.2633838556,"31":56.3719997071,"32":56.4398807597,"33":56.4578875075,"34":56.4180820354,"35":56.3179161895,"36":56.1670634758,"37":55.9710790928,"38":55.8298099472,"39":55.777729367,"40":55.8048531976,"41":55.8836081155,"42":56.0081606842,"43":56.1534479294,"44":56.2677725193,"45":56.3475950364,"46":56.3710525889,"47":56.3352157176,"48":56.2566931913,"49":56.1631435474}}