{"psnr":{"0":34.6992933035,"1":33.9612917944,"2":32.27469362,"3":30.4052174801,"4":30.0200473749,"5":29.7986841183,"6":29.6535969133,"7":29.5883259687,"8":29.584312252,"9":29.6731510362,"10":29.8615709966,"11":30.1719484349,"12":30.4674451,"13":32.1155022576,"14":32.3013943676,"15":31.0727790306,"16":30.235450482,"17":29.9309499693,"18":29.7153719474,"19":29.5756557311,"20":29.5112120423,"21":29.5527757161,"22":29.7258009511,"23":30.024497701,"24":30.3840634408,"25":32.4336356621,"26":33.7373377108,"27":33.7462097477,"28":32.6689877802,"29":30.672910065,"30":30.3755397539,"31":30.1646164403,"32":29.9900671733,"33":29.9429478508,"34":30.0099157114,"35":30.1843341225,"36":30.4731611608,"37":32.0041812357,"38":33.1098126365,"39":33.5201554979,"40":33.3274706222,"41":32.7156966372,"42":31.4884251393,"43":30.4456756017,"44":30.2774759617,"45":30.1173015997,"46":30.0689684758,"47":30.1250372664,"48":30.23291376,"49":30.4239379921},"hsnr_0.1":{"0":30.1584933664,"1":30.1014307535,"2":29.962597432,"3":30.1680252696,"4":30.3943875621,"5":30.3113672321,"6":30.252336966,"7":30.2593940212,"8":30.2543588753,"9":30.2936920382,"10":30.3420928677,"11":30.6039915105,"12":30.8178002918,"13":29.8172211523,"14":29.8642511279,"15":30.0487420219,"16":30.5151313724,"17":30.3526409339,"18":30.3106316764,"19":30.2721692829,"20":30.2395265625,"21":30.2492416811,"22":30.294983242,"23":30.3853440145,"24":30.5391666265,"25":29.9435195769,"26":30.1514252575,"27":30.1260912604,"28":29.8973723954,"29":30.3587987755,"30":30.5755995736,"31":30.5352178092,"32":30.3909887097,"33":30.3834584917,"34":30.4216345558,"35":30.5588968286,"36":30.5091894992,"37":30.3539422239,"38":30.2702798106,"39":30.217551872,"40":29.9862612818,"41":29.8033953107,"42":29.9798128767,"43":30.6842036642,"44":30.6470684236,"45":30.4589172417,"46":30.4345997667,"47":30.4935564861,"48":30.56811247,"49":30.4511186001}}