{"compression_rate":{"0":5.3304473648,"1":5.3286549131,"2":5.3280371201,"3":5.3292620363,"4":5.3332850173,"5":5.3363191679,"6":5.3377329211,"7":5.3366360971,"8":5.3343283791,"9":5.3355034568,"10":5.3398972323,"11":5.3415704487,"12":5.3430781182,"13":5.3409885049,"14":5.338155378,"15":5.3344881792,"16":5.3365391378,"17":5.3394252374,"18":5.3395851343,"19":5.3366488168,"20":5.3320674104,"21":5.3331313284,"22":5.3361552969,"23":5.3358400924,"24":5.332998888,"25":5.3303106892,"26":5.3260309049,"27":5.3237742654,"28":5.3228599058,"29":5.3229903908,"30":5.3231304256,"31":5.3220012291,"32":5.318579025,"33":5.3166889919,"34":5.3171228209,"35":5.3179476223,"36":5.3159849984,"37":5.3141090071,"38":5.3122477695,"39":5.3101671254,"40":5.305768735,"41":5.3045100938,"42":5.3016169489,"43":5.2967150204,"44":5.2895384724,"45":5.2847985051,"46":5.2790204989,"47":5.2719017583,"48":5.2642224476,"49":5.257630845},"compression_time":{"0":8.6526894569,"1":8.6786735058,"2":8.6338729858,"3":8.5876710415,"4":8.5810143948,"5":8.5680336952,"6":8.5995018482,"7":8.571770668,"8":8.5421512127,"9":8.5407159328,"10":8.5213725567,"11":8.5253100395,"12":8.5320334435,"13":8.5514082909,"14":8.5425577164,"15":8.5398061275,"16":8.5366237164,"17":8.5199177265,"18":8.6159267426,"19":8.5746946335,"20":8.5654892921,"21":8.5307905674,"22":8.6389715672,"23":8.530277729,"24":8.582681179,"25":8.5485086441,"26":8.6080927849,"27":8.5624575615,"28":8.5556390285,"29":8.561296463,"30":8.5645623207,"31":8.6123864651,"32":8.6041975021,"33":8.6159415245,"34":8.57695961,"35":8.5755259991,"36":8.638702631,"37":8.5763452053,"38":8.6494567394,"39":8.5471918583,"40":8.5441451073,"41":8.5495755672,"42":8.6377696991,"43":8.581546545,"44":8.5815682411,"45":8.5855867863,"46":8.6100988388,"47":8.6218760014,"48":8.6847581863,"49":8.6980903149},"decompression_time":{"0":1.6858885288,"1":1.6685886383,"2":1.6393167973,"3":1.623216629,"4":1.6262862682,"5":1.6264533997,"6":1.6635410786,"7":1.6309587955,"8":1.6217448711,"9":1.6196558475,"10":1.6218662262,"11":1.6246914864,"12":1.6241014004,"13":1.6240224838,"14":1.6216924191,"15":1.6172227859,"16":1.6227989197,"17":1.616745472,"18":1.6324627399,"19":1.6226506233,"20":1.6205868721,"21":1.6211555004,"22":1.6349110603,"23":1.6326842308,"24":1.6481773853,"25":1.632666111,"26":1.6226899624,"27":1.6297402382,"28":1.633425951,"29":1.6334993839,"30":1.6452641487,"31":1.6211614609,"32":1.6643276215,"33":1.6447491646,"34":1.640609026,"35":1.6251571178,"36":1.6350750923,"37":1.638133049,"38":1.6549413204,"39":1.6282043457,"40":1.6256222725,"41":1.6200129986,"42":1.6675112247,"43":1.6334147453,"44":1.6317002773,"45":1.6280255318,"46":1.6404778957,"47":1.6393697262,"48":1.6411621571,"49":1.6404058933}}