{"psnr":{"0":76.6381192587,"1":76.58749812,"2":76.5351192224,"3":76.4477610197,"4":76.2819505117,"5":76.0266679664,"6":75.7754849078,"7":75.7021639809,"8":75.8625900023,"9":76.1218475101,"10":76.3390181364,"11":76.4729741614,"12":76.5424212523,"13":76.5771229897,"14":76.5985633554,"15":76.6128659057,"16":76.6104848994,"17":76.5727195974,"18":76.4875011119,"19":76.3621377304,"20":76.2424655546,"21":76.1830768654,"22":76.1989341452,"23":76.2585527563,"24":76.3282107962,"25":76.3957921334,"26":76.4618099419,"27":76.5231972516,"28":76.5713483926,"29":76.5932530287,"30":76.5782250162,"31":76.5187682562,"32":76.4083653781,"33":76.2426130414,"34":76.0343815533,"35":75.8278489804,"36":75.6977579274,"37":75.7059088279,"38":75.8449219801,"39":76.0443485892,"40":76.2322864163,"41":76.3743257477,"42":76.4631973272,"43":76.5040957757,"44":76.5006070354,"45":76.4512297722,"46":76.3486349335,"47":76.1889427732,"48":75.9879858583,"49":75.8033637465},"hsnr_0.1":{"0":56.6697962212,"1":56.6186734627,"2":56.5657474822,"3":56.4776153084,"4":56.310602823,"5":56.0538765763,"6":55.8015904797,"7":55.7280042277,"8":55.8890418137,"9":56.1495205302,"10":56.3679757501,"11":56.5029272351,"12":56.5729883356,"13":56.6080176304,"14":56.6296288007,"15":56.6439826442,"16":56.6414874773,"17":56.6033308511,"18":56.5174183369,"19":56.3911916999,"20":56.270833563,"21":56.2111388736,"22":56.2271054088,"23":56.2870687439,"24":56.357204573,"25":56.425298397,"26":56.4918353071,"27":56.5536863597,"28":56.602183761,"29":56.6241988999,"30":56.60896842,"31":56.5489798027,"32":56.4377869551,"33":56.271019118,"34":56.0617252652,"35":55.8543160901,"36":55.7237875227,"37":55.7320439571,"38":55.8716748551,"39":56.0720115364,"40":56.2608897601,"41":56.4037513208,"42":56.4931563845,"43":56.5342878375,"44":56.5307159987,"45":56.4809451058,"46":56.3776561316,"47":56.2170571659,"48":56.0150840522,"49":55.8296673836}}