{"psnr":{"0":25.2334032879,"1":25.4811733731,"2":25.7817749357,"3":26.2049335173,"4":26.8546382388,"5":27.6622490479,"6":28.320009593,"7":28.4766769908,"8":28.0684763871,"9":27.3214469362,"10":26.5763431929,"11":26.0169680672,"12":25.6705888034,"13":25.4816195551,"14":25.3892557039,"15":25.3756541127,"16":25.4666311256,"17":25.7158436501,"18":26.1328431708,"19":26.622530239,"20":27.0108037406,"21":27.1792464864,"22":27.0969245833,"23":26.8624676503,"24":26.5565104018,"25":26.2462337725,"26":25.9547666029,"27":25.7142096507,"28":25.5581928874,"29":25.5305785245,"30":25.6633107635,"31":25.9697185445,"32":26.4225478058,"33":26.985449725,"34":27.567214984,"35":28.0408222379,"36":28.2612884015,"37":28.1570133208,"38":27.7648936533,"39":27.2234353214,"40":26.6820442622,"41":26.2351370154,"42":25.9508237475,"43":25.8343428463,"44":25.8840906181,"45":26.099250369,"46":26.4864965653,"47":26.9867875831,"48":27.5325685207,"49":27.9553808538},"hsnr_0.1":{"0":24.4926021691,"1":24.5296436842,"2":24.5462848556,"3":24.5832115292,"4":24.7003187015,"5":24.9533260073,"6":25.3158463418,"7":25.4523724178,"8":25.1858545682,"9":24.8563777912,"10":24.6552758922,"11":24.5585736134,"12":24.5231550668,"13":24.5098447056,"14":24.494194618,"15":24.4717965794,"16":24.4559403046,"17":24.4687880166,"18":24.5251510988,"19":24.6248296726,"20":24.7352405632,"21":24.8033196248,"22":24.7950439955,"23":24.7510767906,"24":24.7052462973,"25":24.6717858751,"26":24.6373064617,"27":24.5958240838,"28":24.5534901619,"29":24.5249541046,"30":24.5229038602,"31":24.5573154923,"32":24.6337778094,"33":24.7809349797,"34":25.0139541795,"35":25.3222432617,"36":25.5893232035,"37":25.6305292421,"38":25.4218495893,"39":25.1373390377,"40":24.9009443897,"41":24.7373572317,"42":24.6397253209,"43":24.5859955289,"44":24.5704471631,"45":24.5948552249,"46":24.6736893389,"47":24.8179303602,"48":25.0584699395,"49":25.3517213357}}