{"psnr":{"0":129.1083641438,"1":146.4714741578,"2":146.095311538,"3":146.1716656397,"4":146.5553392476,"5":147.5987961824,"6":148.8693586192,"7":149.677093426,"8":149.4343429618,"9":148.4958892603,"10":147.5102444698,"11":146.9196527784,"12":146.8885941752,"13":147.1526184544,"14":147.3329969966,"15":147.2802151337,"16":147.4439624972,"17":148.1213312978,"18":148.9622701658,"19":149.0277727508,"20":149.3281533742,"21":149.1899153448,"22":149.2190258921,"23":149.3844274405,"24":149.3717610067,"25":149.0895286257,"26":148.7823204611,"27":148.4704277502,"28":148.1205731196,"29":147.7881287889,"30":147.7891477868,"31":148.2397801561,"32":148.7403925175,"33":149.0019476067,"34":149.0474001682,"35":149.1071119682,"36":149.2319644212,"37":149.1903000163,"38":148.8529563591,"39":148.3148262047,"40":147.6611573529,"41":146.0258767964,"42":146.9879544126,"43":146.7505950652,"44":146.6817334729,"45":146.9749135009,"46":147.6048662233,"47":148.1674164895,"48":148.4216733015,"49":148.4239085009},"hsnr_0.1":{"0":109.1088533067,"1":126.4714877502,"2":126.095339124,"3":126.1716820989,"4":126.5553638312,"5":127.5988134809,"6":128.8693718123,"7":129.6771027222,"8":129.4343520094,"9":128.4958980706,"10":127.5102539918,"11":126.9196653821,"12":126.8886097375,"13":127.1526329159,"14":127.3330076167,"15":127.280225018,"16":127.4439722318,"17":128.1213450182,"18":128.962283148,"19":129.0278452423,"20":129.3281665633,"21":129.1899301397,"22":129.2190391501,"23":129.384438218,"24":129.3717712867,"25":129.0895392792,"26":128.7823278783,"27":128.4704366141,"28":128.120582386,"29":127.7881392276,"30":127.7891582408,"31":128.2397894004,"32":128.7404004623,"33":129.0019550318,"34":129.0474119676,"35":129.1071227816,"36":129.2319712873,"37":129.1903069331,"38":128.8529646555,"39":128.3148366607,"40":127.6611686954,"41":126.0260949064,"42":126.9879658381,"43":126.7506073078,"44":126.6817455863,"45":126.9749386165,"46":127.6048826704,"47":128.1674263031,"48":128.4216853678,"49":128.4239186351}}