{"psnr":{"0":81.734407096,"1":82.8474325545,"2":82.3707112482,"3":82.4006708173,"4":82.3221965387,"5":82.3403472121,"6":82.3497445946,"7":82.3679081194,"8":82.331777019,"9":82.3037708757,"10":82.3016224947,"11":82.3251701169,"12":82.3439533446,"13":82.3221758068,"14":82.3444019341,"15":82.3189073023,"16":82.2586763191,"17":82.2289217041,"18":82.2477296271,"19":81.8798579295,"20":82.208703286,"21":82.1993120618,"22":82.1962976607,"23":82.2314857357,"24":82.2313190668,"25":82.197839119,"26":82.2520692527,"27":82.2803572678,"28":82.2929556099,"29":82.3070950212,"30":82.3063869899,"31":82.2870150657,"32":82.2596662107,"33":82.2575819983,"34":82.2262826354,"35":82.2108049515,"36":82.2467253903,"37":82.2629300685,"38":82.2743778937,"39":82.3345635647,"40":82.2970283662,"41":81.081632226,"42":82.3354374925,"43":82.3472570232,"44":82.3213968204,"45":82.2476972692,"46":82.2696856145,"47":82.3135375399,"48":82.3073841368,"49":82.2898909835},"hsnr_0.1":{"0":63.3704405766,"1":72.6210230439,"2":70.1888966682,"3":69.4794065297,"4":68.8475185126,"5":69.1519222977,"6":69.942833291,"7":70.3872442796,"8":70.5165633665,"9":70.5030772396,"10":70.5035627136,"11":70.5936951194,"12":70.6149357546,"13":70.6101791912,"14":70.6762636503,"15":70.5991196995,"16":70.5022555796,"17":70.4819652734,"18":70.5038606993,"19":70.1003995596,"20":70.2384380981,"21":70.0888636049,"22":70.0853113255,"23":70.2789089334,"24":70.3917782925,"25":70.4377502812,"26":70.5233399013,"27":70.5803981637,"28":70.5840002139,"29":70.5954295026,"30":70.5042824009,"31":70.5360868319,"32":70.4907449519,"33":70.4359709383,"34":70.3426952558,"35":70.3376028323,"36":70.4146786473,"37":70.4311984133,"38":70.4632935003,"39":70.555577888,"40":70.4838976251,"41":69.4267726354,"42":70.531458226,"43":70.4071257569,"44":70.3191461495,"45":70.2957994702,"46":70.3852725386,"47":70.4469516905,"48":70.3884194483,"49":70.3336511711}}