{"psnr":{"0":158.6868762033,"1":158.77473819,"2":158.9272116547,"3":159.0405396469,"4":159.0789289309,"5":159.0260654748,"6":158.9739708728,"7":158.9420433191,"8":158.9760229279,"9":159.0581020276,"10":159.0661452045,"11":158.9621845704,"12":158.6624657665,"13":158.3617996828,"14":158.0694556431,"15":157.9346620884,"16":157.9313987862,"17":158.2725591966,"18":158.5505694325,"19":158.923872574,"20":159.2464267539,"21":159.5012576546,"22":159.6914253433,"23":159.67386988,"24":159.5916135893,"25":159.4509227911,"26":159.2678017529,"27":159.0449887907,"28":158.9929678577,"29":158.9234317156,"30":158.99974862,"31":159.0961914439,"32":159.2442678513,"33":159.378884602,"34":159.5193485191,"35":159.6087053062,"36":159.7025199426,"37":159.6572149564,"38":159.5745920037,"39":159.5431140631,"40":159.4534454469,"41":159.294364581,"42":159.3127719503,"43":159.1906932345,"44":158.9853020891,"45":158.8171485125,"46":158.7812495388,"47":158.7634931993,"48":158.8182341864,"49":158.7461956067},"hsnr_0.1":{"0":138.6880102096,"1":138.7756988244,"2":138.9280815988,"3":139.0412872735,"4":139.0797254189,"5":139.0268882121,"6":138.9746294414,"7":138.9426381362,"8":138.9765087732,"9":139.0586215074,"10":139.0666847766,"11":138.9627620245,"12":138.6629086015,"13":138.3621213265,"14":138.0699153213,"15":137.9353296236,"16":137.9319997886,"17":138.2732239613,"18":138.5510647368,"19":138.9241665216,"20":139.2469149894,"21":139.5017547703,"22":139.6918877232,"23":139.6742698142,"24":139.5919818607,"25":139.4513020845,"26":139.2681049391,"27":139.0452073724,"28":138.9931940553,"29":138.9237466644,"30":139.0000827247,"31":139.0965117723,"32":139.2445393768,"33":139.3791484812,"34":139.5196240885,"35":139.6090142768,"36":139.7028629587,"37":139.6575241828,"38":139.5748693884,"39":139.5433645953,"40":139.453681664,"41":139.2946088681,"42":139.3130208777,"43":139.1910095918,"44":138.985611093,"45":138.8174470541,"46":138.7815318471,"47":138.7637548996,"48":138.8184828105,"49":138.7464265911}}