{"psnr":{"0":147.323367934,"1":147.1763382607,"2":146.5247937815,"3":145.7249962239,"4":144.9028964113,"5":143.6360516288,"6":142.5132176924,"7":142.617693302,"8":143.0398037155,"9":143.8160764121,"10":144.8520634749,"11":145.5368303115,"12":146.220161634,"13":146.7119663537,"14":146.2313408628,"15":145.5904676516,"16":144.5135015042,"17":143.1125982412,"18":141.8743661703,"19":140.9968765973,"20":140.5485612836,"21":140.5627143389,"22":140.7258938076,"23":141.0031831198,"24":140.9944331145,"25":141.779869629,"26":142.7307758501,"27":143.4181183123,"28":143.6549631634,"29":143.8430304488,"30":143.5289711756,"31":143.2691265512,"32":143.1251394664,"33":142.7475035814,"34":142.1691245447,"35":141.6985633608,"36":141.0122378336,"37":140.1263107961,"38":140.6173539878,"39":141.3647812984,"40":142.1611208011,"41":142.4229477983,"42":142.0151782414,"43":142.1679328906,"44":142.1509715947,"45":141.989157221,"46":141.5405452897,"47":140.8937187088,"48":139.8413257274,"49":139.2645769372},"hsnr_0.1":{"0":127.3820435234,"1":127.2260586316,"2":126.5779099225,"3":125.7670415161,"4":124.9369813016,"5":123.6927786051,"6":122.5780211516,"7":122.6846139281,"8":123.0778281033,"9":123.8704843473,"10":124.9069149527,"11":125.5940637296,"12":126.2753200572,"13":126.7579630564,"14":126.3009258036,"15":125.6601220721,"16":124.6244272811,"17":123.2232462292,"18":121.9796908182,"19":121.0662212536,"20":120.6046659557,"21":120.6111561863,"22":120.7521473208,"23":121.0346435012,"24":121.0509026493,"25":121.9144572147,"26":122.8537434437,"27":123.5489402747,"28":123.7912655896,"29":123.9796010838,"30":123.6556899855,"31":123.3869514322,"32":123.2364039128,"33":122.8439865135,"34":122.2796027162,"35":121.7633891669,"36":121.1091571981,"37":120.1779124298,"38":120.6806765075,"39":121.4199316518,"40":122.2275539998,"41":122.4920210472,"42":122.0756072918,"43":122.2256104385,"44":122.207768687,"45":122.0460306797,"46":121.5948699505,"47":120.9504003827,"48":119.8971348373,"49":119.3265009638}}