{"psnr":{"0":80.2137091989,"1":80.2736019893,"2":79.7819622634,"3":79.1770613887,"4":78.8324253687,"5":78.0317438501,"6":77.360774779,"7":77.5286684378,"8":77.7418692434,"9":77.8557633792,"10":78.3218727844,"11":78.6524390954,"12":79.1480967082,"13":79.5599941164,"14":78.9619569532,"15":78.0533256714,"16":76.8070864925,"17":75.5537260737,"18":74.6372998388,"19":74.2879343099,"20":74.2982746086,"21":74.5183047579,"22":74.8503377128,"23":74.6882221084,"24":74.4070316759,"25":74.5188394485,"26":75.4300764387,"27":75.9493942614,"28":76.0005748865,"29":76.1513646781,"30":75.9985839128,"31":76.0139982927,"32":76.2411616763,"33":76.4576418591,"34":76.4190005162,"35":76.4900621025,"36":75.8416606252,"37":74.7652368998,"38":74.9141039883,"39":75.3341313135,"40":75.6452227582,"41":75.709918014,"42":75.2633578587,"43":75.3660009235,"44":75.3919323119,"45":75.3534551772,"46":75.2369759103,"47":74.8690490645,"48":74.0656269283,"49":73.4809029135},"hsnr_0.1":{"0":67.8526539828,"1":67.9557212058,"2":67.7764108208,"3":67.4719466307,"4":67.267310731,"5":67.3370127914,"6":66.7089521182,"7":66.988419575,"8":67.5940640126,"9":67.4010415788,"10":67.8127158882,"11":68.0895354907,"12":68.0867433219,"13":67.9722252356,"14":67.7895668978,"15":67.7516041645,"16":66.7360687916,"17":65.6662140155,"18":65.4618401283,"19":65.3269079696,"20":65.0173709249,"21":65.377061624,"22":65.562990545,"23":65.4233517731,"24":64.5575428359,"25":65.0758650768,"26":65.4321920763,"27":65.1535752743,"28":64.8696904217,"29":65.6418396729,"30":65.2185363301,"31":65.3714164097,"32":65.2901767567,"33":66.0038119556,"34":65.6330490068,"35":64.6138835408,"36":65.4158918059,"37":64.717860243,"38":64.5086209034,"39":64.9000481331,"40":64.5402251608,"41":65.0112741142,"42":64.4801520566,"43":64.7706004651,"44":65.1310743813,"45":64.9343760813,"46":65.2426458162,"47":65.17344282,"48":64.4247174351,"49":63.4818255494}}