{"psnr":{"0":67.9163851855,"1":76.2622628704,"2":75.7403517649,"3":75.487815183,"4":75.491663693,"5":75.8129495259,"6":76.2900220378,"7":76.706776455,"8":76.9167345315,"9":76.9686096776,"10":76.6824527474,"11":76.28116833,"12":76.0317685323,"13":76.0688514456,"14":76.2173260263,"15":76.2974245583,"16":76.3947421186,"17":76.6236741298,"18":76.8692999077,"19":76.9867946845,"20":77.0000011889,"21":76.9946777856,"22":77.0295545055,"23":77.0732952254,"24":77.0716214683,"25":77.0186349827,"26":76.9439924452,"27":76.8628217794,"28":76.7335192797,"29":76.5496666225,"30":76.4940484597,"31":76.6659095334,"32":76.8641220635,"33":76.9565614572,"34":76.9771293316,"35":76.9843394508,"36":76.9993150788,"37":76.9885882091,"38":76.903886027,"39":76.7321026478,"40":76.5206223594,"41":76.3417302501,"42":76.1907143345,"43":76.0526167691,"44":76.0283325359,"45":76.206536345,"46":76.4603264758,"47":76.6362692074,"48":76.7014999485,"49":76.6872366319},"hsnr_0.1":{"0":47.9822522373,"1":56.3043188079,"2":55.7663858084,"3":55.5124372902,"4":55.5165690857,"5":55.8396516322,"6":56.3193032594,"7":56.7395631386,"8":56.9496204883,"9":57.005492174,"10":56.7157227787,"11":56.3104035981,"12":56.058971003,"13":56.0963289768,"14":56.2459598362,"15":56.3267696937,"16":56.4246906313,"17":56.6549450091,"18":56.9032553816,"19":57.0220808743,"20":57.0353351611,"21":57.0297026358,"22":57.064918575,"23":57.1091061161,"24":57.1072087762,"25":57.0536085664,"26":56.978234861,"27":56.8965510663,"28":56.7662688552,"29":56.5808281104,"30":56.5247899593,"31":56.6977952166,"32":56.8977477654,"33":56.9910658008,"34":57.0118498478,"35":57.0191504988,"36":57.0343203386,"37":57.0235125832,"38":56.9378140771,"39":56.7643365811,"40":56.5511721365,"41":56.3712010596,"42":56.2194186837,"43":56.0806391644,"44":56.0561146006,"45":56.2350742976,"46":56.4903646494,"47":56.6677007027,"48":56.7336204701,"49":56.7193349992}}