{"psnr":{"0":99.1221422977,"1":27.6035430778,"2":28.70847285,"3":28.8537998986,"4":28.1996879148,"5":26.696056788,"6":24.9948182075,"7":23.6302627396,"8":24.0907412007,"9":24.2149571173,"10":25.8167515367,"11":27.2923599871,"12":27.8655077597,"13":27.5067368701,"14":27.0420726393,"15":26.8615801785,"16":26.4673624213,"17":25.523428742,"18":24.2272003291,"19":23.5753674096,"20":23.5915061289,"21":23.7860278198,"22":23.7265654739,"23":23.5620782848,"24":23.6476688505,"25":24.0101411573,"26":24.4954938731,"27":24.901284512,"28":25.4037010624,"29":25.9832030311,"30":26.010183388,"31":25.3437729006,"32":24.5287781264,"33":24.1228486532,"34":24.0168148609,"35":23.9314032794,"36":23.8174300437,"37":23.8921558813,"38":24.3982904443,"39":25.2667401701,"40":26.1723776016,"41":26.7919384155,"42":27.1966749742,"43":27.5365705098,"44":27.6063295281,"45":27.1163426436,"46":26.2551875519,"47":25.4914220945,"48":25.095841227,"49":25.0580905796},"hsnr_0.1":{"0":84.2185223461,"1":24.2746375072,"2":25.1109736766,"3":25.6483329902,"4":25.8292020141,"5":25.3922784463,"6":24.8188945973,"7":24.42568866,"8":24.6397746011,"9":24.1382465828,"10":24.2792067479,"11":24.5363940825,"12":24.7033540913,"13":24.7188339993,"14":24.6890199311,"15":24.7163634847,"16":24.6858417146,"17":24.5343704938,"18":24.2696079822,"19":24.169123451,"20":24.173463409,"21":24.2149777015,"22":24.1973680751,"23":24.1696880354,"24":24.1878881794,"25":24.2139693333,"26":24.2641030873,"27":24.2992950478,"28":24.3537180226,"29":24.5081058957,"30":24.5592581388,"31":24.4280877461,"32":24.2928673218,"33":24.2600806057,"34":24.2677521093,"35":24.2672894145,"36":24.2437392338,"37":24.2299466698,"38":24.2801290381,"39":24.3929284681,"40":24.5440931935,"41":24.6841521215,"42":24.8390093483,"43":25.0268159917,"44":25.0746459562,"45":24.84950946,"46":24.5990268309,"47":24.4568186176,"48":24.4134264761,"49":24.4382939877}}