{"psnr":{"0":76.5123754764,"1":76.4677628731,"2":76.4225678864,"3":76.3449063193,"4":76.1921445515,"5":75.9400987136,"6":75.6574624942,"7":75.5818934298,"8":75.7522275269,"9":76.039177732,"10":76.24571201,"11":76.3685068287,"12":76.4304541908,"13":76.4612015968,"14":76.4809665908,"15":76.4954831003,"16":76.4956877076,"17":76.4638240528,"18":76.3860884547,"19":76.2705235975,"20":76.1577681274,"21":76.1012732953,"22":76.1152005542,"23":76.1701779446,"24":76.2336290534,"25":76.2945490511,"26":76.3545399409,"27":76.4109048717,"28":76.4555242743,"29":76.4771559155,"30":76.465692906,"31":76.4123145685,"32":76.3095594943,"33":76.1548752346,"34":75.936773097,"35":75.696892975,"36":75.554648663,"37":75.5637405666,"38":75.7092595048,"39":75.9188228975,"40":76.1207474354,"41":76.2724383598,"42":76.3564091265,"43":76.3957583404,"44":76.3938413261,"45":76.3487033339,"46":76.2530799727,"47":76.1022360554,"48":75.8654215349,"49":75.6647337409},"hsnr_0.1":{"0":56.5332595468,"1":56.4886427672,"2":56.4434813928,"3":56.3658870445,"4":56.2131712331,"5":55.9609722631,"6":55.6776544527,"7":55.6019640235,"8":55.7725636631,"9":56.0601049946,"10":56.2666567138,"11":56.3894414003,"12":56.4513649452,"13":56.4820858592,"14":56.5018588657,"15":56.5164093333,"16":56.5166725275,"17":56.4848774326,"18":56.4071567798,"19":56.2915906317,"20":56.1787840622,"21":56.1222739312,"22":56.1361951993,"23":56.191172743,"24":56.2545813275,"25":56.315476972,"26":56.3754381219,"27":56.4317848978,"28":56.4764311855,"29":56.4980989753,"30":56.4866784623,"31":56.4333220867,"32":56.3305387741,"33":56.175853741,"34":55.9574968061,"35":55.7169691167,"36":55.5744210308,"37":55.5834998042,"38":55.7292104731,"39":55.9390705302,"40":56.1413408842,"41":56.2932823847,"42":56.3772532629,"43":56.4166430932,"44":56.4147559387,"45":56.3696433125,"46":56.2740066443,"47":56.1230745714,"48":55.8857532178,"49":55.6846254381}}