{"psnr":{"0":29.7906087611,"1":29.9127170057,"2":30.0370592591,"3":30.1819200068,"4":30.4168499888,"5":31.1836262695,"6":33.4777370024,"7":33.8891549224,"8":32.7217563937,"9":30.7172916249,"10":30.27362767,"11":30.0220351588,"12":29.8802131743,"13":29.810772369,"14":29.7618837016,"15":29.7344809792,"16":29.7435428682,"17":29.8241610992,"18":30.0157357446,"19":30.2518394965,"20":30.4604822667,"21":30.5449870448,"22":30.5122186641,"23":30.4013219673,"24":30.2883459969,"25":30.1663558394,"26":30.0593837471,"27":29.9653900925,"28":29.8794331646,"29":29.8479193559,"30":29.8867358616,"31":30.015537671,"32":30.2452038085,"33":30.4912818437,"34":31.4587929851,"35":33.777487207,"36":35.1448700446,"37":34.9114954836,"38":33.7041399412,"39":32.3014721933,"40":31.0341323045,"41":30.1934942214,"42":30.0547969829,"43":29.9665544342,"44":29.9622988281,"45":30.0357367832,"46":30.2199373142,"47":30.505847561,"48":32.5348312623,"49":34.267089309},"hsnr_0.1":{"0":30.362708954,"1":30.3948905389,"2":30.3830806504,"3":30.3328973399,"4":30.4135727145,"5":30.1790010119,"6":30.0494743538,"7":30.2568162278,"8":30.0303485686,"9":30.2194315675,"10":30.5085197965,"11":30.3959740611,"12":30.3188294762,"13":30.3444258441,"14":30.3155838965,"15":30.2802357673,"16":30.2422546032,"17":30.2346343206,"18":30.4007628922,"19":30.4256326858,"20":30.4382562974,"21":30.4248930112,"22":30.4516471073,"23":30.4623865119,"24":30.5362934376,"25":30.3976500065,"26":30.3979937322,"27":30.45441035,"28":30.3758836809,"29":30.3304871115,"30":30.3075667354,"31":30.363741209,"32":30.5818261554,"33":30.6053776583,"34":30.1247538148,"35":29.8365383856,"36":30.1036757896,"37":30.3846155914,"38":30.3441209094,"39":30.2885164771,"40":30.2801846893,"41":30.3463999677,"42":30.4691590122,"43":30.4077635378,"44":30.4027879142,"45":30.405418621,"46":30.5317434365,"47":31.0203884552,"48":29.6625738133,"49":29.802447015}}