{"compression_rate":{"0":7.8294108162,"1":7.8278339974,"2":7.830232234,"3":7.8325196461,"4":7.8313043762,"5":7.8361380469,"6":7.8370494652,"7":7.8273750714,"8":7.8134780533,"9":7.8108497406,"10":7.8156850207,"11":7.81903183,"12":7.8211644541,"13":7.8158947833,"14":7.8082321234,"15":7.7997625826,"16":7.8013298936,"17":7.8049726034,"18":7.8026638069,"19":7.7962836041,"20":7.7874860493,"21":7.7891510414,"22":7.7964340255,"23":7.7972650081,"24":7.7947027502,"25":7.7885807159,"26":7.7800265378,"27":7.7773152755,"28":7.7766758348,"29":7.7794220993,"30":7.7819725458,"31":7.7826124143,"32":7.7815384884,"33":7.7830683239,"34":7.7916145276,"35":7.8011311605,"36":7.8080491076,"37":7.8103392077,"38":7.8130739949,"39":7.8129390202,"40":7.8132331103,"41":7.8152315428,"42":7.8141812324,"43":7.8095746498,"44":7.8004624041,"45":7.7938104938,"46":7.7841120611,"47":7.7738593856,"48":7.7580957206,"49":7.747673207},"compression_time":{"0":8.4629437923,"1":8.3929519653,"2":8.3588161469,"3":8.3678517342,"4":8.3560199738,"5":8.3557579517,"6":8.3389077187,"7":8.3444910049,"8":8.337574482,"9":8.3315007687,"10":8.3321175575,"11":8.3262941837,"12":8.3503067493,"13":8.3376760483,"14":8.3419885635,"15":8.3943471909,"16":8.3372070789,"17":8.3222949505,"18":8.4279222488,"19":8.3864905834,"20":8.3689143658,"21":8.3423371315,"22":8.3190772533,"23":8.2691812515,"24":8.4105584621,"25":8.3561661243,"26":8.3476979733,"27":8.3417987823,"28":8.335777998,"29":8.4003441334,"30":8.3550345898,"31":8.3590390682,"32":8.3514773846,"33":8.3619215488,"34":8.4032053947,"35":8.3202695847,"36":8.459372282,"37":8.3640098572,"38":8.359821558,"39":8.3378460407,"40":8.331622839,"41":8.3465468884,"42":8.4086372852,"43":8.3989393711,"44":8.3409223557,"45":8.3444018364,"46":8.3834867477,"47":8.3598852158,"48":8.4031362534,"49":8.4761381149},"decompression_time":{"0":1.5934813023,"1":1.5875396729,"2":1.5864181519,"3":1.5753469467,"4":1.5753326416,"5":1.5786972046,"6":1.5804855824,"7":1.5805323124,"8":1.5757002831,"9":1.572701931,"10":1.5754182339,"11":1.6155152321,"12":1.6339149475,"13":1.5832922459,"14":1.5790548325,"15":1.5846493244,"16":1.581564188,"17":1.5803277493,"18":1.6155364513,"19":1.5835952759,"20":1.5890116692,"21":1.5843672752,"22":1.5598990917,"23":1.5564177036,"24":1.6347424984,"25":1.6046764851,"26":1.5927884579,"27":1.5835244656,"28":1.5811581612,"29":1.5875678062,"30":1.5869441032,"31":1.5994694233,"32":1.5821869373,"33":1.5832459927,"34":1.5894999504,"35":1.575643301,"36":1.5925664902,"37":1.5973448753,"38":1.5862956047,"39":1.5801160336,"40":1.5856702328,"41":1.5937716961,"42":1.7234587669,"43":1.5941681862,"44":1.5885236263,"45":1.5895419121,"46":1.5867147446,"47":1.5954363346,"48":1.583650589,"49":1.6023445129}}