{"psnr":{"0":67.9163851934,"1":76.0304647451,"2":75.5597954523,"3":75.318301312,"4":75.3173598518,"5":75.6158835631,"6":76.0589347233,"7":76.4327494724,"8":76.6390447429,"9":76.6396316513,"10":76.4181272781,"11":76.0727735604,"12":75.8457375893,"13":75.8786130358,"14":76.0119857615,"15":76.080644945,"16":76.1669036557,"17":76.3774451711,"18":76.5930592711,"19":76.6986858121,"20":76.7119359472,"21":76.7109825167,"22":76.743870121,"23":76.7841393137,"24":76.7853045387,"25":76.7401717428,"26":76.6752373955,"27":76.6016733358,"28":76.4807432993,"29":76.3121546874,"30":76.259383742,"31":76.4177762819,"32":76.5970447785,"33":76.6795387747,"34":76.6949318321,"35":76.7000711699,"36":76.7132337337,"37":76.7042644884,"38":76.6322868737,"39":76.4807399774,"40":76.2875556472,"41":76.1202356428,"42":75.9792459719,"43":75.8486509692,"44":75.8259432787,"45":75.9939870925,"46":76.2300299414,"47":76.3901115208,"48":76.4474283783,"49":76.4332825765},"hsnr_0.1":{"0":47.9822522514,"1":56.0601765913,"2":55.5787989298,"3":55.3369877445,"4":55.3360433797,"5":55.6345848929,"6":56.0776705428,"7":56.4515118825,"8":56.6578099827,"9":56.6583603851,"10":56.4368564773,"11":56.0916469049,"12":55.8647784428,"13":55.8976916805,"14":56.0310175956,"15":56.0996103257,"16":56.185787767,"17":56.3962354231,"18":56.6117880187,"19":56.7173888223,"20":56.7306292209,"21":56.7296681389,"22":56.7625523495,"23":56.8028283842,"24":56.804015046,"25":56.7589178203,"26":56.6940203821,"27":56.6204875428,"28":56.4996015035,"29":56.3310717322,"30":56.278318587,"31":56.4366461491,"32":56.6158303364,"33":56.6982744273,"34":56.7136499556,"35":56.7187841329,"36":56.7319432626,"37":56.7229771494,"38":56.6510194716,"39":56.4995223382,"40":56.3064205624,"41":56.1391825912,"42":55.9982484309,"43":55.8676703141,"44":55.8449187077,"45":56.0128603432,"46":56.2488070565,"47":56.4088350527,"48":56.4661314212,"49":56.4519802981}}