{"psnr":{"0":167.2059622319,"1":53.525831873,"2":58.8264001616,"3":62.5848025782,"4":64.524011245,"5":63.505631371,"6":60.5566384678,"7":58.0245640266,"8":56.9336931696,"9":56.8738655329,"10":56.965803675,"11":56.4802168342,"12":57.3113668465,"13":58.1294915783,"14":58.3491400501,"15":58.5794262389,"16":58.4338292646,"17":57.6304267601,"18":57.6150335844,"19":59.1024186841,"20":59.6821389706,"21":60.0409397299,"22":60.5774328898,"23":61.8208586244,"24":62.2593470323,"25":60.4288911233,"26":59.1579165432,"27":57.6429908002,"28":57.3177102059,"29":58.0763872978,"30":58.5066798319,"31":57.8692739276,"32":58.1924499578,"33":60.209066889,"34":60.8216825974,"35":60.9729618132,"36":61.1083929408,"37":60.7464006538,"38":60.0369769977,"39":59.0301120352,"40":56.9893758613,"41":57.9990294791,"42":58.8492822958,"43":59.5880945518,"44":59.8194926196,"45":59.2721987425,"46":58.830222541,"47":59.167665213,"48":60.0567075092,"49":60.7978026845},"hsnr_0.1":{"0":147.2242799725,"1":46.2650139856,"2":47.6665675955,"3":49.2685048074,"4":50.220228667,"5":49.8742565347,"6":48.663601816,"7":47.6182744659,"8":47.1503549556,"9":47.0932834996,"10":47.2890739176,"11":47.5537129633,"12":47.6702983223,"13":47.735782062,"14":47.9780798856,"15":48.3619087271,"16":48.5976429869,"17":48.4709708049,"18":48.0283845571,"19":47.6294124595,"20":47.9289177738,"21":48.0997541024,"22":47.9714634509,"23":47.5272471973,"24":47.011541773,"25":46.8820001823,"26":46.8771691216,"27":47.5995006522,"28":48.1778503677,"29":48.4944780215,"30":48.5890615604,"31":48.4423506027,"32":47.8413671633,"33":47.585145483,"34":47.6174344825,"35":47.7657410933,"36":47.6959671975,"37":47.5755948698,"38":47.417204584,"39":47.3985474648,"40":48.2502946826,"41":48.2936662856,"42":48.2916920302,"43":48.3974972422,"44":48.5163949622,"45":48.3955475217,"46":48.1233614142,"47":48.0214723982,"48":48.0750386955,"49":48.2492037514}}