{"psnr":{"0":129.1875025265,"1":127.5475043735,"2":124.3089596773,"3":121.372826655,"4":119.0178573264,"5":115.9923381585,"6":112.891013144,"7":110.7094395832,"8":109.2160105194,"9":107.9999028552,"10":106.6515532011,"11":105.6567134091,"12":105.016234547,"13":105.0238232501,"14":105.2241607851,"15":105.8192043995,"16":106.3375123091,"17":106.7185952596,"18":107.0988750362,"19":107.3944662367,"20":107.7005787692,"21":107.9232613323,"22":108.1425543834,"23":108.2018336588,"24":108.1617692951,"25":107.9975530443,"26":107.7686807039,"27":107.4348023011,"28":106.9913713623,"29":106.4023954447,"30":105.7282286944,"31":105.0197938441,"32":104.3069611125,"33":103.6104198762,"34":102.900721596,"35":102.2304727535,"36":101.5708932036,"37":100.94006613,"38":100.3074811782,"39":99.702054409,"40":99.0731263042,"41":98.3816485652,"42":97.6656374769,"43":96.9565850275,"44":96.2253266853,"45":95.56019309,"46":94.961126421,"47":94.5136507381,"48":94.1601143663,"49":93.93862368},"hsnr_0.1":{"0":113.8110276238,"1":111.6897985068,"2":107.218491079,"3":103.5448161654,"4":100.983351799,"5":97.7890877911,"6":94.5393491114,"7":92.2224793159,"8":90.6601571665,"9":89.410081239,"10":88.0263600514,"11":87.0236824061,"12":86.4246080948,"13":86.4455705553,"14":86.6812308377,"15":87.3161191845,"16":87.8592010218,"17":88.3204114179,"18":88.7821377461,"19":89.2034298514,"20":89.6638702531,"21":90.1030022137,"22":90.6157592068,"23":91.0558092193,"24":91.4467110183,"25":91.7762863304,"26":92.1627556485,"27":92.513447282,"28":92.9126124626,"29":93.2147540318,"30":93.460922338,"31":93.6178570255,"32":93.7158334524,"33":93.7550776415,"34":93.7109556427,"35":93.6970031017,"36":93.6919343129,"37":93.6660106106,"38":93.6454941749,"39":93.5587358897,"40":93.4238041678,"41":92.9810275999,"42":92.5007347371,"43":91.9961829276,"44":91.3267487628,"45":90.58965786,"46":89.8716209763,"47":89.3829767039,"48":89.0719500968,"49":89.0147237892}}