{"psnr":{"0":86.724645803,"1":99.0921253698,"2":97.608493964,"3":96.0815976133,"4":98.1586117849,"5":98.947970702,"6":98.8925945941,"7":98.3854101809,"8":97.8216470782,"9":97.1115672024,"10":96.0798346025,"11":94.9400507648,"12":94.3147419321,"13":96.1383709735,"14":95.1985178051,"15":96.069949091,"16":97.1914678182,"17":98.673809961,"18":100.2309329108,"19":95.5135068614,"20":95.7611317262,"21":95.7551491326,"22":95.7708319147,"23":95.6185762733,"24":95.066193713,"25":99.6870073303,"26":98.7506459145,"27":97.9843397107,"28":97.247709164,"29":96.4653914974,"30":96.2824975666,"31":93.1737969256,"32":98.1345609837,"33":98.8709068787,"34":99.193675109,"35":99.3044026676,"36":99.2624899628,"37":98.8660614469,"38":97.9302542629,"39":96.5497278283,"40":95.1481322358,"41":95.5270583246,"42":98.6113943371,"43":98.0816082813,"44":98.195287061,"45":95.1245077546,"46":94.8798783903,"47":95.9883844213,"48":96.6310209246,"49":96.8326823621},"hsnr_0.1":{"0":66.9066104444,"1":79.1211664631,"2":77.647573407,"3":76.1169167482,"4":78.2010593457,"5":78.9844000158,"6":78.9177407099,"7":78.4122759178,"8":77.8532415563,"9":77.146236406,"10":76.1225342914,"11":75.0022206186,"12":74.403677635,"13":76.2006014571,"14":75.2760248273,"15":76.1222095326,"16":77.2321769411,"17":78.7061354361,"18":80.258028537,"19":75.6079220356,"20":75.8490571242,"21":75.8423270846,"22":75.8566702828,"23":75.7074586648,"24":75.1685322665,"25":79.7178935897,"26":78.7872890505,"27":78.0285797905,"28":77.2994491409,"29":76.5267045818,"30":76.3466928117,"31":73.35001911,"32":78.1785770626,"33":78.9086789001,"34":79.2289584797,"35":79.3393490448,"36":79.2979625749,"37":78.9051704185,"38":77.977276028,"39":76.6138171091,"40":75.2314058304,"41":75.6016592186,"42":78.6451149607,"43":78.1178140991,"44":78.2304461624,"45":75.2039992497,"46":74.9680061747,"47":76.0642984387,"48":76.6949789837,"49":76.8910081841}}