{"psnr":{"0":39.3049499985,"1":35.4598970644,"2":33.8775864831,"3":32.3069692088,"4":33.921100835,"5":33.6874343631,"6":32.3661038711,"7":31.0699888578,"8":30.7095769912,"9":30.9104683667,"10":30.8591791183,"11":30.3365567321,"12":29.7583741157,"13":31.2933947665,"14":30.1942823888,"15":31.092864607,"16":31.9904921613,"17":32.7657033512,"18":33.5010602091,"19":28.3498890602,"20":28.6293328022,"21":28.7538838718,"22":28.7431631639,"23":28.455123339,"24":27.9189326648,"25":32.7837162168,"26":32.2056155343,"27":31.7794327777,"28":31.4033761286,"29":30.9721195958,"30":30.7852516408,"31":27.2145878695,"32":31.6369732084,"33":32.1117124995,"34":32.3591768508,"35":32.3925152354,"36":32.2620169412,"37":31.9237424491,"38":31.3361944367,"39":30.5592111711,"40":29.7677846212,"41":30.572042387,"42":33.9449570969,"43":33.6618303901,"44":33.8164898777,"45":30.3754898001,"46":29.5315083083,"47":30.1213856333,"48":30.5040821882,"49":30.6808677565},"hsnr_0.1":{"0":21.775540774,"1":23.5792568241,"2":21.1986649478,"3":19.3142626361,"4":20.2913693769,"5":20.2844443399,"6":19.799332843,"7":18.8365240929,"8":18.5177892142,"9":18.6133562726,"10":18.4208269816,"11":17.5315876976,"12":16.3799894758,"13":18.2907350912,"14":16.9784989677,"15":18.3208479153,"16":19.3392234507,"17":20.2339071622,"18":20.9477791464,"19":14.2969856256,"20":14.7036261477,"21":14.8713986828,"22":14.8359788598,"23":14.5102417916,"24":13.6833623486,"25":20.2160974807,"26":19.6196957841,"27":18.9956489182,"28":18.4818995855,"29":17.8761743227,"30":17.5929132565,"31":12.1500476651,"32":18.7986895201,"33":19.3433472428,"34":19.650444794,"35":19.6437454774,"36":19.5121169031,"37":19.1524531533,"38":18.4336311118,"39":17.3775859171,"40":16.2383017822,"41":17.2247951047,"42":21.2490163212,"43":20.8724427944,"44":20.9590627959,"45":16.9093359279,"46":15.8885921106,"47":16.6802924803,"48":17.3073684515,"49":17.555113958}}