{"compression_rate":{"0":3.2991162533,"1":3.3698070381,"2":3.3792545804,"3":3.3812482333,"4":3.382440981,"5":3.3740177713,"6":3.370269952,"7":3.3719476354,"8":3.3690206171,"9":3.3736229066,"10":3.3719333168,"11":3.3664754346,"12":3.3654130774,"13":3.3652715302,"14":3.366262113,"15":3.3683967123,"16":3.3726827041,"17":3.3774099272,"18":3.3793539103,"19":3.3835104294,"20":3.3823905544,"21":3.3832644375,"22":3.3815429925,"23":3.381815948,"24":3.3801634834,"25":3.3794982335,"26":3.3815952358,"27":3.3812730946,"28":3.3811006638,"29":3.3789321326,"30":3.378671845,"31":3.3795245742,"32":3.381537718,"33":3.3856620149,"34":3.3854892201,"35":3.3856610918,"36":3.3824342797,"37":3.3818073232,"38":3.379591055,"39":3.3761416075,"40":3.3732940344,"41":3.3698911797,"42":3.3655450994,"43":3.3626262009,"44":3.3643331586,"45":3.3669470617,"46":3.3691737829,"47":3.3715078964,"48":3.3688792649,"49":3.3698506049},"compression_time":{"0":9.1326320171,"1":9.6313045025,"2":9.6509206295,"3":9.6617605686,"4":9.6464998722,"5":9.686892271,"6":9.7951488495,"7":9.7672822475,"8":9.7876498699,"9":9.7668538094,"10":9.6682293415,"11":9.7408230305,"12":9.7279286385,"13":9.6966667175,"14":9.6559784412,"15":9.6505923271,"16":9.6129264832,"17":9.5998175144,"18":9.6530997753,"19":9.6386961937,"20":9.7069494724,"21":9.6349387169,"22":9.6017169952,"23":9.7084438801,"24":9.6437010765,"25":9.6432049274,"26":9.5493729115,"27":9.6048357487,"28":9.5474247932,"29":9.5154893398,"30":9.619736433,"31":9.5467510223,"32":9.4943714142,"33":9.4338002205,"34":9.4427559376,"35":9.4019725323,"36":9.4886453152,"37":9.4716467857,"38":9.4185802937,"39":9.3909239769,"40":9.4000217915,"41":9.4028913975,"42":9.4945240021,"43":9.4537899494,"44":9.37195611,"45":9.3644089699,"46":9.39234519,"47":9.3749186993,"48":9.5042910576,"49":9.4463071823},"decompression_time":{"0":1.7833375931,"1":1.728959322,"2":1.7200934887,"3":1.7258274555,"4":1.7279851437,"5":1.7232830524,"6":1.7990355492,"7":1.7762897015,"8":1.7742977142,"9":1.782302618,"10":1.7190766335,"11":1.7359564304,"12":1.7400512695,"13":1.7355208397,"14":1.7243149281,"15":1.7245974541,"16":1.7171905041,"17":1.7240440845,"18":1.7803883553,"19":1.732455492,"20":1.7438392639,"21":1.8918988705,"22":1.8315327168,"23":1.736369133,"24":1.808255434,"25":1.7393319607,"26":1.7210478783,"27":1.7240786552,"28":1.7516825199,"29":1.7175760269,"30":1.8824279308,"31":1.7349879742,"32":1.7149686813,"33":1.7112312317,"34":1.7112081051,"35":1.6989235878,"36":1.7329514027,"37":1.7336575985,"38":1.7145109177,"39":1.7192754745,"40":1.7098424435,"41":1.7237546444,"42":1.7828404903,"43":1.7365655899,"44":1.7034213543,"45":1.709788084,"46":1.7016832829,"47":1.7134420872,"48":1.8000438213,"49":1.7353756428}}