{"compression_rate":{"0":1.8716337283,"1":1.8705705877,"2":1.8698184938,"3":1.8686469875,"4":1.8674577469,"5":1.8659937559,"6":1.8647005764,"7":1.8632001079,"8":1.8620916358,"9":1.8606622018,"10":1.8595387962,"11":1.8585248795,"12":1.857525558,"13":1.8569061223,"14":1.8561353345,"15":1.855684222,"16":1.855288242,"17":1.8548681721,"18":1.8544265381,"19":1.8542606775,"20":1.8542122693,"21":1.8540567156,"22":1.8537638522,"23":1.8537932652,"24":1.8537431957,"25":1.8536179331,"26":1.8536436937,"27":1.853468893,"28":1.8532844435,"29":1.8530002206,"30":1.8525301016,"31":1.852345663,"32":1.852314236,"33":1.8520795844,"34":1.8517527486,"35":1.8515807392,"36":1.8513745557,"37":1.8511854795,"38":1.8510138765,"39":1.8508633737,"40":1.8507191648,"41":1.8505757807,"42":1.8505403519,"43":1.8503896252,"44":1.8503145218,"45":1.850388472,"46":1.8502682996,"47":1.8504460822,"48":1.8507929217,"49":1.8509398511},"compression_time":{"0":10.7699153423,"1":10.7906241417,"2":10.839856863,"3":10.7880358696,"4":10.8001196384,"5":10.8108873367,"6":10.8330049515,"7":10.8278412819,"8":10.918143034,"9":10.924134016,"10":10.924533844,"11":10.9203469753,"12":10.8882126808,"13":10.8899619579,"14":10.8976979256,"15":10.8817939758,"16":10.8905210495,"17":10.8934164047,"18":10.9915795326,"19":10.9046640396,"20":10.8837308884,"21":10.8984394073,"22":10.8971865177,"23":10.9019372463,"24":10.9562697411,"25":10.9142000675,"26":10.9207725525,"27":10.9253661633,"28":10.9330191612,"29":10.9350848198,"30":10.9941797256,"31":10.9459986687,"32":11.0057566166,"33":10.9073021412,"34":10.9776594639,"35":10.9635894299,"36":11.0266551971,"37":10.9883446693,"38":11.0058820248,"39":10.9356808662,"40":10.9528462887,"41":10.9458312988,"42":11.0066437721,"43":10.9934644699,"44":11.0009031296,"45":10.9302294254,"46":10.9397406578,"47":10.9245233536,"48":10.956823349,"49":11.0168280602},"decompression_time":{"0":1.9677658081,"1":1.9190199375,"2":1.9184405804,"3":1.9116966724,"4":1.9110713005,"5":1.9109385014,"6":1.942450285,"7":1.9251401424,"8":1.9206848145,"9":1.9101169109,"10":1.9209363461,"11":1.9195342064,"12":1.9609837532,"13":1.9386081696,"14":1.9429652691,"15":1.9315116405,"16":1.9310622215,"17":1.9299252033,"18":2.0793902874,"19":1.9490132332,"20":1.9362595081,"21":1.9395437241,"22":1.9395401478,"23":1.9561398029,"24":2.0042788982,"25":1.935946703,"26":1.9405548573,"27":1.9425086975,"28":1.9414086342,"29":1.9380419254,"30":1.9686222076,"31":1.9475805759,"32":1.9386076927,"33":1.945972681,"34":1.960501194,"35":1.9678008556,"36":2.0121228695,"37":1.9494338036,"38":1.9473497868,"39":1.941075325,"40":1.9651610851,"41":1.9376485348,"42":1.9952130318,"43":1.94794631,"44":1.9343245029,"45":1.9388487339,"46":1.9368999004,"47":1.9349124432,"48":1.9672315121,"49":1.9742286205}}