{"psnr":{"0":97.348463799,"1":97.6698970642,"2":98.4049346636,"3":99.3279760199,"4":94.5501949304,"5":95.1724765775,"6":95.5839926114,"7":95.7324375918,"8":95.6767924552,"9":95.3879677494,"10":94.8398260159,"11":94.1306147098,"12":98.8372909689,"13":98.2494677147,"14":98.1154984506,"15":98.4963839638,"16":99.2248675841,"17":100.0200802879,"18":95.1992383824,"19":95.6375085995,"20":95.8659936143,"21":95.766972025,"22":95.3528927892,"23":94.6257490674,"24":99.1653530382,"25":98.1403084884,"26":97.419611269,"27":97.2054033298,"28":97.5283395837,"29":98.0928438886,"30":98.7936791908,"31":94.0003783772,"32":94.4472690111,"33":94.6425948446,"34":94.544986746,"35":94.1566910978,"36":99.134060989,"37":98.4101172382,"38":97.8347403193,"39":97.4445704014,"40":97.3757964332,"41":97.5198167431,"42":97.8590894125,"43":98.372666319,"44":98.9168135083,"45":93.8546115237,"46":94.2083530441,"47":94.2068413766,"48":99.331701175,"49":98.9686142095},"hsnr_0.1":{"0":77.3893833753,"1":77.7088534421,"2":78.4381305748,"3":79.3568570775,"4":74.6490555622,"5":75.26099581,"6":75.6665843246,"7":75.8126284836,"8":75.7559750842,"9":75.4706560829,"10":74.9329823724,"11":74.2345326148,"12":78.8687274935,"13":78.2857191802,"14":78.1516721783,"15":78.5322586922,"16":79.2557327429,"17":80.0465772166,"18":75.2855486751,"19":75.7174605183,"20":75.9433307615,"21":75.8467712276,"22":75.4392784768,"23":74.7217552628,"24":79.195862776,"25":78.1771542529,"26":77.4614557741,"27":77.2498979559,"28":77.5707237149,"29":78.1309518152,"30":78.8264223252,"31":74.106449031,"32":74.5456005386,"33":74.7366240907,"34":74.6407799003,"35":74.2627708491,"36":79.1636694734,"37":78.4446578581,"38":77.873296316,"39":77.4860117036,"40":77.4174882014,"41":77.5598544192,"42":77.8980597664,"43":78.40804558,"44":78.9507198313,"45":73.9662847059,"46":74.3117379228,"47":74.3110934758,"48":79.3608495008,"49":78.9997040599}}