{"psnr":{"0":33.2177828591,"1":33.3664258236,"2":33.6987752752,"3":34.1444709033,"4":28.9543558159,"5":29.2816666768,"6":29.5173340303,"7":29.5845062924,"8":29.5386353063,"9":29.3662968963,"10":29.065356449,"11":28.7225707728,"12":33.8299432766,"13":33.5457833397,"14":33.4504352252,"15":33.582132937,"16":33.9024394655,"17":34.3117726071,"18":29.214352109,"19":29.4767268637,"20":29.6268656036,"21":29.5713835381,"22":29.3562630534,"23":28.9987558336,"24":34.0313743681,"25":33.5153761303,"26":33.1453236811,"27":32.9824165203,"28":33.0833124624,"29":33.3029253229,"30":33.6568313972,"31":28.5688888984,"32":28.799384178,"33":28.9132709439,"34":28.8868165303,"35":28.7146955148,"36":34.0130504822,"37":33.6385655856,"38":33.33409152,"39":33.0730197586,"40":32.9883417162,"41":33.0031177387,"42":33.1244689336,"43":33.3778129069,"44":33.6556378285,"45":28.3859788262,"46":28.6508063522,"47":28.704534765,"48":33.9750845508,"49":33.7901683986},"hsnr_0.1":{"0":20.0641757006,"1":20.2466021574,"2":20.7697037626,"3":21.3007467902,"4":15.0293667487,"5":15.5246100681,"6":15.8955615362,"7":16.0126463469,"8":15.9619669862,"9":15.7613711387,"10":15.2491394864,"11":14.756408495,"12":21.1137371847,"13":20.704977401,"14":20.5914332184,"15":20.7491280466,"16":21.1775649279,"17":21.5678943992,"18":15.4416635322,"19":15.8408162268,"20":16.0492118685,"21":15.9581183018,"22":15.5912711394,"23":15.0834384449,"24":21.2426695834,"25":20.5304356447,"26":20.0135195639,"27":19.8505941913,"28":20.0886484848,"29":20.4491212784,"30":20.8614866299,"31":14.4429819025,"32":14.8136494973,"33":14.9850840325,"34":14.9749372216,"35":14.6101539619,"36":21.1081481293,"37":20.6232604455,"38":20.2034443775,"39":19.9528837619,"40":19.9164247824,"41":20.0593038867,"42":20.238994376,"43":20.5763666822,"44":20.8535141598,"45":14.2622089127,"46":14.5932424933,"47":14.5764409966,"48":21.1244390128,"49":20.911535742}}