{"psnr":{"0":75.2279552937,"1":75.350741764,"2":75.4759124498,"3":75.5673435882,"4":75.60669744,"5":75.6041627739,"6":75.5891310072,"7":75.5895592357,"8":75.6095975937,"9":75.6328664255,"10":75.6316246882,"11":75.5932028495,"12":75.5189907376,"13":75.4132990425,"14":75.3035658713,"15":75.2265922823,"16":75.2119669839,"17":75.2574081528,"18":75.3385693101,"19":75.4320751264,"20":75.5274968641,"21":75.6126297549,"22":75.6790252681,"23":75.7162005943,"24":75.7296531476,"25":75.7243920922,"26":75.7035861482,"27":75.6668732486,"28":75.619346022,"29":75.5752786843,"30":75.5554488996,"31":75.5707207666,"32":75.6068755108,"33":75.651439262,"34":75.6916900549,"35":75.7184167405,"36":75.7287899652,"37":75.7236439872,"38":75.710650079,"39":75.6965783063,"40":75.6785690269,"41":75.6558801701,"42":75.6298897255,"43":75.5952215358,"44":75.5597626415,"45":75.5339258012,"46":75.5236553966,"47":75.5294917291,"48":75.5415143664,"49":75.5482829503},"hsnr_0.1":{"0":55.2727565261,"1":55.3956065239,"2":55.5207830859,"3":55.6121473952,"4":55.651237478,"5":55.6483231348,"6":55.6328866742,"7":55.633044412,"8":55.6529436179,"9":55.6761300172,"10":55.6747354109,"11":55.6360316858,"12":55.5615079876,"13":55.4554413025,"14":55.3452996637,"15":55.2679842988,"16":55.2532118226,"17":55.2987216129,"18":55.3801350355,"19":55.4739998169,"20":55.5698216342,"21":55.6553150646,"22":55.7219842479,"23":55.7592864089,"24":55.7727274739,"25":55.767345639,"26":55.7463625202,"27":55.709464656,"28":55.6617296105,"29":55.6175407548,"30":55.5977138002,"31":55.6131241728,"32":55.6494625233,"33":55.6942639085,"34":55.7347023277,"35":55.7615666697,"36":55.7720023468,"37":55.7668205708,"38":55.7537587356,"39":55.739650068,"40":55.7215169403,"41":55.6986706526,"42":55.6725477085,"43":55.6376877366,"44":55.6020881901,"45":55.5762423197,"46":55.5660217597,"47":55.5719627008,"48":55.5841378101,"49":55.5910069068}}