{"psnr":{"0":23.5874301049,"1":23.5373978506,"2":23.4899650924,"3":23.4661365789,"4":23.4922151372,"5":23.5559961045,"6":23.6329022981,"7":23.6910314988,"8":23.7242589699,"9":23.7475603921,"10":23.7929584613,"11":23.878717931,"12":23.995929251,"13":24.1438709862,"14":24.2975022489,"15":24.4236610626,"16":24.4865048203,"17":24.4784317786,"18":24.4108040569,"19":24.3161894914,"20":24.2159841778,"21":24.1219131516,"22":24.0530558962,"23":24.0293693783,"24":24.0467738169,"25":24.0957090272,"26":24.1622261222,"27":24.2344297547,"28":24.3057025245,"29":24.3529398689,"30":24.3618603417,"31":24.3276880606,"32":24.2753399339,"33":24.2163638097,"34":24.1728168747,"35":24.147557056,"36":24.1411367856,"37":24.153920646,"38":24.1731354848,"39":24.1867930812,"40":24.2120164953,"41":24.243303388,"42":24.2717016138,"43":24.3103695711,"44":24.3440728517,"45":24.3561648067,"46":24.3486013016,"47":24.3213889717,"48":24.2816282932,"49":24.2483329189},"hsnr_0.1":{"0":21.7607318182,"1":21.7937071932,"2":21.8185933768,"3":21.8220601137,"4":21.8146606762,"5":21.8007710654,"6":21.8009185446,"7":21.830711318,"8":21.8827730902,"9":21.9399100747,"10":21.9800750009,"11":21.986039891,"12":21.9620234427,"13":21.9050883073,"14":21.8199995844,"15":21.7346755741,"16":21.6995778241,"17":21.7271637771,"18":21.7983556275,"19":21.894985488,"20":21.9997088899,"21":22.0908117842,"22":22.1577382443,"23":22.1908210925,"24":22.1898078361,"25":22.1552004174,"26":22.0968940294,"27":22.0237525673,"28":21.9479900411,"29":21.8820560972,"30":21.8402514074,"31":21.8349639345,"32":21.8583205295,"33":21.8962952103,"34":21.9396171317,"35":21.9766172945,"36":22.0014993896,"37":22.0080259947,"38":21.993594634,"39":21.9565553004,"40":21.9061714308,"41":21.8468542336,"42":21.7834690567,"43":21.7209231882,"44":21.6651547123,"45":21.6250273362,"46":21.609589124,"47":21.6129086081,"48":21.6217104064,"49":21.6177638263}}