{"psnr":{"0":76.0554160473,"1":76.0142992046,"2":76.0100623992,"3":76.0188546707,"4":76.0564472627,"5":76.1162888785,"6":76.1900128961,"7":76.2660781905,"8":76.3102725238,"9":76.3073937194,"10":76.262063554,"11":76.1944443887,"12":76.1239217167,"13":76.0795760173,"14":76.0718440335,"15":76.081251908,"16":76.0824098346,"17":76.0815243784,"18":76.0767334141,"19":76.0882202077,"20":76.1055589281,"21":76.1046721466,"22":76.0702048784,"23":75.9984402099,"24":75.9378389193,"25":75.9209224217,"26":75.9457782911,"27":75.9890152263,"28":76.0126376636,"29":75.9952621083,"30":75.9443913477,"31":75.8868609332,"32":75.8421155814,"33":75.8080971274,"34":75.7724583514,"35":75.7319111354,"36":75.6993527996,"37":75.6898323542,"38":75.7106292936,"39":75.7468844215,"40":75.7676448686,"41":75.745825126,"42":75.6653097107,"43":75.5277901415,"44":75.3575097473,"45":75.1819263417,"46":75.0227060154,"47":74.902582394,"48":74.843002069,"49":74.8557948259},"hsnr_0.1":{"0":56.0759909668,"1":56.0347513149,"2":56.030521528,"3":56.0393822853,"4":56.0772480008,"5":56.1372241161,"6":56.2108900173,"7":56.28701708,"8":56.3312348831,"9":56.3283173774,"10":56.2829354756,"11":56.2153033222,"12":56.1446769565,"13":56.1002139067,"14":56.0924562062,"15":56.1019310261,"16":56.103189244,"17":56.1024770682,"18":56.0976423911,"19":56.1091416224,"20":56.1265052733,"21":56.125623058,"22":56.0911281303,"23":56.0190912764,"24":55.9582961633,"25":55.9413435774,"26":55.9662291251,"27":56.0095612587,"28":56.0332693015,"29":56.0159174585,"30":55.9649994432,"31":55.9074110802,"32":55.8626189936,"33":55.8285643809,"34":55.7928803068,"35":55.7522902152,"36":55.7197365248,"37":55.7102654666,"38":55.7311650475,"39":55.7675697576,"40":55.7884650114,"41":55.7667541253,"42":55.6863061789,"43":55.5487541593,"44":55.3784167738,"45":55.2028531282,"46":55.0437176689,"47":54.9237246485,"48":54.8642744605,"49":54.8771667161}}