{"psnr":{"0":31.1188609408,"1":31.5781120813,"2":31.6715186106,"3":31.5902385071,"4":30.8806541541,"5":30.4303742857,"6":30.3922098764,"7":30.2389128856,"8":30.1412605816,"9":30.1419130628,"10":30.2027782056,"11":30.2645497121,"12":30.6092689782,"13":30.9916027584,"14":31.1569359886,"15":31.0774526242,"16":30.9301383356,"17":30.5289024491,"18":30.509853979,"19":30.4909817811,"20":30.44386664,"21":30.4211964859,"22":30.5223504124,"23":31.226610012,"24":31.800122764,"25":31.9019701531,"26":31.8226523104,"27":31.5704354256,"28":31.3693624286,"29":31.371875712,"30":31.5786597798,"31":31.8228516818,"32":31.99133281,"33":32.0868446558,"34":32.1945962791,"35":32.2927524747,"36":32.2309743198,"37":32.0555829549,"38":31.7238253874,"39":31.3276591708,"40":31.0328431902,"41":30.8622206957,"42":30.8970523573,"43":31.2435029081,"44":31.7286569776,"45":32.0492954886,"46":32.17877103,"47":32.1458306245,"48":32.0006948314,"49":31.8209077391},"hsnr_0.1":{"0":30.3514221913,"1":30.1699249761,"2":30.0063506142,"3":29.8999329459,"4":30.0662449401,"5":30.5084341546,"6":30.8707705845,"7":30.5656535714,"8":30.3858803892,"9":30.3843696282,"10":30.440028045,"11":30.3642511239,"12":30.2850692451,"13":30.1867646953,"14":30.0541944994,"15":29.967760394,"16":29.9020650778,"17":30.1065877211,"18":30.6622753808,"19":30.631770835,"20":30.4899316448,"21":30.3980320228,"22":30.2527667149,"23":30.2239450417,"24":30.2965333398,"25":30.3721427419,"26":30.2605025483,"27":30.0528094206,"28":29.9029712374,"29":29.7729815814,"30":29.6573353676,"31":29.5110427513,"32":29.4404128964,"33":29.402422487,"34":29.4042218894,"35":29.459458599,"36":29.5666935257,"37":29.5762045681,"38":29.4795144755,"39":29.2318281973,"40":28.9482520157,"41":28.6544096209,"42":28.2615769576,"43":27.8758094847,"44":27.554158163,"45":27.4041200716,"46":27.3618598497,"47":27.3512579218,"48":27.272544741,"49":27.1778486567}}