{"psnr":{"0":67.9163851943,"1":76.1603240459,"2":75.657444913,"3":75.3553927853,"4":75.3486998476,"5":75.6645099336,"6":76.1631720981,"7":76.5561527409,"8":76.7641859771,"9":76.7656416226,"10":76.5448013745,"11":76.1991528737,"12":75.9713409099,"13":76.0026090708,"14":76.1359573185,"15":76.2049900599,"16":76.2919916639,"17":76.5039406889,"18":76.71881629,"19":76.8267349074,"20":76.8430558076,"21":76.8385763244,"22":76.8745676567,"23":76.9158131069,"24":76.9176182992,"25":76.8736419822,"26":76.8026260451,"27":76.7330011625,"28":76.608959263,"29":76.437590934,"30":76.3838280104,"31":76.5439217296,"32":76.7254189131,"33":76.8073692174,"34":76.8230331872,"35":76.8274286352,"36":76.840524188,"37":76.8315297858,"38":76.759040366,"39":76.6067021206,"40":76.4131249507,"41":76.2448471119,"42":76.0958931476,"43":75.933790509,"44":75.9097717412,"45":76.1031013529,"46":76.3548326387,"47":76.5155792202,"48":76.5721861345,"49":76.5572146017},"hsnr_0.1":{"0":47.9822522522,"1":56.1930137999,"2":55.6783380609,"3":55.3750460948,"4":55.3681458667,"5":55.6842351386,"6":56.1838036449,"7":56.5770874133,"8":56.7852662697,"9":56.7868171698,"10":56.5660058565,"11":56.220445516,"12":55.9926893529,"13":56.0239261262,"14":56.1572140023,"15":56.2262015038,"16":56.3131592246,"17":56.5250998844,"18":56.7398156491,"19":56.8478240237,"20":56.8644049813,"21":56.8598226791,"22":56.8959370325,"23":56.9372517348,"24":56.9391110756,"25":56.8951934298,"26":56.8237069431,"27":56.754430935,"28":56.6303548017,"29":56.4588438308,"30":56.4050327506,"31":56.5651815556,"32":56.7467495741,"33":56.8285594649,"34":56.8442893938,"35":56.8486880921,"36":56.8617821246,"37":56.8527905783,"38":56.7802881091,"39":56.6279138303,"40":56.4343615623,"41":56.2660659363,"42":56.1170391995,"43":55.9544475502,"44":55.9303628009,"45":56.124003709,"46":56.3758850973,"47":56.5366098453,"48":56.5931911277,"49":56.5781503166}}