{"psnr":{"0":131.3451627989,"1":31.4472439909,"2":32.1987791498,"3":35.6012346028,"4":35.9345626374,"5":33.5339817743,"6":29.6543678442,"7":28.5402301322,"8":28.84236892,"9":29.6765412658,"10":30.4121624808,"11":30.7186985321,"12":30.6210345872,"13":30.4364383855,"14":30.4143604379,"15":30.497039602,"16":30.3264237807,"17":29.7791141518,"18":29.262866576,"19":28.902332494,"20":28.729322678,"21":28.8818898153,"22":28.8284633957,"23":28.6932664871,"24":28.6810358188,"25":28.8747416596,"26":29.5804275019,"27":29.591228922,"28":29.8276497512,"29":30.137780375,"30":30.1348949918,"31":29.7388227725,"32":29.28932745,"33":29.1957050199,"34":29.0511621512,"35":28.964606839,"36":28.8871906034,"37":28.9373636852,"38":29.236271641,"39":29.741633541,"40":30.2037098555,"41":30.5363418503,"42":30.9612480659,"43":32.3526542053,"44":32.4364570677,"45":31.1673308247,"46":30.2479143277,"47":29.8600705058,"48":29.6610013731,"49":29.6766801921},"hsnr_0.1":{"0":115.3538086939,"1":29.1480889853,"2":29.952302644,"3":29.6605279136,"4":30.2364975357,"5":30.0523334177,"6":29.6952465383,"7":30.0992180579,"8":29.9136051699,"9":29.9985472253,"10":30.0583211217,"11":30.2406711686,"12":30.3132257326,"13":30.2847096375,"14":30.3030643428,"15":30.337041146,"16":30.3254856938,"17":30.4159828663,"18":30.9552372261,"19":31.056594525,"20":30.2884432184,"21":30.1609550564,"22":30.2011288029,"23":30.2273001346,"24":30.2466921327,"25":30.3038364261,"26":31.3581220244,"27":30.5951291371,"28":30.1585339655,"29":30.2593891166,"30":30.3318659309,"31":30.1867418405,"32":30.1954205184,"33":30.6360052499,"34":30.2679459689,"35":30.0876728507,"36":30.0627229749,"37":30.0744150125,"38":30.0771539143,"39":30.1447518593,"40":30.2545613596,"41":30.4117304711,"42":30.0910790825,"43":30.0821301206,"44":30.0593241919,"45":30.0980957636,"46":30.3670450175,"47":30.3611255268,"48":30.2189213785,"49":30.2635208329}}