{"psnr":{"0":126.742198525,"1":126.9748253683,"2":127.2143431983,"3":127.3623333836,"4":127.4487839962,"5":127.4755057625,"6":127.4661594319,"7":127.4568108183,"8":127.4892236466,"9":127.499290886,"10":127.4881155957,"11":127.4319300454,"12":127.3323721264,"13":127.1633669306,"14":127.0040925692,"15":126.8702059011,"16":126.8501609824,"17":126.9184751819,"18":127.0397386618,"19":127.1905828345,"20":127.3148823367,"21":127.4075794694,"22":127.4722355487,"23":127.5018634588,"24":127.500273464,"25":127.4666305947,"26":127.4235806032,"27":127.3513336954,"28":127.2730917393,"29":127.1840027834,"30":127.1700815435,"31":127.180886149,"32":127.240543444,"33":127.3291355234,"34":127.3977259493,"35":127.4409931255,"36":127.4694757887,"37":127.4613993692,"38":127.4361321893,"39":127.4222214476,"40":127.3781380726,"41":127.3517348042,"42":127.3152605833,"43":127.2596299226,"44":127.2047916423,"45":127.1773411755,"46":127.1486137082,"47":127.1729476344,"48":127.2131682405,"49":127.236409343},"hsnr_0.1":{"0":106.7422641492,"1":106.9748916547,"2":107.2144047894,"3":107.3623963357,"4":107.4488506269,"5":107.4755678645,"6":107.4662230048,"7":107.4568754416,"8":107.4892892057,"9":107.4993546045,"10":107.4881788702,"11":107.4319903511,"12":107.3324303154,"13":107.1634296688,"14":107.004151255,"15":106.8702699707,"16":106.8502319271,"17":106.9185377771,"18":107.0397983908,"19":107.1906447771,"20":107.314944734,"21":107.4076481832,"22":107.4722995253,"23":107.5019274931,"24":107.5003361716,"25":107.4666911176,"26":107.423649537,"27":107.3513976864,"28":107.27315675,"29":107.1840679687,"30":107.170142613,"31":107.1809544995,"32":107.2406119219,"33":107.3291987179,"34":107.3977900335,"35":107.4410550645,"36":107.4695458961,"37":107.4614676333,"38":107.4361955546,"39":107.4222906933,"40":107.3782051848,"41":107.351804145,"42":107.3153291896,"43":107.2597014147,"44":107.2048623129,"45":107.1774124615,"46":107.1486820022,"47":107.1730140417,"48":107.2132400992,"49":107.236481375}}