{"psnr":{"0":104.0727433304,"1":104.2611553548,"2":104.4663816435,"3":104.6197909046,"4":104.6829433474,"5":104.6756615937,"6":104.6562745292,"7":104.6565572806,"8":104.697265091,"9":104.7470627101,"10":104.7464358952,"11":104.6718653698,"12":104.5350717767,"13":104.391531415,"14":104.2163712992,"15":104.0914101863,"16":104.0657761599,"17":104.1319287991,"18":104.2590730257,"19":104.4165404609,"20":104.5294278777,"21":104.6794912198,"22":104.7941190828,"23":104.8380542825,"24":104.8352511695,"25":104.7914538328,"26":104.7149769369,"27":104.6244240282,"28":104.5315672428,"29":104.4640176262,"30":104.4392467716,"31":104.4836731555,"32":104.5466795171,"33":104.6264313027,"34":104.6933483477,"35":104.7305708234,"36":104.7455041438,"37":104.7351963835,"38":104.7106327736,"39":104.6859122442,"40":104.6517152643,"41":104.6097156727,"42":104.5594962791,"43":104.5016030713,"44":104.4435869324,"45":104.4107993049,"46":104.4017451912,"47":104.4205565115,"48":104.4444349952,"49":104.4571406773},"hsnr_0.1":{"0":84.0861735206,"1":84.2738569151,"2":84.4785818749,"3":84.6314627393,"4":84.6943280421,"5":84.6870047886,"6":84.667382359,"7":84.667660475,"8":84.7080094433,"9":84.7575294987,"10":84.7568238381,"11":84.6823767499,"12":84.5457625854,"13":84.40242036,"14":84.2272518321,"15":84.1022047591,"16":84.0766004999,"17":84.1425829708,"18":84.2695900205,"19":84.4268505405,"20":84.539462609,"21":84.6891691059,"22":84.8036122345,"23":84.8474786443,"24":84.8448184374,"25":84.8011481026,"26":84.7249661735,"27":84.6345627672,"28":84.5419322551,"29":84.4743373324,"30":84.449547535,"31":84.4939770258,"32":84.5567661415,"33":84.6364344104,"34":84.7032642252,"35":84.7404802625,"36":84.7554254402,"37":84.745185565,"38":84.7207103828,"39":84.6959941216,"40":84.6617938974,"41":84.6198905506,"42":84.5696753771,"43":84.5118601385,"44":84.4539286536,"45":84.4211509793,"46":84.4120048618,"47":84.4308414782,"48":84.4547185373,"49":84.4674361945}}