{"compression_rate":{"0":9.9927611972,"1":9.9907108657,"2":10.010331269,"3":10.0130480867,"4":9.9987613292,"5":9.9844094484,"6":9.9636568057,"7":9.9691861392,"8":9.9465115398,"9":9.9392168532,"10":9.9227884362,"11":9.9137500655,"12":9.9145611101,"13":9.9015048308,"14":9.8846377141,"15":9.8732200175,"16":9.8604524234,"17":9.8632166923,"18":9.8712726639,"19":9.8639475385,"20":9.862409753,"21":9.8509296387,"22":9.8382493563,"23":9.8325025544,"24":9.8255960217,"25":9.8284984972,"26":9.8384506231,"27":9.8412436959,"28":9.8297618393,"29":9.8158688051,"30":9.8148883262,"31":9.8084439108,"32":9.809564714,"33":9.8095738731,"34":9.8065614534,"35":9.7810846774,"36":9.7645251661,"37":9.7639367115,"38":9.7631040612,"39":9.7683822417,"40":9.7643785694,"41":9.7579410327,"42":9.7734905866,"43":9.7734108588,"44":9.775817954,"45":9.7609655058,"46":9.766210647,"47":9.7594736073,"48":9.7505958252,"49":9.7414354099},"compression_time":{"0":8.2775371075,"1":8.2559306622,"2":8.2240562439,"3":8.2290723324,"4":8.2360165119,"5":8.2903470993,"6":8.2769227028,"7":8.2651674747,"8":8.2736384869,"9":8.2780344486,"10":8.3227334023,"11":8.3347682953,"12":8.29718256,"13":8.2810206413,"14":8.2904176712,"15":8.2836077213,"16":8.2961366177,"17":8.2739379406,"18":8.3085620403,"19":8.2844502926,"20":8.2983903885,"21":8.3240020275,"22":8.2946810722,"23":8.2719516754,"24":8.3657610416,"25":8.3459937572,"26":8.3396995068,"27":8.3139491081,"28":8.293107748,"29":8.2859678268,"30":8.3556106091,"31":8.2731876373,"32":8.3193631172,"33":8.2923555374,"34":8.3151333332,"35":8.292696476,"36":8.342518568,"37":8.3411946297,"38":8.3458807468,"39":8.3407979012,"40":8.3441300392,"41":8.3443686962,"42":8.4015126228,"43":8.3576850891,"44":8.3271775246,"45":8.3715848923,"46":8.3640136719,"47":8.3670449257,"48":8.3494734764,"49":8.2903764248},"decompression_time":{"0":1.5258362293,"1":1.464247942,"2":1.4616513252,"3":1.4652075768,"4":1.4569571018,"5":1.4883930683,"6":1.5283031464,"7":1.4835352898,"8":1.4652338028,"9":1.4727749825,"10":1.4693915844,"11":1.4647955894,"12":1.5332305431,"13":1.4669702053,"14":1.4768612385,"15":1.4679987431,"16":1.4796149731,"17":1.4605910778,"18":1.5384457111,"19":1.4833390713,"20":1.4752290249,"21":1.4968054295,"22":1.4699523449,"23":1.4574368,"24":1.5346713066,"25":1.4744310379,"26":1.4686894417,"27":1.4623944759,"28":1.4682793617,"29":1.4624316692,"30":1.5314338207,"31":1.4527800083,"32":1.4536297321,"33":1.4648749828,"34":1.4532039165,"35":1.463401556,"36":1.5220472813,"37":1.4647345543,"38":1.4682738781,"39":1.5026497841,"40":1.4663317204,"41":1.4725723267,"42":1.540160656,"43":1.5073168278,"44":1.5310218334,"45":1.5064032078,"46":1.5229563713,"47":1.5188112259,"48":1.5342736244,"49":1.4593503475}}