{"psnr":{"0":147.6856174612,"1":147.6988846767,"2":147.7336193621,"3":147.7685627546,"4":147.8578380347,"5":148.0521010449,"6":148.3363468964,"7":148.6957579302,"8":148.9053630514,"9":149.0031653011,"10":149.0022063764,"11":148.9345928956,"12":148.8316733878,"13":148.7561286326,"14":148.7168027848,"15":148.6805651616,"16":148.6329349553,"17":148.5805734968,"18":148.5883153688,"19":148.6371568226,"20":148.7109064225,"21":148.7498096477,"22":148.7767222184,"23":148.7748014585,"24":148.7667100179,"25":148.8038575335,"26":148.9352572387,"27":149.0752777956,"28":149.2003341328,"29":149.2536303543,"30":149.2707317181,"31":149.2580176146,"32":149.2630206655,"33":149.3427412303,"34":149.4121033489,"35":149.4777337392,"36":149.517752069,"37":149.6107216489,"38":149.700455149,"39":149.862663373,"40":149.9353106903,"41":149.9571538842,"42":149.8799360974,"43":149.7214692105,"44":149.4768108044,"45":149.2737490443,"46":149.0368835623,"47":148.9325610905,"48":148.1145484478,"49":148.1278833865},"hsnr_0.1":{"0":127.6856299033,"1":127.6988941134,"2":127.7336286499,"3":127.768572569,"4":127.8578479485,"5":128.0521110855,"6":128.3363573972,"7":128.6957684948,"8":128.9053736801,"9":129.0031759724,"10":129.0022166339,"11":128.9346058872,"12":128.8316862552,"13":128.7561418697,"14":128.7168150123,"15":128.6805783735,"16":128.632946977,"17":128.5805849546,"18":128.588328793,"19":128.6371688043,"20":128.7109199928,"21":128.7498232776,"22":128.7767346576,"23":128.7748147124,"24":128.7667229304,"25":128.8038721538,"26":128.9352716122,"27":129.0752918291,"28":129.2003477727,"29":129.2536456788,"30":129.2707466856,"31":129.2580357345,"32":129.2630378268,"33":129.3427581466,"34":129.4121193687,"35":129.4777503612,"36":129.5177708961,"37":129.6107425358,"38":129.7004771524,"39":129.8626871481,"40":129.9353357696,"41":129.9571813963,"42":129.8799626272,"43":129.7214972085,"44":129.4768435404,"45":129.273786714,"46":129.0369226631,"47":128.932608332,"48":128.1177378205,"49":128.1317074294}}