{"psnr":{"0":82.467878567,"1":82.5315415486,"2":82.5419367202,"3":82.5383831777,"4":82.5492446679,"5":82.5737933124,"6":82.5863879323,"7":82.6734046916,"8":82.6923135472,"9":82.6937799825,"10":82.698359415,"11":82.7069047387,"12":82.6968180307,"13":82.6892001814,"14":82.6923267173,"15":82.7087254914,"16":82.7306769173,"17":82.7553348489,"18":82.80741373,"19":82.8515073131,"20":82.8985944594,"21":82.9351389688,"22":82.9957318564,"23":83.0745566891,"24":83.1611969832,"25":83.2386714478,"26":83.3402358913,"27":83.4354710807,"28":83.5457059253,"29":83.6364113904,"30":83.7387287769,"31":83.8103093055,"32":83.8846219972,"33":84.0045955678,"34":84.0652360549,"35":84.1567687341,"36":84.2414110219,"37":84.3197725491,"38":84.3903697965,"39":84.4812172495,"40":84.5622788579,"41":84.612728185,"42":84.6748706554,"43":84.7309798161,"44":84.7783190566,"45":84.8554488114,"46":84.870810236,"47":84.9335309027,"48":84.2249266654,"49":84.2136135226},"hsnr_0.1":{"0":70.1386497009,"1":70.2455029228,"2":70.3062801713,"3":70.3249511128,"4":70.3444328926,"5":70.3518703409,"6":70.3485006069,"7":70.4091500439,"8":70.3859710985,"9":70.3272675215,"10":70.2324871494,"11":70.1482984604,"12":70.0684785992,"13":70.0259336222,"14":70.0685917506,"15":70.1856613362,"16":70.2528945793,"17":70.3126387977,"18":70.4171018859,"19":70.5106154598,"20":70.5983303195,"21":70.6563824512,"22":70.6697171426,"23":70.6935866728,"24":70.6910183481,"25":70.7769457323,"26":70.987162503,"27":71.2363854125,"28":71.473605436,"29":71.6443072017,"30":71.7700633285,"31":71.8541399133,"32":71.9052510919,"33":72.0093337635,"34":72.0422071475,"35":72.0415689022,"36":72.0117700733,"37":72.0167666447,"38":72.1620026017,"39":72.4186401178,"40":72.6346270908,"41":72.7417549135,"42":72.8096771625,"43":72.7613936486,"44":72.6236230673,"45":72.3942865174,"46":71.9727287948,"47":71.5559230121,"48":70.3492910956,"49":70.3059455845}}