{"psnr":{"0":74.9328086514,"1":75.0486416361,"2":75.1674987966,"3":75.2553562113,"4":75.2946791834,"5":75.2934805073,"6":75.2795955135,"7":75.2795691128,"8":75.2980252639,"9":75.3201560043,"10":75.3199362716,"11":75.2847551697,"12":75.2154341298,"13":75.1159636466,"14":75.0119919659,"15":74.9387321454,"16":74.9248683601,"17":74.9683271713,"18":75.044840062,"19":75.1332273303,"20":75.2233628514,"21":75.3052657143,"22":75.3706117991,"23":75.4089191123,"24":75.4248530464,"25":75.4227229098,"26":75.4048141934,"27":75.3698819836,"28":75.3236223332,"29":75.2793978191,"30":75.257797635,"31":75.2696573878,"32":75.3031141248,"33":75.3454095872,"34":75.3846503532,"35":75.4116601652,"36":75.4229940558,"37":75.418847899,"38":75.4070545846,"39":75.3927218103,"40":75.3746225479,"41":75.3517290567,"42":75.3240471229,"43":75.2892733511,"44":75.253554328,"45":75.2277485718,"46":75.2178968745,"47":75.2234245888,"48":75.2353735893,"49":75.2426747998},"hsnr_0.1":{"0":54.9542419349,"1":55.0700744642,"2":55.1888981509,"3":55.2766910829,"4":55.3159248487,"5":55.3146140963,"6":55.3006082277,"7":55.3004778787,"8":55.3188438932,"9":55.3408989239,"10":55.3406433809,"11":55.3054560249,"12":55.2361735755,"13":55.136769982,"14":55.032863958,"15":54.9596441635,"16":54.9457970476,"17":54.9892536613,"18":55.0657474015,"19":55.1541094268,"20":55.2442292132,"21":55.3261216791,"22":55.3914899229,"23":55.4298376227,"24":55.4458325013,"25":55.4437738077,"26":55.4259354373,"27":55.3910523838,"28":55.3448015763,"29":55.3005549778,"30":55.2789111106,"31":55.2907312361,"32":55.3241465623,"33":55.3664297375,"34":55.4056891472,"35":55.4327293049,"36":55.4440990211,"37":55.4399837705,"38":55.4282120486,"39":55.4138808724,"40":55.3957588338,"41":55.372823646,"42":55.3450826481,"43":55.31023857,"44":55.2744782065,"45":55.2486696615,"46":55.2388355973,"47":55.2443948055,"48":55.2563819989,"49":55.2637244469}}