{"psnr":{"0":31.5889499865,"1":31.3762872717,"2":31.1703763101,"3":31.0569269693,"4":31.0595702762,"5":31.1693622701,"6":31.3319576651,"7":31.4522638041,"8":31.5284376615,"9":31.5990283959,"10":31.6586564007,"11":31.7518567629,"12":31.8728655638,"13":32.0279275569,"14":32.1957168903,"15":32.3814521829,"16":32.5053590408,"17":32.5597345135,"18":32.5425972895,"19":32.4615974886,"20":32.3425820673,"21":32.2139394014,"22":32.0573339831,"23":31.9331659762,"24":31.8387819417,"25":31.7674489443,"26":31.7424557334,"27":31.7911826707,"28":31.9123658022,"29":32.0653796094,"30":32.2014747713,"31":32.2376944199,"32":32.2247596585,"33":32.1467548773,"34":32.0326260963,"35":31.9285641567,"36":31.8440873194,"37":31.7876146541,"38":31.7623960826,"39":31.7713477538,"40":31.8173030316,"41":31.8933640974,"42":31.991162249,"43":32.1028570677,"44":32.1805267923,"45":32.2024250106,"46":32.1846899338,"47":32.1157826729,"48":32.0212757741,"49":31.9051652182},"hsnr_0.1":{"0":27.1211459119,"1":27.1081630483,"2":27.0821352855,"3":27.0536900206,"4":27.0243181449,"5":26.9933560874,"6":26.9949325735,"7":27.0274178274,"8":27.0896337964,"9":27.1780654256,"10":27.2194227574,"11":27.217916504,"12":27.1574887563,"13":27.0215543214,"14":26.837745372,"15":26.6833611789,"16":26.5924812162,"17":26.6114668507,"18":26.7103615153,"19":26.8583467751,"20":27.0576780522,"21":27.2819092837,"22":27.445251645,"23":27.5324624154,"24":27.5227841612,"25":27.4315290568,"26":27.2858729989,"27":27.1049844971,"28":26.9231509176,"29":26.7699027199,"30":26.6892303063,"31":26.6802341133,"32":26.7582371627,"33":26.8498691812,"34":26.9438951597,"35":27.0205363552,"36":27.0596112122,"37":27.0507604801,"38":26.9932660316,"39":26.8949059278,"40":26.7631860309,"41":26.6149333962,"42":26.4653436066,"43":26.311551241,"44":26.1640237283,"45":26.0443408803,"46":25.9960278026,"47":26.0001889594,"48":26.0193919667,"49":26.003893804}}