{"psnr":{"0":179.5752484986,"1":179.0810619097,"2":178.4851140559,"3":177.6764666704,"4":176.6560812225,"5":175.4409512639,"6":174.6305428616,"7":174.5245214825,"8":174.751377406,"9":175.6607793386,"10":176.7558871909,"11":177.4406289249,"12":178.1227979597,"13":178.5246987384,"14":178.4056095544,"15":178.25543536,"16":177.7504060381,"17":177.2267630228,"18":176.4286862041,"19":175.7536797478,"20":175.010401333,"21":174.6405339021,"22":174.6910724351,"23":174.8163002909,"24":175.5099413643,"25":176.0632048981,"26":176.9285645415,"27":177.443772566,"28":177.7939877513,"29":178.0009924034,"30":177.8413584469,"31":177.3555105971,"32":176.3454740861,"33":175.4780233664,"34":174.5121470605,"35":173.8410864139,"36":173.9365882867,"37":175.0397675696,"38":176.116833104,"39":177.1088796909,"40":177.7786297447,"41":177.9561894796,"42":177.699030484,"43":177.7204701753,"44":177.5308089143,"45":177.3680784683,"46":176.9455771833,"47":176.2662146658,"48":175.5084536201,"49":174.5993206685},"hsnr_0.1":{"0":159.5793382525,"1":159.0866255781,"2":158.4900863812,"3":157.6803969538,"4":156.6633233133,"5":155.4455659643,"6":154.6393551088,"7":154.5280219242,"8":154.755772593,"9":155.6647844751,"10":156.7593679662,"11":157.4456714306,"12":158.1300623719,"13":158.5270124313,"14":158.4109472136,"15":158.2596943781,"16":157.7530774576,"17":157.2299951463,"18":156.4323705467,"19":155.7581236414,"20":155.0138966444,"21":154.6440529312,"22":154.6939963527,"23":154.819078589,"24":155.5130709328,"25":156.0696615715,"26":156.9346159643,"27":157.4478990166,"28":157.7967684743,"29":158.005820484,"30":157.8475018655,"31":157.3612248807,"32":156.3496374152,"33":155.4858470407,"34":154.5165146923,"35":153.84777088,"36":153.9455985827,"37":155.0462822146,"38":156.1223524543,"39":157.1140647661,"40":157.7872512804,"41":157.9637481591,"42":157.703689456,"43":157.7278848475,"44":157.5374141515,"45":157.3736526215,"46":156.9540359167,"47":156.2709721289,"48":155.5177198077,"49":154.6045375482}}