{"psnr":{"0":112.5740969282,"1":112.222141126,"2":111.904561982,"3":111.2878360261,"4":110.6874418064,"5":110.0372972872,"6":109.6866087959,"7":109.7044379849,"8":109.6918857899,"9":110.0354899529,"10":110.7076853831,"11":110.9546230613,"12":111.4254245946,"13":111.7014256708,"14":111.5182774018,"15":111.4154723054,"16":110.9340253142,"17":110.4970480883,"18":109.9635974787,"19":109.6720960543,"20":109.1552936756,"21":108.9582130998,"22":108.9791533828,"23":108.9447291339,"24":109.5024159505,"25":109.7926121978,"26":110.4085462342,"27":110.6675434521,"28":110.7870238757,"29":110.8803383542,"30":110.7212157288,"31":110.3705824721,"32":109.7024047616,"33":109.2562280031,"34":108.7303034032,"35":108.4988383932,"36":108.9130162781,"37":110.0484502297,"38":110.8025766415,"39":111.2514724343,"40":111.3604983672,"41":111.1655328336,"42":110.754106738,"43":110.7611253661,"44":110.6015280858,"45":110.4176409746,"46":109.9693788576,"47":109.5415782068,"48":109.2370520237,"49":109.0229282381},"hsnr_0.1":{"0":100.0316980574,"1":99.5640332841,"2":99.478462688,"3":99.2750539208,"4":99.2371400541,"5":98.6657384876,"6":98.4685656899,"7":98.8082917635,"8":98.5661435918,"9":99.0545170667,"10":99.7727493019,"11":99.9269018152,"12":100.1602995016,"13":100.2301172485,"14":99.8892038214,"15":100.1265873301,"16":99.7597413278,"17":99.5254775694,"18":99.0523194702,"19":98.7672855977,"20":98.3653903567,"21":98.1659223586,"22":98.1180982711,"23":97.8984831194,"24":98.2266723076,"25":98.150453221,"26":98.3532099957,"27":98.9312546047,"28":98.7311613815,"29":98.9478442526,"30":98.8670766329,"31":98.5618344365,"32":98.1622929522,"33":97.4739936357,"34":96.8542044735,"35":96.3694049176,"36":96.9299615826,"37":97.9876692826,"38":98.4882490166,"39":98.7682286621,"40":98.9270379613,"41":98.7623699396,"42":97.9911096086,"43":97.9319984011,"44":98.0392755001,"45":98.0352099872,"46":97.6403110314,"47":97.3779448665,"48":97.3699184705,"49":96.713737435}}