{"psnr":{"0":261.0811087066,"1":260.9041174713,"2":261.3726134729,"3":262.0033520605,"4":262.718977366,"5":263.134608226,"6":263.351540432,"7":263.3217643083,"8":263.0688136235,"9":262.563804724,"10":261.8641884501,"11":261.0506223701,"12":260.1972134162,"13":259.7377593855,"14":259.6042033861,"15":260.1197885002,"16":261.0654122278,"17":262.0271117503,"18":263.0353883013,"19":263.8050245656,"20":264.2720628894,"21":264.4346820417,"22":264.3327435984,"23":263.7935399767,"24":263.0541926756,"25":262.405032062,"26":261.8767244177,"27":261.5215931393,"28":260.9376766753,"29":261.145276995,"30":261.7707111958,"31":261.8253239967,"32":262.3051157366,"33":262.3236394214,"34":261.8792398173,"35":260.3663080501,"36":258.5452584635,"37":256.9195469429,"38":255.8975005507,"39":255.1218063479,"40":254.6521221729,"41":254.2654761539,"42":254.0835470617,"43":253.9334881544,"44":253.9651815642,"45":253.740603966,"46":253.2368896062,"47":241.1970892658,"48":242.0131644706,"49":243.9401397387},"hsnr_0.1":{"0":241.0811740871,"1":240.9041504573,"2":241.3726854825,"3":242.0034465415,"4":242.7190490768,"5":243.1346470445,"6":243.3515985356,"7":243.3218151781,"8":243.068866044,"9":242.5638622277,"10":241.8642483838,"11":241.0507076873,"12":240.197307338,"13":239.7378135296,"14":239.6042568752,"15":240.1198518436,"16":241.065493699,"17":242.0271854162,"18":243.0354341954,"19":243.8050852058,"20":244.272099216,"21":244.4347356128,"22":244.3328282884,"23":243.7936600411,"24":243.0542845721,"25":242.4051328572,"26":241.8768326212,"27":241.5216849315,"28":240.9377675013,"29":241.1453853298,"30":241.77082184,"31":241.8254761087,"32":242.3052937851,"33":242.3237768993,"34":241.8793190378,"35":240.3663777604,"36":238.5453311112,"37":236.9196544928,"38":235.8976444671,"39":235.1219882194,"40":234.6522901751,"41":234.2656005323,"42":234.083618268,"43":233.9335602395,"44":233.9653156675,"45":233.7408785804,"46":233.2371766519,"47":221.1971202333,"48":222.0132041856,"49":223.9401853448}}