{"psnr":{"0":193.9156498257,"1":193.5672599605,"2":193.622120922,"3":193.7833472686,"4":194.0668586866,"5":194.185040078,"6":194.2319846519,"7":194.1217593798,"8":193.8745643172,"9":193.4958834821,"10":193.0603440142,"11":192.5986226721,"12":192.1619866775,"13":192.0077823047,"14":191.9030637218,"15":192.1842067661,"16":192.7007483183,"17":193.2803436394,"18":194.0088137564,"19":194.6017588087,"20":194.9799306017,"21":195.2014839648,"22":195.291784348,"23":195.1278427063,"24":194.8843261489,"25":194.7424423983,"26":194.5701218485,"27":194.2617116995,"28":193.4556135456,"29":193.3350228025,"30":193.6174113975,"31":193.3708026604,"32":193.6291663072,"33":193.5677819581,"34":193.2014862066,"35":191.9317504303,"36":190.4535859412,"37":189.2354166455,"38":188.4648435808,"39":187.8710965294,"40":187.2411632118,"41":186.7149148642,"42":186.352172177,"43":185.9484655089,"44":185.7165795136,"45":185.2621438498,"46":184.6582536943,"47":172.6928273977,"48":173.6395759465,"49":175.7944140812},"hsnr_0.1":{"0":176.5735588972,"1":176.160677534,"2":176.1416374016,"3":176.1594070621,"4":176.2904402532,"5":176.3046064679,"6":176.2363649072,"7":176.0648652437,"8":175.7735358495,"9":175.3837624523,"10":174.9579874842,"11":174.5071185275,"12":174.0927040824,"13":173.9599046193,"14":173.8021335454,"15":174.0095386765,"16":174.4474658594,"17":174.9650955157,"18":175.6667036579,"19":176.2482873145,"20":176.6808245067,"21":177.0711150968,"22":177.3573978412,"23":177.4829319778,"24":177.6053837103,"25":177.9585042334,"26":178.3542303023,"27":178.3420062006,"28":177.1421714066,"29":177.268520965,"30":178.2182470789,"31":177.8462047734,"32":178.725302816,"33":179.4339706369,"34":179.8372393527,"35":177.5645066135,"36":175.3985720764,"37":174.1865548487,"38":173.6341689779,"39":173.6122210863,"40":173.4583049446,"41":173.3974331333,"42":173.5970853536,"43":173.5529641689,"44":174.3501016901,"45":174.2792696452,"46":173.9283700203,"47":153.8448471755,"48":154.936662615,"49":157.7590701982}}