{"psnr":{"0":222.968560764,"1":222.6083080214,"2":222.0877365491,"3":221.2117349811,"4":220.3244543333,"5":219.1836344744,"6":218.4736916743,"7":218.1980779768,"8":218.5690464411,"9":219.3360609791,"10":220.5765212573,"11":221.6399283395,"12":222.1218878531,"13":222.4314821921,"14":222.6248662315,"15":222.3899374129,"16":221.6046124871,"17":221.1742371625,"18":220.2481538871,"19":219.238960922,"20":218.4680278477,"21":218.069805495,"22":217.8958104892,"23":218.3233658313,"24":218.5892966669,"25":219.2420945143,"26":219.4816570613,"27":220.0206614702,"28":220.0091383245,"29":220.0167490349,"30":219.6934113414,"31":218.7694476354,"32":218.1906978106,"33":217.1356071508,"34":216.2861983527,"35":215.7512198997,"36":215.5265689037,"37":215.8349966404,"38":216.3726387348,"39":216.8452785373,"40":217.2955944431,"41":217.3407135039,"42":217.2763333782,"43":217.0113863059,"44":216.386934824,"45":215.6938413694,"46":214.5673054808,"47":213.3922961481,"48":212.2289386289,"49":211.2882307246},"hsnr_0.1":{"0":202.97107859,"1":202.609015547,"2":202.0895845554,"3":201.2136585685,"4":200.325632439,"5":199.1857718424,"6":198.4755938911,"7":198.2012608083,"8":198.5702957461,"9":199.3382101103,"10":200.5788287505,"11":201.6407996774,"12":202.1235256772,"13":202.4322807638,"14":202.6267171123,"15":202.3906882881,"16":201.6054758076,"17":201.1759012956,"18":200.2492887489,"19":199.2400857576,"20":198.4692340509,"21":198.0715367548,"22":197.8992972861,"23":198.3264798819,"24":198.5915918795,"25":199.2442144604,"26":199.482329612,"27":200.0219424438,"28":200.0097818853,"29":200.0205344145,"30":199.6947110326,"31":198.769870425,"32":198.1915863032,"33":197.1378050614,"34":196.2870943872,"35":195.7522179166,"36":195.5279977267,"37":195.8356457795,"38":196.3730689678,"39":196.8459319922,"40":197.296451115,"41":197.3419834029,"42":197.2767008039,"43":197.0117091463,"44":196.3874670037,"45":195.6941182223,"46":194.5675311968,"47":193.3927927311,"48":192.2291796188,"49":191.2885605362}}