{"psnr":{"0":21.8093028846,"1":21.8803676841,"2":21.9260953265,"3":21.9631381684,"4":21.9750750479,"5":21.9086415214,"6":21.7573194454,"7":21.6019884732,"8":21.4862348483,"9":21.4552273391,"10":21.5109546,"11":21.6106671921,"12":21.7121274172,"13":21.7799504026,"14":21.810656017,"15":21.8273062101,"16":21.873830602,"17":21.940771336,"18":21.9740412551,"19":21.9535672769,"20":21.9083285854,"21":21.8816833464,"22":21.8995017324,"23":21.9544604151,"24":22.0137507325,"25":22.0340787061,"26":22.0106189298,"27":21.9631607542,"28":21.9402221143,"29":21.9694974697,"30":22.0500069184,"31":22.1335531594,"32":22.1849296492,"33":22.2074257978,"34":22.2203621197,"35":22.2261003904,"36":22.2270830723,"37":22.2140092873,"38":22.1629214596,"39":22.0941369907,"40":22.0456443807,"41":22.0405780253,"42":22.1038829133,"43":22.2104756167,"44":22.3195638276,"45":22.3924331056,"46":22.4623217126,"47":22.4969271714,"48":22.5058957701,"49":22.4905480111},"hsnr_0.1":{"0":21.2422797397,"1":21.2546930706,"2":21.2305913264,"3":21.1902970081,"4":21.1548153623,"5":21.0949255523,"6":21.0177530919,"7":20.9589607283,"8":20.9338586914,"9":20.9445250795,"10":20.993189965,"11":21.0653753545,"12":21.1373147169,"13":21.1703240436,"14":21.1536029524,"15":21.1153836581,"16":21.0934586332,"17":21.0918486621,"18":21.0882046922,"19":21.0739728732,"20":21.0660709918,"21":21.0799506457,"22":21.1294320799,"23":21.2084264095,"24":21.286041136,"25":21.315978722,"26":21.2859760477,"27":21.2190391934,"28":21.164833677,"29":21.1465428146,"30":21.1614827619,"31":21.1902108994,"32":21.2124510007,"33":21.2329140201,"34":21.261868011,"35":21.3006706469,"36":21.3365886926,"37":21.3442070482,"38":21.3079074765,"39":21.2337311345,"40":21.1529258665,"41":21.0877865915,"42":21.052435244,"43":21.0373896813,"44":21.0300706414,"45":21.0106740273,"46":20.9789046118,"47":20.9177963027,"48":20.8760115864,"49":20.8539440226}}