{"compression_rate":{"0":5.3787834842,"1":5.5339352894,"2":5.5584449537,"3":5.563226438,"4":5.5616264118,"5":5.5445163202,"6":5.5376315836,"7":5.5400491607,"8":5.5351927857,"9":5.548861739,"10":5.5488216123,"11":5.5363512105,"12":5.5343261353,"13":5.5355528484,"14":5.5301935443,"15":5.5262527018,"16":5.5341117574,"17":5.5403455788,"18":5.5426973714,"19":5.5490348768,"20":5.5443432392,"21":5.5437306777,"22":5.5388548209,"23":5.5442059525,"24":5.540861633,"25":5.5386854623,"26":5.5427185152,"27":5.5402709656,"28":5.5396745823,"29":5.5279102946,"30":5.5164108646,"31":5.5071804246,"32":5.5058546088,"33":5.5058024506,"34":5.496034582,"35":5.4905866035,"36":5.4815681475,"37":5.4795732708,"38":5.476822061,"39":5.4665592842,"40":5.4596111012,"41":5.452351438,"42":5.4453997893,"43":5.438713158,"44":5.447085259,"45":5.4552968689,"46":5.4607529492,"47":5.4688219046,"48":5.4686554877,"49":5.4756679955},"compression_time":{"0":8.5385630131,"1":8.838041544,"2":8.8339951038,"3":8.8453428745,"4":8.8387339115,"5":8.9700624943,"6":8.9496159554,"7":8.9622535706,"8":8.9363722801,"9":8.8902277946,"10":8.8887453079,"11":8.8948626518,"12":8.9725532532,"13":8.9920790195,"14":8.9155488014,"15":8.943354845,"16":8.8733332157,"17":8.8690416813,"18":8.9490225315,"19":8.9135723114,"20":8.8753426075,"21":8.8565733433,"22":8.8367168903,"23":8.8382248878,"24":8.883010149,"25":8.854621172,"26":8.7994010448,"27":8.87089324,"28":8.8587059975,"29":8.7767446041,"30":8.8276665211,"31":8.8107628822,"32":8.7839207649,"33":8.7222940922,"34":8.719345808,"35":8.7005155087,"36":8.7099268436,"37":8.7427220345,"38":8.7774252892,"39":8.817397356,"40":8.683152914,"41":8.6833295822,"42":8.7320969105,"43":8.7104737759,"44":8.6658024788,"45":8.6372847557,"46":8.6752817631,"47":8.6905171871,"48":8.7457811832,"49":8.8214199543},"decompression_time":{"0":1.6682446003,"1":1.6188879013,"2":1.6100623608,"3":1.6134221554,"4":1.6108188629,"5":1.6168825626,"6":1.6589694023,"7":1.6317236423,"8":1.6255657673,"9":1.627096653,"10":1.6254501343,"11":1.6411013603,"12":1.7183427811,"13":1.6423196793,"14":1.633677721,"15":1.6275935173,"16":1.6411571503,"17":1.6350123882,"18":1.6882321835,"19":1.6314837933,"20":1.625275135,"21":1.639726162,"22":1.6206085682,"23":1.6199550629,"24":1.6431274414,"25":1.6564178467,"26":1.6379733086,"27":1.640961647,"28":1.645100832,"29":1.6270532608,"30":1.6344025135,"31":1.641263485,"32":1.6356723309,"33":1.6163241863,"34":1.6236186028,"35":1.6206059456,"36":1.6562492847,"37":1.6427690983,"38":1.659873724,"39":1.6396615505,"40":1.6547122002,"41":1.6462128162,"42":1.6727411747,"43":1.6325149536,"44":1.6392102242,"45":1.6449489594,"46":1.6411743164,"47":1.6326627731,"48":1.6912631989,"49":1.6411335468}}