{"compression_rate":{"0":16.0,"1":16.0,"2":16.0,"3":16.0,"4":16.0,"5":16.0,"6":16.0,"7":16.0,"8":16.0,"9":16.0,"10":16.0,"11":16.0,"12":16.0,"13":16.0,"14":16.0,"15":16.0,"16":16.0,"17":16.0,"18":16.0,"19":16.0,"20":16.0,"21":16.0,"22":16.0,"23":16.0,"24":16.0,"25":16.0,"26":16.0,"27":16.0,"28":16.0,"29":16.0,"30":16.0,"31":16.0,"32":16.0,"33":16.0,"34":16.0,"35":16.0,"36":16.0,"37":16.0,"38":16.0,"39":16.0,"40":16.0,"41":16.0,"42":16.0,"43":16.0,"44":16.0,"45":16.0,"46":16.0,"47":16.0,"48":16.0,"49":16.0},"compression_time":{"0":0.2324016094,"1":0.0525193214,"2":0.1228966713,"3":0.1213648319,"4":0.0593948364,"5":0.0566005707,"6":0.3293612003,"7":0.0539855957,"8":0.0537471771,"9":0.0649924278,"10":0.0561909676,"11":0.0626294613,"12":0.3614270687,"13":0.0565583706,"14":0.0560266972,"15":0.082570076,"16":0.1194677353,"17":0.0528161526,"18":0.3135509491,"19":0.068325758,"20":0.0741195679,"21":0.0896990299,"22":0.0596990585,"23":0.0734155178,"24":0.3326187134,"25":0.0510525703,"26":0.0520067215,"27":0.1187534332,"28":0.0637943745,"29":0.0669281483,"30":0.2718691826,"31":0.0541751385,"32":0.0551452637,"33":0.0521168709,"34":0.0537486076,"35":0.0526838303,"36":0.3611197472,"37":0.0508360863,"38":0.0515830517,"39":0.0547275543,"40":0.0952661037,"41":0.1220486164,"42":0.3211123943,"43":0.0512421131,"44":0.101088047,"45":0.057104826,"46":0.1206188202,"47":0.0561916828,"48":0.3309121132,"49":0.0489134789},"decompression_time":{"0":0.497061491,"1":0.4317061901,"2":0.4215068817,"3":0.4577903748,"4":0.427233696,"5":0.4511845112,"6":0.4899213314,"7":0.4272081852,"8":0.4234442711,"9":0.5388205051,"10":0.4196972847,"11":0.4484119415,"12":0.4237854481,"13":0.4258918762,"14":0.5013041496,"15":0.4590961933,"16":0.421102047,"17":0.4143583775,"18":0.4673302174,"19":0.412072897,"20":0.4128537178,"21":0.417216301,"22":0.4949202538,"23":0.4128308296,"24":0.4123549461,"25":0.414180994,"26":0.4959704876,"27":0.456679821,"28":0.4582984447,"29":0.4304471016,"30":0.5388288498,"31":0.4400188923,"32":0.4132373333,"33":0.4118645191,"34":0.5206673145,"35":0.4489221573,"36":0.43516469,"37":0.4146616459,"38":0.417314291,"39":0.4132521152,"40":0.4604151249,"41":0.4226312637,"42":0.4158887863,"43":0.4463989735,"44":0.4216899872,"45":0.4157316685,"46":0.4166901112,"47":0.4156582355,"48":0.4259579182,"49":0.4231159687}}