{"compression_rate":{"0":55.3598,"1":54.2498,"2":53.5672,"3":53.3676,"4":52.531,"5":51.1158,"6":50.2652,"7":50.1584,"8":50.805,"9":51.4271,"10":51.6501,"11":50.7534,"12":50.057,"13":48.131,"14":47.3081,"15":47.2196,"16":46.9487,"17":47.6524,"18":48.6751,"19":49.7589,"20":52.677,"21":54.294,"22":56.1225,"23":56.7952,"24":56.4015,"25":55.5431,"26":54.3546,"27":54.1811,"28":53.9813,"29":54.1509,"30":54.2567,"31":54.8497,"32":55.5972,"33":55.4535,"34":55.6988,"35":55.9696,"36":55.6284,"37":55.3727,"38":55.1457,"39":54.6994,"40":54.4144,"41":53.5221,"42":53.3701,"43":53.3093,"44":53.4513,"45":53.2543,"46":53.6231,"47":53.309,"48":52.8291,"49":52.3488},"compression_time":{"0":55.3966548443,"1":58.290815115,"2":55.5791654587,"3":52.5002622604,"4":29.1194190979,"5":46.3071699142,"6":55.1996080875,"7":33.7062375546,"8":55.9193525314,"9":26.6536514759,"10":51.2624092102,"11":53.1155314445,"12":56.3136599064,"13":56.3797178268,"14":56.4387631416,"15":50.5173470974,"16":28.1353576183,"17":48.2584865093,"18":22.7404112816,"19":40.6889126301,"20":53.2545568943,"21":52.0642008781,"22":51.2698259354,"23":51.8740439415,"24":55.8883991241,"25":23.7961688042,"26":48.5442028046,"27":52.4629647732,"28":50.1003360748,"29":51.0405404568,"30":57.524682045,"31":58.5531544685,"32":56.6945416927,"33":52.8100216389,"34":51.2484924793,"35":21.3772926331,"36":54.5683095455,"37":57.2530343533,"38":57.7252337933,"39":52.6377708912,"40":28.5261671543,"41":48.8840811253,"42":57.3110215664,"43":56.5277848244,"44":55.4076347351,"45":52.1554341316,"46":18.7355642319,"47":49.291246891,"48":56.1528856754,"49":56.3611078262},"decompression_time":{"0":4.486727953,"1":7.0530090332,"2":5.653701067,"3":7.4816291332,"4":6.1308224201,"5":2.7218329906,"6":3.4628875256,"7":11.432362318,"8":8.5942304134,"9":3.1465346813,"10":2.8314452171,"11":6.5123651028,"12":4.7389531136,"13":7.0754697323,"14":6.9777467251,"15":7.5508203506,"16":4.6897857189,"17":3.1953527927,"18":6.8421554565,"19":7.7352304459,"20":6.3494091034,"21":4.5634081364,"22":3.6968207359,"23":5.9925687313,"24":3.3413751125,"25":6.0419037342,"26":6.7385685444,"27":5.7013545036,"28":5.8212356567,"29":8.9505281448,"30":5.4747288227,"31":6.3250727654,"32":7.2617383003,"33":4.2758836746,"34":4.9470133781,"35":2.0283482075,"36":3.0113759041,"37":4.2400565147,"38":6.3892629147,"39":7.0276432037,"40":3.6215965748,"41":3.0659697056,"42":5.6385593414,"43":6.6499731541,"44":7.0341374874,"45":7.1749954224,"46":3.9725530148,"47":2.6508743763,"48":4.1950707436,"49":5.8603801727}}