{"compression_rate":{"0":13.4924,"1":13.4198,"2":13.377,"3":13.5219,"4":13.4978,"5":13.3965,"6":13.3354,"7":13.3768,"8":13.5144,"9":13.6123,"10":13.6704,"11":13.572,"12":13.406,"13":13.3093,"14":13.1865,"15":13.1611,"16":13.1154,"17":13.1976,"18":13.3328,"19":13.472,"20":13.6704,"21":13.9529,"22":14.1668,"23":14.2268,"24":14.193,"25":14.1079,"26":13.9604,"27":13.8329,"28":13.7947,"29":13.817,"30":13.8308,"31":14.0013,"32":14.0816,"33":14.0828,"34":14.126,"35":14.1582,"36":14.1309,"37":14.1168,"38":14.1051,"39":14.0569,"40":14.0487,"41":13.9484,"42":13.9374,"43":13.9349,"44":13.9628,"45":13.9566,"46":13.9937,"47":13.9603,"48":13.9045,"49":13.8225},"compression_time":{"0":56.3103003502,"1":58.0034947395,"2":58.9400775433,"3":53.9545953274,"4":52.6576678753,"5":29.2767004967,"6":56.9412055016,"7":58.1125359535,"8":56.4201362133,"9":45.7415790558,"10":25.0754671097,"11":49.1011834145,"12":56.9675478935,"13":58.3528468609,"14":58.5847408772,"15":54.6782929897,"16":53.6643476486,"17":30.309951067,"18":57.0294668674,"19":58.3355445862,"20":57.1111364365,"21":58.9150955677,"22":51.3692913055,"23":30.8073415756,"24":56.52328372,"25":57.9871790409,"26":57.7253785133,"27":53.6577751637,"28":25.6420018673,"29":43.8227109909,"30":56.6888973713,"31":57.6693274975,"32":56.4169063568,"33":58.7936782837,"34":22.3838677406,"35":48.9102649689,"36":56.8852930069,"37":57.9814195633,"38":25.166457653,"39":29.1951446533,"40":52.8539130688,"41":49.0750677586,"42":56.9658880234,"43":57.9750437737,"44":56.6543602943,"45":22.9922072887,"46":34.28936553,"47":58.003000021,"48":48.391787529,"49":31.9472923279},"decompression_time":{"0":6.7030103207,"1":5.4405977726,"2":4.5060222149,"3":4.3560562134,"4":7.5525820255,"5":4.1467134953,"6":7.1251776218,"7":5.8327686787,"8":4.3553564548,"9":10.3944027424,"10":11.7730307579,"11":5.8447883129,"12":7.0468080044,"13":5.0668916702,"14":4.5221722126,"15":5.158336401,"16":7.2921764851,"17":4.2883632183,"18":7.280595541,"19":5.7295413017,"20":4.2170219421,"21":4.2194848061,"22":7.9694445133,"23":4.129349947,"24":6.8964240551,"25":5.4597454071,"26":4.4578397274,"27":5.4830095768,"28":14.0412707329,"29":6.0596015453,"30":6.8560054302,"31":5.5629227161,"32":4.2142753601,"33":4.2392969131,"34":11.4556536674,"35":6.0524134636,"36":7.3767433167,"37":5.258449316,"38":8.2540369034,"39":6.6632623672,"40":5.1470487118,"41":7.8155026436,"42":7.1907699108,"43":5.4117128849,"44":4.0273118019,"45":11.4676263332,"46":11.2982690334,"47":5.3987960815,"48":4.8413763046,"49":20.6732881069}}