{"psnr":{"0":98.5813386058,"1":98.3219803306,"2":98.131020151,"3":97.991184231,"4":97.9265030149,"5":98.0495305044,"6":98.3320563531,"7":98.6817596069,"8":99.0063333874,"9":99.1789877261,"10":99.1229249929,"11":98.9528588998,"12":98.7316625673,"13":98.5519259219,"14":98.361033103,"15":98.1791108095,"16":98.0097328174,"17":97.8540539037,"18":97.7841164939,"19":97.8236514211,"20":92.4700698215,"21":98.0013381613,"22":98.0299281168,"23":97.9657383368,"24":102.5823751551,"25":102.5457544294,"26":102.5741939735,"27":102.6072352769,"28":102.6130627794,"29":104.7175096873,"30":104.6284594047,"31":102.2098633716,"32":104.4038553749,"33":105.0314362484,"34":105.200892264,"35":105.1384386277,"36":105.0166883865,"37":104.9501645216,"38":105.0114099967,"39":105.1011194579,"40":105.316484602,"41":105.3008561347,"42":105.2118959186,"43":105.0265637882,"44":104.5658497877,"45":104.4465598795,"46":104.1849377552,"47":103.996398287,"48":103.9101585892,"49":103.9412385415},"hsnr_0.1":{"0":78.6168387677,"1":78.3570997571,"2":78.1664605405,"3":78.0284553943,"4":77.9644322062,"5":78.0860883283,"6":78.3676745998,"7":78.7149169126,"8":79.039410235,"9":79.2099653771,"10":79.1541812624,"11":78.9848563079,"12":78.7643420121,"13":78.5848852489,"14":78.3953988459,"15":78.2162852587,"16":78.0470414183,"17":77.8917260999,"18":77.8220626118,"19":77.8613366797,"20":72.6265953802,"21":78.0375332211,"22":78.0654441919,"23":78.0023399381,"24":82.5968594731,"25":82.5605332666,"26":82.5894808101,"27":82.6232321872,"28":82.6291058297,"29":84.7309160447,"30":84.6404546332,"31":82.2230654656,"32":84.4167679307,"33":85.0458923271,"34":85.2159324338,"35":85.1538683445,"36":85.0324107759,"37":84.9660289041,"38":85.0268479787,"39":85.1164484472,"40":85.3310879946,"41":85.3145775749,"42":85.2244388894,"43":85.038064031,"44":84.5776505633,"45":84.4596609598,"46":84.1985266943,"47":84.0105663484,"48":83.9242431312,"49":83.9553671532}}