{"psnr":{"0":20.6980417024,"1":20.868431396,"2":21.0574301643,"3":21.3459167819,"4":21.7573400614,"5":22.2570086587,"6":22.6541002979,"7":22.7441728587,"8":22.4799378374,"9":22.0220693355,"10":21.5509233225,"11":21.1982623782,"12":20.9633489098,"13":20.8319342235,"14":20.7734199077,"15":20.7633694743,"16":20.8142222639,"17":20.9781330014,"18":21.2638133519,"19":21.5913602837,"20":21.8446630932,"21":21.9572722516,"22":21.9096128355,"23":21.7661778356,"24":21.5825147362,"25":21.3888817924,"26":21.1999512805,"27":21.043018079,"28":20.9303618586,"29":20.906292442,"30":21.002820309,"31":21.1907102196,"32":21.5049631753,"33":21.8713557582,"34":22.2554137381,"35":22.577698364,"36":22.7136822646,"37":22.664940229,"38":22.4243728875,"39":22.0717946313,"40":21.709131899,"41":21.39946037,"42":21.214144744,"43":21.1180684064,"44":21.148547237,"45":21.2652210724,"46":21.5335468277,"47":21.8691358831,"48":22.2172035733,"49":22.4852086545},"hsnr_0.1":{"0":20.8958280595,"1":20.9265013387,"2":20.9334621273,"3":20.9699184126,"4":21.0782426838,"5":21.2984096746,"6":21.6029538862,"7":21.7277504663,"8":21.4995253897,"9":21.2107681246,"10":21.0295400374,"11":20.9520699509,"12":20.921245453,"13":20.909870086,"14":20.899705423,"15":20.8798915521,"16":20.8603608312,"17":20.8677157233,"18":20.9168323272,"19":20.9990110168,"20":21.0922062245,"21":21.1546353041,"22":21.1488701007,"23":21.107547262,"24":21.0678104118,"25":21.0396702184,"26":21.0070053788,"27":20.9700412103,"28":20.9283133787,"29":20.9004244237,"30":20.8974373054,"31":20.9184713472,"32":20.9858790757,"33":21.1154723529,"34":21.327383333,"35":21.5935669663,"36":21.8335471177,"37":21.8774803229,"38":21.6915193255,"39":21.43494734,"40":21.2168216634,"41":21.06881782,"42":20.9882450414,"43":20.9399678739,"44":20.9300037296,"45":20.9465677231,"46":21.0159712906,"47":21.1478613759,"48":21.3552205365,"49":21.6137178274}}