{"psnr":{"0":68.0352320015,"1":76.7447462957,"2":76.1548602964,"3":75.8801901146,"4":75.8882612289,"5":76.2128002781,"6":76.7821163718,"7":77.223366301,"8":77.4436096769,"9":77.4320673061,"10":77.1576489914,"11":76.7426393629,"12":76.4678706395,"13":76.5281405788,"14":76.6715855097,"15":76.7346585328,"16":76.8263968978,"17":77.0703612348,"18":77.329666337,"19":77.4917367925,"20":77.5271840384,"21":77.5265549191,"22":77.5700721346,"23":77.6182882652,"24":77.609152943,"25":77.5480292636,"26":77.4740656852,"27":77.3771600035,"28":77.2157085935,"29":76.9995302737,"30":76.9280581429,"31":77.1188778157,"32":77.3605951258,"33":77.4796223702,"34":77.5017239321,"35":77.5010749754,"36":77.5096893851,"37":77.4929496011,"38":77.4024369363,"39":77.2168014387,"40":76.9788871275,"41":76.7801869995,"42":76.6181617328,"43":76.4712612114,"44":76.4498136899,"45":76.6404928118,"46":76.9153200651,"47":77.1053766424,"48":77.1766503119,"49":77.1547176894},"hsnr_0.1":{"0":48.1048778503,"1":56.8202948747,"2":56.2129801021,"3":55.9368949931,"4":55.9459398468,"5":56.2707179378,"6":56.8497596394,"7":57.2957041071,"8":57.5153973721,"9":57.5003392469,"10":57.2207484944,"11":56.8014268508,"12":56.5231236017,"13":56.5882190871,"14":56.7345496192,"15":56.7971146058,"16":56.8888059494,"17":57.1330788347,"18":57.3925556237,"19":57.5581108757,"20":57.5960700602,"21":57.5961943853,"22":57.6394614446,"23":57.6862326193,"24":57.6750222511,"25":57.6133964359,"26":57.5411276638,"27":57.4447024631,"28":57.2812701571,"29":57.0622120878,"30":56.9888805246,"31":57.1807675715,"32":57.4264542045,"33":57.5481209983,"34":57.5706915138,"35":57.5688342591,"36":57.5759147917,"37":57.5585037842,"38":57.4681367754,"39":57.2825556572,"40":57.0429926273,"41":56.8425375061,"42":56.6789532603,"43":56.5309254388,"44":56.5097531491,"45":56.701767703,"46":56.9785543845,"47":57.1697588982,"48":57.2413743337,"49":57.2187987546}}