{"psnr":{"0":75.538092562,"1":75.6193979143,"2":75.8198404716,"3":76.0439988021,"4":76.2239259351,"5":76.343433596,"6":76.4138147732,"7":76.4490130668,"8":76.4537287223,"9":76.4214217764,"10":76.3391003428,"11":76.1987830187,"12":76.0197699315,"13":75.8718949663,"14":75.8482569163,"15":75.9696412652,"16":76.1535333908,"17":76.3118309256,"18":76.4169152456,"19":76.4776772086,"20":76.5028159321,"21":76.4882150961,"22":76.4198744009,"23":76.2830391323,"24":76.0785685382,"25":75.8481080017,"26":75.6868819753,"27":75.679830305,"28":75.8058780133,"29":75.9725012668,"30":76.1176461842,"31":76.2263425626,"32":76.2940888563,"33":76.3124962208,"34":76.27329015,"35":76.1740036522,"36":76.0261649032,"37":75.8647788648,"38":75.7420453596,"39":75.6954201003,"40":75.7197877815,"41":75.7893712988,"42":75.8896386279,"43":76.0083748133,"44":76.1228317385,"45":76.2024357388,"46":76.2262489945,"47":76.1910425847,"48":76.1131135986,"49":76.0225485766},"hsnr_0.1":{"0":55.5568325897,"1":55.638118531,"2":55.8385354237,"3":56.0626726264,"4":56.2425873837,"5":56.3620906672,"6":56.4324728343,"7":56.4676751084,"8":56.4723977679,"9":56.4401018315,"10":56.3577964341,"11":56.217499548,"12":56.0385087823,"13":55.890651989,"14":55.8670182954,"15":55.9883891091,"16":56.1722578162,"17":56.330534001,"18":56.4356031462,"19":56.4963565711,"20":56.5214933172,"21":56.5068971362,"22":56.4385685747,"23":56.3017550729,"24":56.0973138489,"25":55.8668892189,"26":55.7056960614,"27":55.6986528044,"28":55.8246780601,"29":55.9912648006,"30":56.1363776841,"31":56.2450490071,"32":56.3127802109,"33":56.3311827463,"34":56.2919795646,"35":56.1927028619,"36":56.0448788187,"37":55.883511888,"38":55.7607946594,"39":55.7141742995,"40":55.7385379758,"41":55.8081106164,"42":55.9083591067,"43":56.0270764115,"44":56.1415212692,"45":56.22111836,"46":56.2449306469,"47":56.2097294111,"48":56.1318080538,"49":56.0412529442}}