{"psnr":{"0":62.8162227069,"1":62.4175863486,"2":61.3493414113,"3":60.2342407764,"4":59.594109079,"5":59.4415919839,"6":59.4743201752,"7":59.559642224,"8":59.4905405769,"9":59.0107631876,"10":58.612602363,"11":59.0089380082,"12":60.0324568263,"13":60.9617957489,"14":61.1806068085,"15":60.5308999854,"16":59.6554888364,"17":59.2914365741,"18":59.6946504474,"19":60.6385663536,"20":61.370976116,"21":61.5006055112,"22":60.9144362271,"23":60.0069235471,"24":60.5264552344,"25":61.9181692746,"26":62.8486587593,"27":62.6863029221,"28":61.5834137971,"29":60.485203336,"30":59.7841695523,"31":59.6778816098,"32":59.9651294583,"33":60.3419904707,"34":60.364690419,"35":60.1747607367,"36":60.6034936088,"37":61.4719522438,"38":62.0948029248,"39":62.1428379855,"40":61.7217272808,"41":61.0803567267,"42":60.3431310888,"43":59.6139814015,"44":59.1115080027,"45":58.9771991985,"46":59.1223829112,"47":59.4409758644,"48":59.8259676043,"49":60.2358370309},"hsnr_0.1":{"0":49.5050246021,"1":49.4147470228,"2":49.1903387488,"3":48.9573945701,"4":48.8312374139,"5":48.69544391,"6":48.6417151675,"7":48.4996001242,"8":48.420524353,"9":48.5313654851,"10":48.6726421908,"11":48.8972060233,"12":49.0895278122,"13":49.2983248451,"14":49.3167530262,"15":49.1157072411,"16":48.9183627574,"17":48.7723598491,"18":48.7135616783,"19":48.6685776025,"20":48.6694417673,"21":48.7345134182,"22":48.8420205295,"23":49.0941935752,"24":49.3791932019,"25":49.7487757537,"26":50.0215686349,"27":49.9741699026,"28":49.6508633641,"29":49.3320258018,"30":49.1419571416,"31":48.9814397726,"32":48.9464199331,"33":48.9450704929,"34":49.0389098097,"35":49.2648647381,"36":49.4491539627,"37":49.4581732152,"38":49.5206614229,"39":49.7266025783,"40":49.5640383139,"41":49.4075399729,"42":49.3116085384,"43":49.1043634906,"44":48.9685529465,"45":48.8605137383,"46":48.8538546036,"47":48.9666632801,"48":49.1125078106,"49":49.273806552}}