{"compression_rate":{"0":16.0,"1":16.0,"2":16.0,"3":16.0,"4":16.0,"5":16.0,"6":16.0,"7":16.0,"8":16.0,"9":16.0,"10":16.0,"11":16.0,"12":16.0,"13":16.0,"14":16.0,"15":16.0,"16":16.0,"17":16.0,"18":16.0,"19":16.0,"20":16.0,"21":16.0,"22":16.0,"23":16.0,"24":16.0,"25":16.0,"26":16.0,"27":16.0,"28":16.0,"29":16.0,"30":16.0,"31":16.0,"32":16.0,"33":16.0,"34":16.0,"35":16.0,"36":16.0,"37":16.0,"38":16.0,"39":16.0,"40":16.0,"41":16.0,"42":16.0,"43":16.0,"44":16.0,"45":16.0,"46":16.0,"47":16.0,"48":16.0,"49":16.0},"compression_time":{"0":0.2871799469,"1":0.2272670269,"2":0.1835200787,"3":0.1941802502,"4":0.1142024994,"5":0.0501134396,"6":0.3416314125,"7":0.1892931461,"8":0.2331764698,"9":0.0574400425,"10":0.0466315746,"11":0.047421217,"12":0.3383870125,"13":0.1996002197,"14":0.2091975212,"15":0.1978533268,"16":0.1327142715,"17":0.1469583511,"18":0.0884313583,"19":0.1872029305,"20":0.1842691898,"21":0.1054608822,"22":0.0466675758,"23":0.0483806133,"24":0.237953186,"25":0.1678905487,"26":0.1972911358,"27":0.1256375313,"28":0.1378867626,"29":0.0860826969,"30":0.2708723545,"31":0.1334092617,"32":0.1319591999,"33":0.1731681824,"34":0.1594357491,"35":0.0933325291,"36":0.3195545673,"37":0.1822853088,"38":0.143743515,"39":0.1118893623,"40":0.0741813183,"41":0.1293501854,"42":0.3107283115,"43":0.0681631565,"44":0.061934948,"45":0.154040575,"46":0.0947372913,"47":0.1294920444,"48":0.2485992908,"49":0.1571199894},"decompression_time":{"0":0.4428200722,"1":0.4684925079,"2":0.4463691711,"3":0.4693918228,"4":0.4771361351,"5":0.5296220779,"6":0.4374785423,"7":0.4378547668,"8":0.4341714382,"9":0.6161806583,"10":0.5695693493,"11":0.61221838,"12":0.4308469296,"13":0.4934563637,"14":0.4798336029,"15":0.4329619408,"16":0.4931623936,"17":0.4293930531,"18":0.6977114677,"19":0.5268414021,"20":0.5043408871,"21":0.5569131374,"22":0.5580587387,"23":0.5083899498,"24":0.4765198231,"25":0.4992108345,"26":0.4860038757,"27":0.437261343,"28":0.4495711327,"29":0.4286139011,"30":0.4729354382,"31":0.4269301891,"32":0.4278392792,"33":0.4423489571,"34":0.4386098385,"35":0.4271709919,"36":0.4431777,"37":0.4380702972,"38":0.4525773525,"39":0.428786993,"40":0.4270045757,"41":0.4522404671,"42":0.4348418713,"43":0.4235575199,"44":0.4242019653,"45":0.4447498322,"46":0.4220991135,"47":0.4546656609,"48":0.4376730919,"49":0.452144146}}