{"compression_rate":{"0":498.235,"1":499.869,"2":502.354,"3":506.648,"4":507.34,"5":506.287,"6":501.292,"7":493.511,"8":491.295,"9":490.985,"10":491.267,"11":492.472,"12":496.496,"13":499.401,"14":502.369,"15":502.118,"16":499.094,"17":497.06,"18":493.354,"19":488.624,"20":676.754,"21":470.849,"22":454.673,"23":440.832,"24":341.943,"25":329.777,"26":317.594,"27":304.443,"28":289.97,"29":239.467,"30":227.963,"31":242.943,"32":193.475,"33":161.371,"34":121.758,"35":121.995,"36":130.475,"37":127.102,"38":120.759,"39":112.431,"40":100.355,"41":95.7173,"42":89.7232,"43":84.6755,"44":80.8252,"45":70.3405,"46":66.7397,"47":62.1424,"48":58.8796,"49":56.1086},"compression_time":{"0":53.8484654427,"1":56.1153759956,"2":53.1767930984,"3":51.5569667816,"4":30.3429305553,"5":39.2734341621,"6":57.4831662178,"7":57.4302806854,"8":55.2577674389,"9":51.4141795635,"10":56.0627725124,"11":26.929898262,"12":52.7996780872,"13":55.7532551289,"14":54.8335459232,"15":53.1399445534,"16":54.5122640133,"17":30.50421381,"18":19.4284932613,"19":44.29601717,"20":57.5786688328,"21":55.4186918736,"22":54.4046099186,"23":53.3794529438,"24":55.410618782,"25":56.0247631073,"26":54.1719346046,"27":54.5355932713,"28":53.5701346397,"29":28.5680980682,"30":55.0696659088,"31":58.2171828747,"32":54.538820982,"33":54.6853399277,"34":52.4559903145,"35":23.6685175896,"36":57.5595724583,"37":56.8492870331,"38":54.3312761784,"39":55.0191257,"40":53.9010806084,"41":23.9205961227,"42":19.1334950924,"43":47.3820312023,"44":59.3742926121,"45":52.7613008022,"46":55.3933467865,"47":51.3158898354,"48":59.5206234455,"49":59.9621756077},"decompression_time":{"0":3.7480416298,"1":6.2758295536,"2":3.6700572968,"3":3.9426772594,"4":4.6501970291,"5":2.1652481556,"6":4.8162310123,"7":6.0793704987,"8":5.1733174324,"9":3.9406740665,"10":4.1268875599,"11":3.9508042336,"12":2.958258152,"13":4.7402198315,"14":3.7713954449,"15":3.8262901306,"16":5.6994893551,"17":3.6996018887,"18":4.9075579643,"19":4.3381557465,"20":3.8872520924,"21":4.0462322235,"22":2.824590683,"23":5.6462759972,"24":4.2733638287,"25":6.3956520557,"26":4.684620142,"27":5.2200784683,"28":3.8306348324,"29":3.9322330952,"30":4.314712286,"31":6.6400871277,"32":4.9519584179,"33":5.8879086971,"34":5.5963187218,"35":1.9399518967,"36":3.9866240025,"37":7.1077461243,"38":6.1604292393,"39":4.9697957039,"40":6.3030986786,"41":2.0081019402,"42":5.5690999031,"43":5.8470168114,"44":4.98447752,"45":5.929371357,"46":6.2764296532,"47":7.0471661091,"48":6.6240441799,"49":6.4091231823}}