{"compression_rate":{"0":18.9297,"1":18.1397,"2":17.6951,"3":17.5278,"4":17.283,"5":16.8816,"6":16.3566,"7":15.755,"8":15.4398,"9":15.3621,"10":15.1822,"11":14.9622,"12":14.8924,"13":14.8381,"14":14.7912,"15":14.6771,"16":14.5727,"17":14.4437,"18":14.2503,"19":14.0906,"20":13.9602,"21":13.8512,"22":13.682,"23":13.4544,"24":13.1988,"25":12.8821,"26":12.5692,"27":12.1996,"28":11.8036,"29":11.4086,"30":11.0352,"31":10.7206,"32":10.4267,"33":10.1146,"34":9.83756,"35":9.63757,"36":9.53225,"37":9.37462,"38":9.22351,"39":9.0005,"40":8.81439,"41":8.66046,"42":8.48085,"43":8.31587,"44":8.17184,"45":8.02011,"46":7.94417,"47":7.81999,"48":7.72426,"49":7.63756},"compression_time":{"0":56.1819422245,"1":24.4804723263,"2":39.6675915718,"3":55.6882212162,"4":58.7669923306,"5":22.533475399,"6":39.2221813202,"7":15.474773407,"8":55.3007931709,"9":56.1298141479,"10":57.8969323635,"11":29.4229857922,"12":58.7846617699,"13":58.0929131508,"14":24.1643795967,"15":38.0268492699,"16":53.3673534393,"17":22.1267194748,"18":30.7865998745,"19":15.7004415989,"20":58.3458266258,"21":55.7220461369,"22":27.6754460335,"23":41.461104393,"24":57.9953966141,"25":59.9001264572,"26":57.1461098194,"27":60.8541023731,"28":27.8128373623,"29":17.4088532925,"30":58.8688836098,"31":61.4388103485,"32":55.893778801,"33":61.4886415005,"34":27.0471503735,"35":18.4255142212,"36":59.2854785919,"37":60.4701457024,"38":59.6779015064,"39":60.3706245422,"40":22.8961265087,"41":15.6688687801,"42":56.901545763,"43":59.2730793953,"44":59.8045885563,"45":63.0658414364,"46":20.7239048481,"47":15.6599330902,"48":60.427292347,"49":41.3026828766},"decompression_time":{"0":4.6049787998,"1":9.908642292,"2":5.0152635574,"3":4.7718565464,"4":4.7359111309,"5":6.739418745,"6":11.4828608036,"7":7.6082084179,"8":5.769400835,"9":5.4302430153,"10":4.584448576,"11":5.0422329903,"12":5.135004282,"13":4.1270112991,"14":11.1116466522,"15":9.6072635651,"16":9.6607000828,"17":4.7712481022,"18":17.3504481316,"19":5.7867691517,"20":5.274055481,"21":4.2882173061,"22":13.6927952766,"23":8.5895268917,"24":4.9098188877,"25":5.3149545193,"26":5.3673148155,"27":6.4534263611,"28":4.7655105591,"29":4.5148129463,"30":6.5303008556,"31":6.4837248325,"32":6.034730196,"33":8.1904239655,"34":5.5240600109,"35":4.9323260784,"36":6.85516119,"37":7.0647256374,"38":9.8752017021,"39":12.5113108158,"40":7.6715373993,"41":5.2238633633,"42":6.2708449364,"43":7.0406653881,"44":12.466514349,"45":13.7329804897,"46":6.113370657,"47":5.4147303104,"48":7.6523332596,"49":15.3666195869}}