{"psnr":{"0":67.9186775739,"1":76.4735964472,"2":75.9363465624,"3":75.6758816021,"4":75.6930585801,"5":76.0307559993,"6":76.4913925025,"7":76.964068454,"8":77.1728234103,"9":77.1241858765,"10":76.8467729359,"11":76.4680274145,"12":76.2449305161,"13":76.3004649544,"14":76.459693571,"15":76.5219017821,"16":76.6082926585,"17":76.8373509019,"18":77.0755016301,"19":77.1928922708,"20":77.2155570274,"21":77.2272419419,"22":77.2579948487,"23":77.2992863114,"24":77.2929335072,"25":77.2358100403,"26":77.1630624559,"27":77.0851415225,"28":76.9539600233,"29":76.771447874,"30":76.7164334583,"31":76.8909444152,"32":77.0876281834,"33":77.1797844991,"34":77.2024365261,"35":77.2116200126,"36":77.2244325292,"37":77.2120749584,"38":77.1299514565,"39":76.9567317052,"40":76.741165781,"41":76.5581578857,"42":76.402854221,"43":76.2576328749,"44":76.2326161793,"45":76.4180872473,"46":76.6797320253,"47":76.8561359608,"48":76.9220000157,"49":76.9083091116},"hsnr_0.1":{"0":47.9846926403,"1":56.5323735304,"2":55.9783112832,"3":55.7169937244,"4":55.7361174943,"5":56.0767230614,"6":56.5359796536,"7":57.0169029009,"8":57.2303551667,"9":57.1768774273,"10":56.8937316824,"11":56.5115565205,"12":56.2880540835,"13":56.3448477757,"14":56.5070000614,"15":56.569586821,"16":56.6564600205,"17":56.8873477986,"18":57.1272272489,"19":57.2450699088,"20":57.26834254,"21":57.2816772506,"22":57.3127117925,"23":57.3542525415,"24":57.3469606842,"25":57.288361793,"26":57.2145827504,"27":57.136250486,"28":57.0044859562,"29":56.8210205542,"30":56.7661143602,"31":56.9419919773,"32":57.1400804139,"33":57.2329568845,"34":57.256253745,"35":57.2658917454,"36":57.2786436724,"37":57.2660036105,"38":57.182955203,"39":57.0076964042,"40":56.7901035856,"41":56.6057687812,"42":56.4495855497,"43":56.3035821473,"44":56.2784771795,"45":56.4650044092,"46":56.7284583215,"47":56.9062931303,"48":56.9728845884,"49":56.9591930597}}