{"psnr":{"0":54.4343165526,"1":24.660383784,"2":24.7596830257,"3":24.5063808443,"4":23.8193710172,"5":22.740264572,"6":22.0780831369,"7":20.8642193526,"8":20.8175987053,"9":22.12087977,"10":23.4827803815,"11":24.1939448575,"12":24.0593718308,"13":23.6214997213,"14":23.2283301597,"15":23.2928643239,"16":23.1382255365,"17":22.4442341623,"18":21.652716408,"19":21.2803218997,"20":21.2647981969,"21":21.240163511,"22":21.197566153,"23":21.0731610759,"24":21.1639111916,"25":21.5053627336,"26":21.9092891167,"27":22.2267588152,"28":22.5362950763,"29":22.8326603694,"30":22.7820752226,"31":22.3244372074,"32":21.8244629082,"33":21.5656209151,"34":21.4446948964,"35":21.3313396831,"36":21.2548404689,"37":21.3248981635,"38":21.6901389093,"39":22.3452951649,"40":22.9975575729,"41":23.4196586951,"42":23.6348954383,"43":23.8425069051,"44":23.8752871936,"45":23.5477928931,"46":22.9965134887,"47":22.4694113756,"48":22.1849922945,"49":22.1467922411},"hsnr_0.1":{"0":46.6126711868,"1":22.5995728687,"2":23.1728201645,"3":22.9224779344,"4":23.1101712721,"5":22.9514899101,"6":22.9406280203,"7":22.9842931425,"8":22.6276665773,"9":22.6902276524,"10":22.8320474625,"11":22.9988423276,"12":23.1314525379,"13":23.1763668304,"14":23.078795562,"15":23.0644530847,"16":23.0139241216,"17":22.8672832917,"18":22.7767585573,"19":22.7902523967,"20":22.797600114,"21":22.726743158,"22":22.6914238192,"23":22.6532915748,"24":22.6778757699,"25":22.7275301063,"26":22.7720176209,"27":22.8002194431,"28":22.8448999753,"29":22.935918957,"30":22.9654634118,"31":22.871812212,"32":22.7929611213,"33":22.767333498,"34":22.7413558462,"35":22.7191061942,"36":22.7135452582,"37":22.715379612,"38":22.7467172706,"39":22.837848361,"40":22.9516976998,"41":23.0507381158,"42":22.8620172863,"43":22.8528500076,"44":22.8780097535,"45":22.8366351417,"46":22.9709613339,"47":22.8742326376,"48":22.8479166703,"49":22.8410636214}}