{"compression_rate":{"0":16.0,"1":16.0,"2":16.0,"3":16.0,"4":16.0,"5":16.0,"6":16.0,"7":16.0,"8":16.0,"9":16.0,"10":16.0,"11":16.0,"12":16.0,"13":16.0,"14":16.0,"15":16.0,"16":16.0,"17":16.0,"18":16.0,"19":16.0,"20":16.0,"21":16.0,"22":16.0,"23":16.0,"24":16.0,"25":16.0,"26":16.0,"27":16.0,"28":16.0,"29":16.0,"30":16.0,"31":16.0,"32":16.0,"33":16.0,"34":16.0,"35":16.0,"36":16.0,"37":16.0,"38":16.0,"39":16.0,"40":16.0,"41":16.0,"42":16.0,"43":16.0,"44":16.0,"45":16.0,"46":16.0,"47":16.0,"48":16.0,"49":16.0},"compression_time":{"0":0.1793966293,"1":0.1906294823,"2":0.1563506126,"3":0.0677118301,"4":0.0482199192,"5":0.0534787178,"6":0.2138438225,"7":0.2091107368,"8":0.1887273788,"9":0.1535661221,"10":0.0508308411,"11":0.0432162285,"12":0.1080873013,"13":0.2239997387,"14":0.1855614185,"15":0.0416147709,"16":0.086127758,"17":0.0507953167,"18":0.2148706913,"19":0.12332654,"20":0.0536546707,"21":0.0823237896,"22":0.0509889126,"23":0.0553741455,"24":0.0569694042,"25":0.1824333668,"26":0.1464059353,"27":0.141512394,"28":0.0860738754,"29":0.0572545528,"30":0.0619530678,"31":0.052115202,"32":0.1453537941,"33":0.0771164894,"34":0.0500895977,"35":0.0489752293,"36":0.1928877831,"37":0.1465985775,"38":0.0486023426,"39":0.1085982323,"40":0.0525839329,"41":0.0852270126,"42":0.1574671268,"43":0.2168037891,"44":0.0574803352,"45":0.0494205952,"46":0.0728945732,"47":0.0509610176,"48":0.1940176487,"49":0.1533772945},"decompression_time":{"0":0.5198969841,"1":0.4282491207,"2":0.4288420677,"3":0.4807376862,"4":0.4689085484,"5":0.4553999901,"6":0.463244915,"7":0.4276688099,"8":0.4617285728,"9":0.4308311939,"10":0.4791219234,"11":0.4410657883,"12":0.5767173767,"13":0.4432423115,"14":0.4352509975,"15":0.614112854,"16":0.4806787968,"17":0.4309780598,"18":0.4304339886,"19":0.6054747105,"20":0.4390702248,"21":0.4325973988,"22":0.4531815052,"23":0.4327886105,"24":0.6255578995,"25":0.4818782806,"26":0.4391205311,"27":0.4554252625,"28":0.4496576786,"29":0.4326217175,"30":0.6272661686,"31":0.6669566631,"32":0.434882164,"33":0.5059995651,"34":0.4290502071,"35":0.4291644096,"36":0.4463291168,"37":0.4444172382,"38":0.4374837875,"39":0.4385154247,"40":0.4318101406,"41":0.437898159,"42":0.4317581654,"43":0.4822962284,"44":0.4314389229,"45":0.4970431328,"46":0.435970068,"47":0.4348533154,"48":0.487942934,"49":0.4321081638}}