{"psnr":{"0":148.1996302719,"1":148.2809967722,"2":148.3948926611,"3":148.4795964673,"4":148.5231113988,"5":148.5347743498,"6":148.5376781023,"7":148.525898377,"8":148.5358475141,"9":148.5522670215,"10":148.538011068,"11":148.5209385094,"12":148.4404932486,"13":148.3419419788,"14":148.233391563,"15":148.1834187022,"16":148.1906883534,"17":148.3182795373,"18":148.3885078871,"19":148.4830917729,"20":149.5692261429,"21":149.6869029551,"22":149.7587688803,"23":149.7701533727,"24":149.7847767497,"25":149.7351722521,"26":149.6901187143,"27":149.5826409822,"28":149.5389632005,"29":149.4319726516,"30":149.4133166993,"31":149.4513266238,"32":149.5416354446,"33":149.6259130065,"34":149.7091372486,"35":149.7560721389,"36":149.7993092766,"37":149.758798281,"38":149.7131239098,"39":149.7097665774,"40":149.6502308017,"41":149.5855470768,"42":149.6042420904,"43":149.5330838356,"44":149.4237913052,"45":149.3495637239,"46":149.3369867991,"47":149.3567038952,"48":149.4199202989,"49":149.4394453689},"hsnr_0.1":{"0":128.2042717309,"1":128.28666357,"2":128.4016748863,"3":128.4873428328,"4":128.5313194082,"5":128.5430751971,"6":128.5457513662,"7":128.5339249718,"8":128.5440526212,"9":128.5605125784,"10":128.546235236,"11":128.5287786919,"12":128.4474382943,"13":128.3479212198,"14":128.2385327103,"15":128.1878691354,"16":128.1949537074,"17":128.3228617504,"18":128.3936193811,"19":128.489185137,"20":129.5692778733,"21":129.6869549878,"22":129.7588199933,"23":129.770204979,"24":129.7848260572,"25":129.7352251021,"26":129.6901744866,"27":129.5826953205,"28":129.5390163381,"29":129.432026425,"30":129.4133710665,"31":129.4513803003,"32":129.5416879427,"33":129.6259645507,"34":129.7091914061,"35":129.756124548,"36":129.7993622684,"37":129.7588503273,"38":129.7131800033,"39":129.7098205397,"40":129.6502833788,"41":129.585602987,"42":129.6042967021,"43":129.5331386072,"44":129.4238453562,"45":129.3496207558,"46":129.337040362,"47":129.3567589824,"48":129.4199749773,"49":129.4395046115}}