{"psnr":{"0":84.1469292325,"1":84.0869135355,"2":84.0325378414,"3":83.9787998102,"4":83.9591876452,"5":83.9676946525,"6":83.9797657204,"7":83.9747402624,"8":83.9522645642,"9":83.9331475476,"10":83.9282014025,"11":83.9613526541,"12":84.0085128751,"13":84.0782721034,"14":84.1517597595,"15":84.2102798382,"16":84.2410456009,"17":84.2211763304,"18":84.1597669373,"19":84.0834503397,"20":85.0249559558,"21":85.0209451159,"22":85.0084748611,"23":85.0022896041,"24":85.0025496012,"25":84.993186819,"26":84.9962536392,"27":84.9863373131,"28":84.984644294,"29":84.9774031251,"30":84.9754615592,"31":84.9810028734,"32":84.9809168886,"33":84.9893460143,"34":84.9888745544,"35":84.9862727546,"36":84.9967902686,"37":84.99394089,"38":84.9911443284,"39":84.9923434929,"40":84.9817954582,"41":84.9880509737,"42":84.9842353248,"43":84.9759725198,"44":84.9689223597,"45":84.9656387987,"46":84.9642806132,"47":84.9699035412,"48":84.9803619452,"49":84.998193918},"hsnr_0.1":{"0":70.3143954275,"1":70.3730639428,"2":70.5215555928,"3":70.6573326597,"4":70.7378688574,"5":70.7782552638,"6":70.8194615774,"7":70.8272139672,"8":70.8275530767,"9":70.8128008045,"10":70.7928418476,"11":70.7762937313,"12":70.7396227668,"13":70.6839866665,"14":70.620808021,"15":70.6253127553,"16":70.7564623358,"17":70.9526351341,"18":71.0723685097,"19":71.1240955131,"20":72.5702682201,"21":72.6486865956,"22":72.6795795268,"23":72.7034420992,"24":72.7389672395,"25":72.7801597071,"26":72.8405075697,"27":72.8482515693,"28":72.8382822748,"29":72.7908199685,"30":72.7640419417,"31":72.7594955878,"32":72.7855690321,"33":72.8246664553,"34":72.8431413819,"35":72.8463779612,"36":72.8401245967,"37":72.8134365646,"38":72.7813452097,"39":72.7763121956,"40":72.7569822665,"41":72.7514612659,"42":72.7197310187,"43":72.6480180197,"44":72.5527129887,"45":72.4537220174,"46":72.3786309508,"47":72.3401523828,"48":72.322552321,"49":72.2989258333}}