{"compression_rate":{"0":32.0,"1":32.0,"2":32.0,"3":32.0,"4":32.0,"5":32.0,"6":32.0,"7":32.0,"8":32.0,"9":32.0,"10":32.0,"11":32.0,"12":32.0,"13":32.0,"14":32.0,"15":32.0,"16":32.0,"17":32.0,"18":32.0,"19":32.0,"20":32.0,"21":32.0,"22":32.0,"23":32.0,"24":32.0,"25":32.0,"26":32.0,"27":32.0,"28":32.0,"29":32.0,"30":32.0,"31":32.0,"32":32.0,"33":32.0,"34":32.0,"35":32.0,"36":32.0,"37":32.0,"38":32.0,"39":32.0,"40":32.0,"41":32.0,"42":32.0,"43":32.0,"44":32.0,"45":32.0,"46":32.0,"47":32.0,"48":32.0,"49":32.0},"compression_time":{"0":0.1121823788,"1":0.0403511524,"2":0.04362607,"3":0.0438387394,"4":0.0429189205,"5":0.0336270332,"6":0.1126523018,"7":0.0456154346,"8":0.1104841232,"9":0.0503342152,"10":0.0453827381,"11":0.0431010723,"12":0.1344668865,"13":0.0405037403,"14":0.0460085869,"15":0.0430533886,"16":0.0440773964,"17":0.0407013893,"18":0.1334276199,"19":0.0444796085,"20":0.1312816143,"21":0.0638098717,"22":0.0466208458,"23":0.0409908295,"24":0.0477390289,"25":0.0342473984,"26":0.0412793159,"27":0.0428967476,"28":0.0507750511,"29":0.0355944633,"30":0.1269133091,"31":0.0447261333,"32":0.073741436,"33":0.0424718857,"34":0.0428385735,"35":0.0409097672,"36":0.0897762775,"37":0.0435016155,"38":0.0658316612,"39":0.0489015579,"40":0.0431311131,"41":0.0385818481,"42":0.1135599613,"43":0.0410788059,"44":0.14031744,"45":0.0544588566,"46":0.0413372517,"47":0.0410251617,"48":0.0690801144,"49":0.0512764454},"decompression_time":{"0":0.3262534142,"1":0.3202903271,"2":0.3195462227,"3":0.3206729889,"4":0.3209238052,"5":0.3191511631,"6":0.3357014656,"7":0.3242390156,"8":0.3163874149,"9":0.3255987167,"10":0.3169078827,"11":0.3201248646,"12":0.4001355171,"13":0.3217082024,"14":0.3212552071,"15":0.323376894,"16":0.3233296871,"17":0.3214037418,"18":0.4196839333,"19":0.3271110058,"20":0.3552033901,"21":0.350646019,"22":0.3240873814,"23":0.3215606213,"24":0.4757590294,"25":0.3233978748,"26":0.4268167019,"27":0.3235871792,"28":0.3223366737,"29":0.3238873482,"30":0.4073746204,"31":0.3213822842,"32":0.404446125,"33":0.3339848518,"34":0.3202593327,"35":0.3228824139,"36":0.3676922321,"37":0.3686439991,"38":0.321886301,"39":0.3352205753,"40":0.3226168156,"41":0.3260653019,"42":0.3220131397,"43":0.3215501308,"44":0.3430280685,"45":0.3719258308,"46":0.3438589573,"47":0.3203854561,"48":0.4430408478,"49":0.3208351135}}