{"psnr":{"0":63.3006311678,"1":63.3597702251,"2":63.4082577591,"3":63.4083145747,"4":63.4349697197,"5":63.4745685502,"6":63.4928708307,"7":63.488879768,"8":63.4807639944,"9":63.4509176229,"10":63.4456419739,"11":63.45863268,"12":63.4928650816,"13":63.5017564249,"14":63.5260238612,"15":63.5168105448,"16":63.5254457564,"17":63.5100425438,"18":63.4956995311,"19":63.4818814108,"20":63.4578592697,"21":63.4060583232,"22":63.368231687,"23":63.3556115938,"24":63.3544561021,"25":63.3613605806,"26":63.3793168488,"27":63.3943854068,"28":63.3941668353,"29":63.3811930453,"30":63.3897623461,"31":63.3608584998,"32":63.3504885075,"33":63.3655937713,"34":63.3694865383,"35":63.3735894117,"36":63.3884607514,"37":63.394504695,"38":63.3957647833,"39":63.4011657297,"40":63.3957716812,"41":63.4200104778,"42":63.4228000699,"43":63.4251945593,"44":63.4263021443,"45":63.4332300281,"46":63.4195914947,"47":63.4338977913,"48":63.4454984466,"49":63.4580231792},"hsnr_0.1":{"0":49.6856364787,"1":49.9292053477,"2":50.2430787212,"3":50.497070065,"4":50.6537409689,"5":50.7289925965,"6":50.7519926146,"7":50.7428639015,"8":50.740550668,"9":50.6988447466,"10":50.6608050017,"11":50.5959333755,"12":50.5161679517,"13":50.3444930517,"14":50.1792070786,"15":50.0657618358,"16":50.1743573915,"17":50.3988774346,"18":50.6202690679,"19":50.7784199286,"20":50.8715264815,"21":50.8890919557,"22":50.8921219177,"23":50.8961417435,"24":50.9273699409,"25":50.990862396,"26":51.0645346447,"27":51.1097317551,"28":51.094294413,"29":51.0493053203,"30":51.0269408202,"31":50.9777983342,"32":50.9884420467,"33":51.0378723128,"34":51.0630138057,"35":51.0689548687,"36":51.07594395,"37":51.0614946986,"38":51.0356680888,"39":51.0303351706,"40":51.0165403055,"41":51.0393790003,"42":51.0135268096,"43":50.9624874362,"44":50.8821790386,"45":50.7948347612,"46":50.7101024816,"47":50.688705097,"48":50.6746929554,"49":50.6566278233}}