{"compression_rate":{"0":4.0,"1":4.0,"2":4.0,"3":4.0,"4":4.0,"5":4.0,"6":4.0,"7":4.0,"8":4.0,"9":4.0,"10":4.0,"11":4.0,"12":4.0,"13":4.0,"14":4.0,"15":4.0,"16":4.0,"17":4.0,"18":4.0,"19":4.0,"20":4.0,"21":4.0,"22":4.0,"23":4.0,"24":4.0,"25":4.0,"26":4.0,"27":4.0,"28":4.0,"29":4.0,"30":4.0,"31":4.0,"32":4.0,"33":4.0,"34":4.0,"35":4.0,"36":4.0,"37":4.0,"38":4.0,"39":4.0,"40":4.0,"41":4.0,"42":4.0,"43":4.0,"44":4.0,"45":4.0,"46":4.0,"47":4.0,"48":4.0,"49":4.0},"compression_time":{"0":0.1158645153,"1":0.1999228001,"2":0.2382910252,"3":0.1976172924,"4":0.1309871674,"5":0.1855802536,"6":0.2453370094,"7":0.2236926556,"8":0.2799954414,"9":0.2357902527,"10":0.203384161,"11":0.1089208126,"12":0.2788007259,"13":0.2171428204,"14":0.0665490627,"15":0.0642032623,"16":0.0630004406,"17":0.068656683,"18":0.3186547756,"19":0.2127223015,"20":0.1469519138,"21":0.2504796982,"22":0.2215020657,"23":0.2243611813,"24":0.105907917,"25":0.0780518055,"26":0.2437746525,"27":0.0668017864,"28":0.0648448467,"29":0.0683920383,"30":0.3439936638,"31":0.2450871468,"32":0.2661910057,"33":0.2309472561,"34":0.2316932678,"35":0.0998578072,"36":0.2712857723,"37":0.1997463703,"38":0.2344958782,"39":0.2697510719,"40":0.235131979,"41":0.241451025,"42":0.2998731136,"43":0.1096768379,"44":0.2537429333,"45":0.1848068237,"46":0.2147223949,"47":0.2079617977,"48":0.2029497623,"49":0.2285170555},"decompression_time":{"0":1.2087180614,"1":1.0572423935,"2":0.9092388153,"3":0.9122710228,"4":1.0543322563,"5":0.9157955647,"6":0.9431774616,"7":0.9206857681,"8":0.9621191025,"9":0.9574379921,"10":0.9114580154,"11":0.9116098881,"12":0.9078364372,"13":0.9364666939,"14":1.0159170628,"15":1.1325645447,"16":1.0787806511,"17":1.116407156,"18":0.9347491264,"19":0.9322385788,"20":0.9113330841,"21":0.9494476318,"22":0.9082007408,"23":0.9220952988,"24":1.1899485588,"25":1.1852900982,"26":0.9170296192,"27":0.9098618031,"28":0.9659748077,"29":0.9500052929,"30":0.9061264992,"31":0.9141921997,"32":0.9167792797,"33":0.9098424911,"34":0.912037611,"35":1.0508954525,"36":0.9103932381,"37":0.9081964493,"38":0.9040520191,"39":0.9325275421,"40":0.9383175373,"41":0.9095516205,"42":0.917583704,"43":0.9047777653,"44":0.9246857166,"45":0.9284660816,"46":0.9024484158,"47":0.9131896496,"48":1.0413527489,"49":1.0137972832}}