{"psnr":{"0":22.5578514687,"1":22.4077071636,"2":22.062641442,"3":21.6433654137,"4":21.2498351459,"5":20.9443792135,"6":20.7587251083,"7":20.6756742428,"8":20.6908393839,"9":20.8208469269,"10":21.0782122322,"11":21.4609076633,"12":21.8470395968,"13":22.1060660154,"14":22.1355521586,"15":21.9308910837,"16":21.5528973656,"17":21.1378917421,"18":20.8467705416,"19":20.6622331838,"20":20.5953743,"21":20.645872906,"22":20.8588243986,"23":21.2377584296,"24":21.7300595903,"25":22.1701678836,"26":22.4660072721,"27":22.5193901666,"28":22.3366808162,"29":22.04568464,"30":21.7435806913,"31":21.4290531305,"32":21.213651663,"33":21.1450346942,"34":21.2175531355,"35":21.4226087199,"36":21.7224882513,"37":22.0534778306,"38":22.2994725526,"39":22.4052674098,"40":22.3932209917,"41":22.2865998745,"42":22.1217713518,"43":21.8905839682,"44":21.617813246,"45":21.4285876897,"46":21.3465232298,"47":21.3930218191,"48":21.5272690224,"49":21.6839434667},"hsnr_0.1":{"0":21.7684185516,"1":21.6561136358,"2":21.3786815324,"3":21.1274257275,"4":20.9657776896,"5":20.8735291381,"6":20.826487914,"7":20.8052969093,"8":20.8048708414,"9":20.8259244508,"10":20.876946638,"11":20.9820903808,"12":21.1476860662,"13":21.3131583858,"14":21.3461686673,"15":21.2050600786,"16":21.0157933523,"17":20.8789874101,"18":20.812453131,"19":20.7819625974,"20":20.7797019194,"21":20.793270635,"22":20.8368988305,"23":20.9347329296,"24":21.1204804945,"25":21.3822064791,"26":21.6105351011,"27":21.6024770563,"28":21.3892186305,"29":21.1764885786,"30":21.0361421022,"31":20.9383619365,"32":20.8959172287,"33":20.8987280602,"34":20.9383148753,"35":21.0242780622,"36":21.1712995176,"37":21.3680799053,"38":21.5239611283,"39":21.5554419235,"40":21.4778758056,"41":21.3511606082,"42":21.2228194876,"43":21.101654637,"44":21.0006065681,"45":20.9533603359,"46":20.9499131722,"47":20.9907962358,"48":21.0702747311,"49":21.167627441}}