{"compression_rate":{"0":8.0,"1":8.0,"2":8.0,"3":8.0,"4":8.0,"5":8.0,"6":8.0,"7":8.0,"8":8.0,"9":8.0,"10":8.0,"11":8.0,"12":8.0,"13":8.0,"14":8.0,"15":8.0,"16":8.0,"17":8.0,"18":8.0,"19":8.0,"20":8.0,"21":8.0,"22":8.0,"23":8.0,"24":8.0,"25":8.0,"26":8.0,"27":8.0,"28":8.0,"29":8.0,"30":8.0,"31":8.0,"32":8.0,"33":8.0,"34":8.0,"35":8.0,"36":8.0,"37":8.0,"38":8.0,"39":8.0,"40":8.0,"41":8.0,"42":8.0,"43":8.0,"44":8.0,"45":8.0,"46":8.0,"47":8.0,"48":8.0,"49":8.0},"compression_time":{"0":0.3783078194,"1":0.2465102673,"2":0.2449710369,"3":0.2122657299,"4":0.1641070843,"5":0.0549552441,"6":0.3381538391,"7":0.1900029182,"8":0.3212709427,"9":0.2179503441,"10":0.1197831631,"11":0.0568082333,"12":0.3963415623,"13":0.1727688313,"14":0.2558507919,"15":0.1953647137,"16":0.0773894787,"17":0.083920002,"18":0.3532533646,"19":0.1777272224,"20":0.1958475113,"21":0.1364285946,"22":0.1534128189,"23":0.1007096767,"24":0.3451898098,"25":0.2830963135,"26":0.2737534046,"27":0.0690264702,"28":0.0623140335,"29":0.0487651825,"30":0.3776726723,"31":0.1934773922,"32":0.1891593933,"33":0.2624497414,"34":0.1583023071,"35":0.0543086529,"36":0.3796823025,"37":0.2284939289,"38":0.2472932339,"39":0.2539348602,"40":0.0995137691,"41":0.0973837376,"42":0.4036550522,"43":0.1638152599,"44":0.2819845676,"45":0.2673583031,"46":0.1619243622,"47":0.0754539967,"48":0.3550710678,"49":0.2668097019},"decompression_time":{"0":0.6100866795,"1":0.6230130196,"2":0.6132586002,"3":0.6219067574,"4":0.6265223026,"5":0.7018668652,"6":0.6713893414,"7":0.7685141563,"8":0.6271877289,"9":0.6087310314,"10":0.6075568199,"11":0.6092910767,"12":0.6159989834,"13":0.7883806229,"14":0.611294508,"15":0.6075997353,"16":0.6112396717,"17":0.6144599915,"18":0.6570215225,"19":0.6186981201,"20":0.6088097095,"21":0.6044850349,"22":0.6531744003,"23":0.6322641373,"24":0.6403427124,"25":0.6050105095,"26":0.621275425,"27":0.8331086636,"28":0.7679953575,"29":0.6916384697,"30":0.6018545628,"31":0.6192047596,"32":0.6161794662,"33":0.6292355061,"34":0.6019146442,"35":0.628934145,"36":0.6290938854,"37":0.6751048565,"38":0.676538229,"39":0.6407308578,"40":0.7128717899,"41":0.6598987579,"42":0.6072816849,"43":0.6006224155,"44":0.6096901894,"45":0.6061916351,"46":0.6635837555,"47":0.6642210484,"48":0.6523516178,"49":0.5988016129}}