{"psnr":{"0":96.6697011666,"1":96.3144903461,"2":95.7862209067,"3":95.0811630478,"4":94.1448979991,"5":98.504389454,"6":97.6649347035,"7":97.4794247947,"8":98.0143796028,"9":93.5497457324,"10":94.5530419634,"11":95.3728749214,"12":95.9561164751,"13":96.300197684,"14":96.4044720084,"15":96.2869959939,"16":95.9857734782,"17":95.4982174264,"18":94.8075705157,"19":94.1235828002,"20":99.0124885975,"21":98.731578668,"22":98.8195241194,"23":99.1838112183,"24":94.1419525716,"25":94.6299364833,"26":95.0722330054,"27":95.4139033925,"28":95.6024551089,"29":95.5529891784,"30":95.2737177708,"31":94.7895740985,"32":94.1137427029,"33":98.8593846744,"34":98.0585088785,"35":97.3856621699,"36":97.0991201191,"37":97.2767077734,"38":97.8669912066,"39":93.1367461364,"40":93.8817898399,"41":94.5199752758,"42":94.9096378073,"43":95.0432688892,"44":94.9280638866,"45":94.5689307535,"46":94.0016802252,"47":93.3218899563,"48":98.113085966,"49":97.5223057364},"hsnr_0.1":{"0":76.7294692652,"1":76.3811354534,"2":75.8627110388,"3":75.1686956562,"4":74.245815497,"5":78.5377829701,"6":77.702900522,"7":77.5187646697,"8":78.0497891839,"9":73.6593731062,"10":74.6473928559,"11":75.454923323,"12":76.0283622135,"13":76.3653108652,"14":76.4679804347,"15":76.3548799967,"16":76.0586139307,"17":75.5804369885,"18":74.8973030079,"19":74.2240652615,"20":79.0425063803,"21":78.7635174695,"22":78.8504950292,"23":79.2127770273,"24":74.2426609359,"25":74.7219394787,"26":75.1592921979,"27":75.494952063,"28":75.6813033218,"29":75.6329188563,"30":75.3581512584,"31":74.8828629132,"32":74.218895603,"33":78.8900581149,"34":78.0938109343,"35":77.4250086811,"36":77.1401994738,"37":77.3155059975,"38":77.9022587387,"39":73.2605824456,"40":73.990110268,"41":74.6168640405,"42":74.9996540247,"43":75.1309626189,"44":75.0169318179,"45":74.6646010022,"46":74.1076964088,"47":73.4422702035,"48":78.1481198938,"49":77.5614669181}}