{"compression_rate":{"0":8.0,"1":8.0,"2":8.0,"3":8.0,"4":8.0,"5":8.0,"6":8.0,"7":8.0,"8":8.0,"9":8.0,"10":8.0,"11":8.0,"12":8.0,"13":8.0,"14":8.0,"15":8.0,"16":8.0,"17":8.0,"18":8.0,"19":8.0,"20":8.0,"21":8.0,"22":8.0,"23":8.0,"24":8.0,"25":8.0,"26":8.0,"27":8.0,"28":8.0,"29":8.0,"30":8.0,"31":8.0,"32":8.0,"33":8.0,"34":8.0,"35":8.0,"36":8.0,"37":8.0,"38":8.0,"39":8.0,"40":8.0,"41":8.0,"42":8.0,"43":8.0,"44":8.0,"45":8.0,"46":8.0,"47":8.0,"48":8.0,"49":8.0},"compression_time":{"0":0.275236845,"1":0.1933329105,"2":0.0810008049,"3":0.0617074966,"4":0.0519196987,"5":0.0637509823,"6":0.3181445599,"7":0.2161989212,"8":0.0775597095,"9":0.0676336288,"10":0.062810421,"11":0.0999236107,"12":0.2728886604,"13":0.1989989281,"14":0.0688273907,"15":0.0714361668,"16":0.053396225,"17":0.065084219,"18":0.3252007961,"19":0.1795942783,"20":0.0630772114,"21":0.0765640736,"22":0.0610611439,"23":0.0442419052,"24":0.2827019691,"25":0.1381788254,"26":0.077311039,"27":0.0677154064,"28":0.0765681267,"29":0.0717771053,"30":0.3189396858,"31":0.0923159122,"32":0.0659050941,"33":0.0608546734,"34":0.0592749119,"35":0.0894830227,"36":0.0703947544,"37":0.1600492001,"38":0.0984506607,"39":0.0610818863,"40":0.0598244667,"41":0.0465197563,"42":0.3347883224,"43":0.221259594,"44":0.1011095047,"45":0.0614786148,"46":0.067511797,"47":0.0589399338,"48":0.2582263947,"49":0.177798748},"decompression_time":{"0":0.7253320217,"1":0.7773041725,"2":0.6233251095,"3":0.6138260365,"4":0.6179652214,"5":0.6239552498,"6":0.6201007366,"7":0.6387045383,"8":0.6659860611,"9":0.6113116741,"10":0.6131243706,"11":0.6146409512,"12":0.6143014431,"13":0.6998677254,"14":0.6929588318,"15":0.6111755371,"16":0.6159691811,"17":0.6159412861,"18":0.6596233845,"19":0.6146905422,"20":0.7087111473,"21":0.6107003689,"22":0.6154844761,"23":0.6119074821,"24":0.6136891842,"25":0.6258928776,"26":0.6178894043,"27":0.6125392914,"28":0.6131632328,"29":0.612177372,"30":0.6223006248,"31":0.614061594,"32":0.6292889118,"33":0.6459424496,"34":0.6614935398,"35":0.6135261059,"36":0.8949210644,"37":0.7981801033,"38":0.6149766445,"39":0.6261205673,"40":0.6234161854,"41":0.6137976646,"42":0.6137509346,"43":0.6159436703,"44":0.6469655037,"45":0.6158196926,"46":0.6135530472,"47":0.6114852428,"48":0.7743961811,"49":0.7042124271}}