{"psnr":{"0":40.0483428597,"1":22.7501606654,"2":22.9054323833,"3":22.8234388757,"4":22.3206789931,"5":21.5396775526,"6":19.9584875106,"7":19.1010889392,"8":19.3238434713,"9":20.2994454189,"10":21.4157095489,"11":22.1584564464,"12":22.4076108539,"13":21.866712762,"14":21.6093495821,"15":21.7205948975,"16":21.5678390427,"17":20.9435915078,"18":20.1613141309,"19":19.5452864403,"20":19.430152702,"21":19.4917605616,"22":19.4534475279,"23":19.3788307789,"24":19.488915759,"25":19.7742840173,"26":20.0576343018,"27":20.3661215509,"28":20.8175203931,"29":21.2938026251,"30":21.4094269206,"31":20.9330348718,"32":20.2104820059,"33":19.8075532923,"34":19.6975341602,"35":19.675297587,"36":19.6619466351,"37":19.7580672583,"38":20.1079084635,"39":20.6930799631,"40":21.3458065387,"41":21.7977397153,"42":22.0914683567,"43":22.3268487492,"44":22.3379540938,"45":21.9875331561,"46":21.3752277677,"47":20.8499074307,"48":20.5861425532,"49":20.5962361278},"hsnr_0.1":{"0":38.2449196363,"1":20.5697711399,"2":21.379148302,"3":21.8779476473,"4":22.1727726252,"5":21.9324287553,"6":21.193763315,"7":20.7573802122,"8":20.6321747101,"9":20.6399607866,"10":20.7724825696,"11":20.9647827185,"12":21.1840956947,"13":21.1643406049,"14":21.07501806,"15":21.0693352695,"16":21.0169916981,"17":20.8719758418,"18":20.7695197351,"19":20.6730404309,"20":20.6369252036,"21":20.6214633025,"22":20.6030460251,"23":20.603253503,"24":20.6344847074,"25":20.6496130857,"26":20.6450956227,"27":20.6568081995,"28":20.7540228507,"29":20.9249781381,"30":21.0245786379,"31":20.9043835959,"32":20.732304567,"33":20.6503911294,"34":20.6380737068,"35":20.6626825608,"36":20.685868172,"37":20.6975185971,"38":20.7172990863,"39":20.7831453958,"40":20.9234097501,"41":21.0637153386,"42":21.219629813,"43":21.406989472,"44":21.4375956614,"45":21.2114729249,"46":20.966069787,"47":20.8449746215,"48":20.8210609966,"49":20.8597185692}}