{"psnr":{"0":270.5354916128,"1":271.1539892685,"2":271.4155068726,"3":271.39051985,"4":271.4874591991,"5":271.3196698735,"6":271.1875697139,"7":271.4977806172,"8":272.7119560635,"9":273.7989520622,"10":275.0416744244,"11":276.1597585156,"12":276.9044030659,"13":277.1376801286,"14":277.0497023922,"15":276.8114245728,"16":276.3194480933,"17":275.3048451013,"18":274.4165975089,"19":273.2266407949,"20":272.5021706248,"21":271.8236238897,"22":271.6843933008,"23":271.8407609449,"24":272.1273082582,"25":272.4008028186,"26":272.6965227177,"27":272.8137788322,"28":272.7489380255,"29":272.5873164689,"30":271.9261233194,"31":271.2689316772,"32":270.3704700286,"33":269.4102043861,"34":268.4423225724,"35":267.6288170226,"36":267.1377210433,"37":267.0544178499,"38":267.4258317456,"39":267.8202550751,"40":268.1440201626,"41":268.2530006364,"42":268.041576806,"43":267.7040989215,"44":266.9377335226,"45":266.0193312326,"46":264.9332735785,"47":263.6817051716,"48":262.5534453646,"49":261.6308556638},"hsnr_0.1":{"0":250.5356058784,"1":251.1540547257,"2":251.4156007668,"3":251.3906188489,"4":251.4875859749,"5":251.319905034,"6":251.1877301157,"7":251.4980985133,"8":252.7122574365,"9":253.7996074129,"10":255.0421202523,"11":256.1601554349,"12":256.9046278749,"13":257.1381134537,"14":257.0500100533,"15":256.8116171624,"16":256.3199271407,"17":255.3051943553,"18":254.4167453179,"19":253.2268710308,"20":252.5024879734,"21":251.8238078594,"22":251.6845951926,"23":251.8411361867,"24":252.1276894605,"25":252.4009880364,"26":252.6966963655,"27":252.8139382752,"28":252.7493529116,"29":252.5875209951,"30":251.9263162128,"31":251.2691146076,"32":250.3706724456,"33":249.4103605417,"34":248.442461949,"35":247.6289552292,"36":247.1379434492,"37":247.0545059241,"38":247.4258828721,"39":247.8202958582,"40":248.1440762614,"41":248.2530768005,"42":248.0416163446,"43":247.7041307079,"44":246.9378163785,"45":246.0194389049,"46":244.9333440888,"47":243.6817453506,"48":242.5534870211,"49":241.6308879932}}