{"psnr":{"0":203.0146350429,"1":203.842405373,"2":204.2929758916,"3":204.383547393,"4":204.6887882847,"5":204.8150856276,"6":204.9208211968,"7":205.1697021624,"8":205.9694909626,"9":206.4265806415,"10":207.0673071762,"11":207.7810130756,"12":208.2575303603,"13":208.3538202734,"14":208.1637174874,"15":207.8837691542,"16":207.4343067257,"17":206.5518967914,"18":205.9158131787,"19":205.0415600548,"20":204.5607021625,"21":204.0200657458,"22":203.8248676359,"23":203.807969671,"24":203.9002237306,"25":203.9762716207,"26":204.0927417052,"27":204.0321584599,"28":203.8519203792,"29":203.6631401601,"30":203.0802861936,"31":202.6311990775,"32":202.0392866851,"33":201.469605479,"34":200.9368458846,"35":200.4856720692,"36":200.2153205546,"37":200.0969799269,"38":200.2240108562,"39":200.2300121569,"40":200.1106690931,"41":199.8478484329,"42":199.3919458034,"43":198.9519528205,"44":198.1985952027,"45":197.4227161131,"46":196.6078003378,"47":195.7067010411,"48":194.9631170994,"49":194.3605186599},"hsnr_0.1":{"0":188.2285216212,"1":189.0623616178,"2":189.6627658329,"3":189.9808422086,"4":190.3808994873,"5":190.5732133012,"6":190.6057156068,"7":190.8502325185,"8":191.4286465034,"9":191.9216811811,"10":192.3148865811,"11":192.9422091352,"12":193.0201306372,"13":193.0669897946,"14":192.8088145755,"15":192.5893388577,"16":192.1294705617,"17":191.2823112581,"18":190.644071712,"19":189.7006462099,"20":189.0787152995,"21":188.3835535265,"22":188.1310650967,"23":187.8430602729,"24":187.8206441289,"25":187.7203977505,"26":187.658929322,"27":187.5327906992,"28":187.2661182158,"29":187.0580952737,"30":186.4773252933,"31":185.9387238892,"32":185.3122930381,"33":184.6590613608,"34":184.0005910974,"35":183.4194986695,"36":183.0266284896,"37":182.6018975073,"38":182.6404989319,"39":182.5045076693,"40":182.2908351527,"41":181.9788397234,"42":181.6045482095,"43":181.2169262504,"44":180.5008588509,"45":179.8347782325,"46":179.0661320943,"47":178.2373053406,"48":177.5479193972,"49":177.0235817144}}