{"compression_rate":{"0":3.2865015911,"1":3.2859795754,"2":3.2858433662,"3":3.2865268975,"4":3.2874157155,"5":3.2870303385,"6":3.2857036114,"7":3.2840144514,"8":3.282096474,"9":3.2816419301,"10":3.2823379918,"11":3.2821478192,"12":3.2821086989,"13":3.2813055982,"14":3.2804347355,"15":3.2802335964,"16":3.28176754,"17":3.2836723436,"18":3.2841961535,"19":3.2836403709,"20":3.2813290903,"21":3.2810935537,"22":3.2811231122,"23":3.2793073203,"24":3.2769588114,"25":3.2751121263,"26":3.272498066,"27":3.2705862295,"28":3.2690570846,"29":3.2676679729,"30":3.2668773926,"31":3.2656134938,"32":3.2634245884,"33":3.2624504232,"34":3.2623834838,"35":3.2627339523,"36":3.2621538537,"37":3.2610223047,"38":3.2609465482,"39":3.2597106504,"40":3.2588319276,"41":3.2585557621,"42":3.2575618916,"43":3.255739481,"44":3.2535189909,"45":3.2514554774,"46":3.2493360601,"47":3.2469591744,"48":3.2434271626,"49":3.2409841558},"compression_time":{"0":9.4427654743,"1":9.3915746212,"2":9.3115813732,"3":9.299895525,"4":9.2581803799,"5":9.2664561272,"6":9.2584547997,"7":9.2706444263,"8":9.2704000473,"9":9.2638761997,"10":9.2398273945,"11":9.2391495705,"12":9.224499464,"13":9.2202210426,"14":9.2439579964,"15":9.2425804138,"16":9.1912968159,"17":9.2018008232,"18":9.2247114182,"19":9.22362113,"20":9.2321939468,"21":9.2392539978,"22":9.2460305691,"23":9.2060730457,"24":9.3042652607,"25":9.2384564877,"26":9.2471420765,"27":9.2461578846,"28":9.2359757423,"29":9.244197607,"30":9.2803893089,"31":9.3152453899,"32":9.2994036674,"33":9.3232393265,"34":9.3048503399,"35":9.2819519043,"36":9.2746610641,"37":9.2641994953,"38":9.27009058,"39":9.2655143738,"40":9.253298521,"41":9.2644064426,"42":9.3348925114,"43":9.2821705341,"44":9.2515900135,"45":9.243544817,"46":9.2460567951,"47":9.256364584,"48":9.3273704052,"49":9.3463368416},"decompression_time":{"0":1.7531673908,"1":1.7466118336,"2":1.7352142334,"3":1.7284784317,"4":1.7182166576,"5":1.7179033756,"6":1.7417497635,"7":1.7385618687,"8":1.7366504669,"9":1.7285938263,"10":1.7259848118,"11":1.7148389816,"12":1.7588891983,"13":1.7364456654,"14":1.7504479885,"15":1.7354362011,"16":1.7240421772,"17":1.7131550312,"18":1.7614893913,"19":1.7297418118,"20":1.7385137081,"21":1.7375085354,"22":1.7183408737,"23":1.71833992,"24":1.8081965446,"25":1.7326822281,"26":1.7445220947,"27":1.7302010059,"28":1.7226932049,"29":1.7208175659,"30":1.83416152,"31":1.7436134815,"32":1.7661793232,"33":1.775002718,"34":1.7653377056,"35":1.7773468494,"36":1.8084702492,"37":1.749319315,"38":1.7325377464,"39":1.7202553749,"40":1.7659585476,"41":1.7491943836,"42":1.7426111698,"43":1.7657706738,"44":1.731667757,"45":1.7301330566,"46":1.719427824,"47":1.7144665718,"48":1.7706537247,"49":1.7494511604}}