{"compression_rate":{"0":32.0,"1":32.0,"2":32.0,"3":32.0,"4":32.0,"5":32.0,"6":32.0,"7":32.0,"8":32.0,"9":32.0,"10":32.0,"11":32.0,"12":32.0,"13":32.0,"14":32.0,"15":32.0,"16":32.0,"17":32.0,"18":32.0,"19":32.0,"20":32.0,"21":32.0,"22":32.0,"23":32.0,"24":32.0,"25":32.0,"26":32.0,"27":32.0,"28":32.0,"29":32.0,"30":32.0,"31":32.0,"32":32.0,"33":32.0,"34":32.0,"35":32.0,"36":32.0,"37":32.0,"38":32.0,"39":32.0,"40":32.0,"41":32.0,"42":32.0,"43":32.0,"44":32.0,"45":32.0,"46":32.0,"47":32.0,"48":32.0,"49":32.0},"compression_time":{"0":0.055077076,"1":0.1029953957,"2":0.0660471916,"3":0.0654013157,"4":0.0660822392,"5":0.0647764206,"6":0.1899812222,"7":0.0932004452,"8":0.0696504116,"9":0.0427381992,"10":0.053791523,"11":0.093067646,"12":0.1097097397,"13":0.0885336399,"14":0.0473189354,"15":0.0449509621,"16":0.06153965,"17":0.0982582569,"18":0.193343401,"19":0.1101322174,"20":0.0531272888,"21":0.0457289219,"22":0.0606341362,"23":0.0472471714,"24":0.1727626324,"25":0.1160848141,"26":0.0521039963,"27":0.0400009155,"28":0.0655045509,"29":0.0417330265,"30":0.0876231194,"31":0.0461831093,"32":0.047618866,"33":0.0438344479,"34":0.0625936985,"35":0.0937860012,"36":0.1968894005,"37":0.0463685989,"38":0.0372579098,"39":0.0630431175,"40":0.0662727356,"41":0.0437884331,"42":0.1204414368,"43":0.0874903202,"44":0.0431234837,"45":0.0437340736,"46":0.0910184383,"47":0.0384883881,"48":0.2054326534,"49":0.0838577747},"decompression_time":{"0":0.500672102,"1":0.3236114979,"2":0.3353347778,"3":0.3269894123,"4":0.3237793446,"5":0.3116717339,"6":0.3431384563,"7":0.3148539066,"8":0.3189706802,"9":0.3170156479,"10":0.3164739609,"11":0.3186626434,"12":0.4913358688,"13":0.4532651901,"14":0.3223745823,"15":0.3697316647,"16":0.3399858475,"17":0.3159284592,"18":0.3375926018,"19":0.3874192238,"20":0.3227365017,"21":0.319606781,"22":0.3158361912,"23":0.3150906563,"24":0.3629007339,"25":0.3759713173,"26":0.3225150108,"27":0.3483932018,"28":0.3440675735,"29":0.3175773621,"30":0.4484095573,"31":0.384601593,"32":0.3575077057,"33":0.316234827,"34":0.3184330463,"35":0.3187987804,"36":0.3282718658,"37":0.3163633347,"38":0.3749902248,"39":0.3167920113,"40":0.3380563259,"41":0.3801152706,"42":0.3219900131,"43":0.3141841888,"44":0.3216524124,"45":0.3465664387,"46":0.3142340183,"47":0.3174922466,"48":0.3145103455,"49":0.3546729088}}