{"psnr":{"0":146.4940376439,"1":146.6597692385,"2":147.0800375612,"3":147.5767573057,"4":147.9959775185,"5":148.2604050473,"6":148.436979565,"7":148.5086078879,"8":148.4860887256,"9":148.3134184951,"10":148.0338390352,"11":147.6824586791,"12":147.3829066226,"13":147.1315328554,"14":147.0923041171,"15":147.3576574414,"16":147.7636508989,"17":148.0763450521,"18":148.3792808629,"19":148.4449564817,"20":148.5022643289,"21":148.4533117671,"22":148.2843824226,"23":147.9933823427,"24":147.4969616034,"25":146.9520829939,"26":146.5770996321,"27":146.5666225848,"28":146.8258447046,"29":147.1705275487,"30":147.5259040192,"31":147.8136784088,"32":147.9469839098,"33":148.0577751699,"34":147.9469832423,"35":147.4125693387,"36":147.4617169077,"37":147.1735715534,"38":146.9550740033,"39":146.8309080349,"40":146.8623438826,"41":147.0212213277,"42":147.2436528742,"43":147.4521846101,"44":147.6292832583,"45":147.8478389864,"46":148.0221640177,"47":148.1656054334,"48":147.9744121995,"49":147.7936064714},"hsnr_0.1":{"0":126.49404679,"1":126.6597846493,"2":127.0800482432,"3":127.5767699635,"4":127.9959884869,"5":128.2604178026,"6":128.4369930645,"7":128.5086177647,"8":128.4861020747,"9":128.3134305341,"10":128.0338528281,"11":127.6824837346,"12":127.3829180488,"13":127.1315466391,"14":127.0923180722,"15":127.3576693973,"16":127.7636612649,"17":128.0763700232,"18":128.3792926377,"19":128.4449680788,"20":128.5022754917,"21":128.4533230525,"22":128.2843972534,"23":127.9933972519,"24":127.4969736933,"25":126.9520961235,"26":126.5771107417,"27":126.5666301693,"28":126.8258523427,"29":127.170539408,"30":127.5259156236,"31":127.8136888243,"32":127.9470067304,"33":128.0577894315,"34":127.9469966462,"35":127.4126606572,"36":127.4617290126,"37":127.1735831551,"38":126.9550822558,"39":126.8309159705,"40":126.8623522241,"41":127.0212288169,"42":127.2436603278,"43":127.4521964838,"44":127.6292954835,"45":127.8478505818,"46":128.0221749121,"47":128.1656160471,"48":127.9744233436,"49":127.7936192004}}