{"compression_rate":{"0":14.1641,"1":8.456,"2":10.438,"3":11.6526,"4":11.6418,"5":11.4854,"6":11.2981,"7":10.7727,"8":10.4776,"9":10.36,"10":10.1062,"11":9.81862,"12":9.51864,"13":9.3698,"14":9.33432,"15":9.48278,"16":9.77984,"17":9.99023,"18":10.0722,"19":10.2042,"20":10.2951,"21":10.373,"22":10.3285,"23":10.301,"24":10.2108,"25":10.127,"26":10.0252,"27":9.76488,"28":9.62353,"29":9.48712,"30":9.46289,"31":9.60163,"32":9.88572,"33":10.1726,"34":10.3156,"35":10.3615,"36":10.4219,"37":10.2043,"38":9.97645,"39":9.73099,"40":9.61153,"41":9.51532,"42":9.48215,"43":9.46865,"44":9.55765,"45":9.69827,"46":9.82918,"47":9.96774,"48":10.1045,"49":10.2146},"compression_time":{"0":59.1097509861,"1":19.3849096298,"2":48.8185913563,"3":46.8725523949,"4":46.8815560341,"5":50.2445785999,"6":60.4811854362,"7":61.5966365337,"8":28.6115689278,"9":48.0026230812,"10":57.4915993214,"11":31.5328698158,"12":34.2265172005,"13":24.6566226482,"14":50.5986754894,"15":46.1696045399,"16":45.5920324326,"17":51.4669332504,"18":59.6499800682,"19":32.9755172729,"20":21.6079311371,"21":25.1715667248,"22":33.7313177586,"23":48.6933805943,"24":31.9359035492,"25":18.2237651348,"26":57.9671452045,"27":45.2691464424,"28":50.62718606,"29":51.7076940536,"30":60.6691739559,"31":63.1478097439,"32":30.4383120537,"33":46.6780714989,"34":53.9179668427,"35":20.3849594593,"36":61.0461854935,"37":61.0825862885,"38":29.4652190208,"39":25.9339308739,"40":48.3385653496,"41":49.9023282528,"42":60.4970548153,"43":63.0745868683,"44":31.3670186996,"45":53.5488200188,"46":37.3879675865,"47":29.7342102528,"48":61.0365462303,"49":63.9273483753},"decompression_time":{"0":4.1320281029,"1":7.4087395668,"2":10.1028296947,"3":13.0740721226,"4":8.7645916939,"5":6.6265435219,"6":4.9419949055,"7":5.0965287685,"8":8.0674071312,"9":6.9896485806,"10":8.9608852863,"11":4.9517452717,"12":18.0628023148,"13":12.3069672585,"14":12.5238025188,"15":14.2541763783,"16":11.3823590279,"17":4.7599225044,"18":5.4552428722,"19":20.1474840641,"20":11.2327241898,"21":10.3514642715,"22":9.3968629837,"23":12.3214070797,"24":19.6213271618,"25":12.9234111309,"26":12.0946588516,"27":11.1343882084,"28":11.8005950451,"29":4.9283664227,"30":7.0245218277,"31":5.8385193348,"32":11.1701819897,"33":8.7179172039,"34":12.9613456726,"35":4.7389705181,"36":6.3118417263,"37":5.0928499699,"38":6.8485944271,"39":13.8711159229,"40":14.1060552597,"41":5.0232648849,"42":6.2896289825,"43":5.7786650658,"44":11.6530792713,"45":14.0481987,"46":5.7069392204,"47":4.7778453827,"48":6.5930118561,"49":5.4328653812}}