{"compression_rate":{"0":10.1427842494,"1":10.0025332024,"2":10.0243112141,"3":10.0409257366,"4":10.030949684,"5":9.9673105836,"6":9.9493800847,"7":9.9529697252,"8":9.9531807906,"9":9.9939632801,"10":10.0002826239,"11":9.9612369716,"12":9.9536486477,"13":9.9490727909,"14":9.946943998,"15":9.9526419027,"16":9.983161502,"17":10.0072375664,"18":10.0008193605,"19":10.0174162847,"20":10.0215640159,"21":10.0231393333,"22":10.0161042499,"23":10.0313976205,"24":10.0250676015,"25":10.0203280842,"26":10.0363179757,"27":10.0443187775,"28":10.0561269827,"29":10.035007621,"30":10.0162195718,"31":9.9912173399,"32":9.9818153834,"33":9.9923386358,"34":9.9888213587,"35":9.9993959998,"36":9.9780131921,"37":9.979597451,"38":9.9802318788,"39":9.9701431045,"40":9.95944066,"41":9.9442317958,"42":9.9346484718,"43":9.9170872088,"44":9.9407316575,"45":9.9694648409,"46":9.9868734162,"47":9.9920228347,"48":9.9778994772,"49":9.9940027694},"compression_time":{"0":8.1618206501,"1":8.3311033249,"2":8.3136644363,"3":8.3257622719,"4":8.3253302574,"5":8.3677036762,"6":8.4586942196,"7":8.4665367603,"8":8.4156246185,"9":8.3649663925,"10":8.3658986092,"11":8.3672983646,"12":8.4382560253,"13":8.3947105408,"14":8.369353056,"15":8.3665044308,"16":8.3513758183,"17":8.3684864044,"18":8.3807528019,"19":8.3561768532,"20":8.2989668846,"21":8.2893605232,"22":8.3724627495,"23":8.2805695534,"24":8.4191420078,"25":8.3456707001,"26":8.329477787,"27":8.3602435589,"28":8.2981660366,"29":8.3022696972,"30":8.3045158386,"31":8.293172121,"32":8.2765464783,"33":8.2542290688,"34":8.2494366169,"35":8.2334449291,"36":8.2806329727,"37":8.2887215614,"38":8.2748978138,"39":8.2680997849,"40":8.2528963089,"41":8.2472882271,"42":8.3079030514,"43":8.2546412945,"44":8.3042333126,"45":8.2248268127,"46":8.2353487015,"47":8.2789242268,"48":8.3933753967,"49":8.3850355148},"decompression_time":{"0":1.5310606956,"1":1.4748353958,"2":1.4679613113,"3":1.4740617275,"4":1.4696419239,"5":1.4621462822,"6":1.5536382198,"7":1.475382328,"8":1.4597940445,"9":1.47351408,"10":1.4599125385,"11":1.4752700329,"12":1.5363490582,"13":1.467946291,"14":1.4611124992,"15":1.4600644112,"16":1.4575026035,"17":1.4960455894,"18":1.5275900364,"19":1.469835043,"20":1.4626281261,"21":1.4608156681,"22":1.4698274136,"23":1.4627153873,"24":1.557477951,"25":1.4692847729,"26":1.5326747894,"27":1.5536794662,"28":1.5295302868,"29":1.48939991,"30":1.5306656361,"31":1.4690718651,"32":1.462264061,"33":1.4734432697,"34":1.462223053,"35":1.4574964046,"36":1.5572359562,"37":1.4858129025,"38":1.4850833416,"39":1.4713065624,"40":1.4675209522,"41":1.4663200378,"42":1.5366277695,"43":1.4674606323,"44":1.4687125683,"45":1.4624433517,"46":1.4598395824,"47":1.4721210003,"48":1.5766191483,"49":1.5185332298}}