{"psnr":{"0":168.6369186726,"1":168.7239896894,"2":171.3966764273,"3":171.3547278385,"4":171.3890704687,"5":171.397460622,"6":171.4276736609,"7":171.4448408892,"8":171.4738464639,"9":171.4154725046,"10":171.4242637612,"11":171.4770290638,"12":167.8802997391,"13":168.6937895115,"14":168.5683418217,"15":168.4598488052,"16":168.4483877919,"17":168.749632707,"18":168.9107016952,"19":168.9686819072,"20":171.76483384,"21":171.6306219643,"22":171.5273863638,"23":171.4094245853,"24":171.4371997178,"25":171.4648259684,"26":171.5105467504,"27":168.6856165274,"28":168.6577565153,"29":168.5744743626,"30":167.8681661754,"31":171.3893457471,"32":171.4157642226,"33":171.4195392612,"34":171.5361641488,"35":171.5780919227,"36":171.6269555482,"37":171.5729721114,"38":171.5499625012,"39":171.5584780629,"40":171.5210492035,"41":171.494646077,"42":171.6900124264,"43":171.671975578,"44":171.4277144448,"45":171.2631514495,"46":171.2461844407,"47":171.2375433718,"48":171.2629501202,"49":171.278359017},"hsnr_0.1":{"0":148.6703491703,"1":148.7555102569,"2":151.3968636952,"3":151.3552106871,"4":151.3897141706,"5":151.3980468304,"6":151.4280805132,"7":151.4452004939,"8":151.474262715,"9":151.415840599,"10":151.4246190741,"11":151.4772287674,"12":147.9048781596,"13":148.7263971572,"14":148.603882984,"15":148.4967330868,"16":148.4860706255,"17":148.7879824419,"18":148.9465861527,"19":149.0008076843,"20":151.7649366662,"21":151.6309146571,"22":151.5279292637,"23":151.4099947116,"24":151.4376626293,"25":151.4650972843,"26":151.5106723304,"27":148.7112434474,"28":148.6843347147,"29":148.6009714705,"30":147.8909380459,"31":151.389472886,"32":151.4159612965,"33":151.4198875882,"34":151.5366641824,"35":151.5786653685,"36":151.6276167877,"37":151.5736342741,"38":151.550582679,"39":151.5590275592,"40":151.5214887826,"41":151.4949909522,"42":151.6903231861,"43":151.6722242719,"44":151.4279491424,"45":151.2633821771,"46":151.2464299853,"47":151.2378114962,"48":151.2632740134,"49":151.2787600951}}