{"psnr":{"0":103.5133940148,"1":103.4808157688,"2":105.7737963094,"3":105.6462405188,"4":105.5996589269,"5":105.6143226214,"6":105.6512594807,"7":105.6657245673,"8":105.6438859398,"9":105.6123578934,"10":105.6137882862,"11":105.6915697459,"12":102.4617156214,"13":103.4857071867,"14":103.5800156774,"15":103.6069007353,"16":103.6188489441,"17":103.6107402352,"18":103.5870503102,"19":103.490342652,"20":105.8143099991,"21":105.6238939464,"22":105.4996883737,"23":105.4695706055,"24":105.5182537589,"25":105.6196153862,"26":105.7374212482,"27":103.2309688808,"28":103.2409940315,"29":103.2395052173,"30":102.4558274218,"31":105.757036909,"32":105.6717358485,"33":105.6059334366,"34":105.5496659087,"35":105.5129567743,"36":105.4958598262,"37":105.4905476396,"38":105.5025656891,"39":105.530419853,"40":105.5670617233,"41":105.6083647453,"42":105.6416325092,"43":105.6637808073,"44":105.6798861132,"45":105.6892688406,"46":105.6677963736,"47":105.6518553837,"48":105.6367739559,"49":105.6287855618},"hsnr_0.1":{"0":89.4228294746,"1":89.5490027457,"2":92.7086706701,"3":92.8001884208,"4":92.8678045834,"5":92.919345777,"6":92.9640742159,"7":92.9853409631,"8":92.966120158,"9":92.947981368,"10":92.9239368701,"11":92.9447808275,"12":89.0777865178,"13":89.8145698183,"14":89.7297647309,"15":89.6784298036,"16":89.7569466689,"17":89.9430147001,"18":90.1081920173,"19":90.1904753069,"20":93.3748638286,"21":93.2453211541,"22":93.1339031543,"23":93.112619263,"24":93.217759644,"25":93.3884354053,"26":93.5925509491,"27":90.3407469804,"28":90.3454196486,"29":90.3110385202,"30":89.6092376323,"31":93.5409417046,"32":93.4713567508,"33":93.4189796813,"34":93.362664081,"35":93.3184473746,"36":93.276887583,"37":93.2482621344,"38":93.2392394242,"39":93.2703461211,"40":93.3196026867,"41":93.3665927247,"42":93.3766165857,"43":93.3352194488,"44":93.2682801321,"45":93.1858382618,"46":93.0797838635,"47":93.0238760908,"48":92.9683322375,"49":92.9111656055}}