{"compression_rate":{"0":8.0422172314,"1":8.0410022994,"2":8.0530940892,"3":8.0546256956,"4":8.0464230856,"5":8.0331807994,"6":8.015173424,"7":8.0108324241,"8":8.0063487515,"9":8.0037659232,"10":7.994453915,"11":7.9878983572,"12":7.9923356599,"13":7.9864345166,"14":7.9736168737,"15":7.9658464074,"16":7.9601434259,"17":7.9642917162,"18":7.9687841863,"19":7.9596252515,"20":7.9556722756,"21":7.9425480169,"22":7.9300383359,"23":7.9214083033,"24":7.9165042284,"25":7.9147173884,"26":7.9207798604,"27":7.9207086616,"28":7.9117909163,"29":7.901324158,"30":7.8989251235,"31":7.8960221845,"32":7.8983614475,"33":7.8985514622,"34":7.8936291052,"35":7.8782934204,"36":7.8671545822,"37":7.8700871205,"38":7.8722390688,"39":7.8792969449,"40":7.8791183098,"41":7.8795801415,"42":7.8841773167,"43":7.8780721158,"44":7.8793401277,"45":7.8749674378,"46":7.8741102784,"47":7.8673752738,"48":7.8594033439,"49":7.8519386478},"compression_time":{"0":8.3948543072,"1":8.3812835217,"2":8.3643701077,"3":8.4034678936,"4":8.376978159,"5":8.3588831425,"6":8.4318375587,"7":8.3855345249,"8":8.45464468,"9":8.3722298145,"10":8.3702588081,"11":8.379971981,"12":8.421908617,"13":8.4077720642,"14":8.3959059715,"15":8.3895795345,"16":8.3930141926,"17":8.409014225,"18":8.4131314754,"19":8.4166359901,"20":8.3967995644,"21":8.404204607,"22":8.394387722,"23":8.440857172,"24":8.4380309582,"25":8.428286314,"26":8.4119024277,"27":8.4170634747,"28":8.3950052261,"29":8.4130234718,"30":8.4787368774,"31":8.43643713,"32":8.4343836308,"33":8.422547102,"34":8.4220318794,"35":8.3856945038,"36":8.4361486435,"37":8.4366099834,"38":8.4322235584,"39":8.4092760086,"40":8.4067981243,"41":8.3927929401,"42":8.5105834007,"43":8.5008356571,"44":8.4528667927,"45":8.446126461,"46":8.4701337814,"47":8.4749507904,"48":8.4346323013,"49":8.4360888004},"decompression_time":{"0":1.6004171371,"1":1.5764226913,"2":1.5790419579,"3":1.5858511925,"4":1.5809116364,"5":1.5769650936,"6":1.5960187912,"7":1.5990283489,"8":1.5941271782,"9":1.6289277077,"10":1.5903270245,"11":1.58766222,"12":1.6043119431,"13":1.5939228535,"14":1.5926370621,"15":1.5935835838,"16":1.5823361874,"17":1.5952086449,"18":1.5970237255,"19":1.593142271,"20":1.5904939175,"21":1.5823643208,"22":1.5718951225,"23":1.5890262127,"24":1.6593284607,"25":1.589165926,"26":1.6001336575,"27":1.5947473049,"28":1.5816304684,"29":1.5867791176,"30":1.6502220631,"31":1.5859572887,"32":1.5841348171,"33":1.5777778625,"34":1.5786175728,"35":1.5763013363,"36":1.5953662395,"37":1.5820603371,"38":1.5787937641,"39":1.5762281418,"40":1.5759699345,"41":1.5562298298,"42":1.6413993835,"43":1.6288924217,"44":1.6140522957,"45":1.631364584,"46":1.6184680462,"47":1.5836250782,"48":1.6024177074,"49":1.5960819721}}