{"psnr":{"0":93.8089821845,"1":93.7964107688,"2":93.8070398008,"3":93.8107288975,"4":93.7859750585,"5":93.7407197954,"6":93.6886123181,"7":93.6775989635,"8":93.67287718,"9":93.7235489316,"10":93.7457044765,"11":93.6781665696,"12":93.525763309,"13":93.3859602668,"14":93.3013028162,"15":93.2748757681,"16":93.3149045189,"17":93.4046200185,"18":93.532415432,"19":93.6936958939,"20":93.9068507942,"21":94.0629035793,"22":94.1901228889,"23":94.1953168736,"24":94.1073634055,"25":94.017899124,"26":93.8761851829,"27":93.7639409067,"28":93.7222186007,"29":93.7709487682,"30":93.8419422608,"31":93.9093579424,"32":93.9488268522,"33":93.9965218342,"34":94.0245279978,"35":94.0464145651,"36":94.0643363416,"37":94.0869503896,"38":94.06864452,"39":94.0296401865,"40":94.0027935003,"41":93.9498314825,"42":93.8828145559,"43":93.8190032876,"44":93.7753093976,"45":93.7366396679,"46":93.7143979897,"47":93.6901303273,"48":93.6540133396,"49":93.5948168917},"hsnr_0.1":{"0":89.107353696,"1":89.3673441003,"2":89.6351924309,"3":89.7325268997,"4":89.6616619754,"5":89.5458475261,"6":89.3165076108,"7":89.2420308348,"8":89.1557616017,"9":89.1534474919,"10":89.0184024408,"11":88.6900716539,"12":88.1633102053,"13":87.4998673387,"14":86.8631424283,"15":86.3431912445,"16":86.1332624576,"17":86.1919807413,"18":86.5129538777,"19":86.9661488591,"20":87.5549353567,"21":88.0623282939,"22":88.5102273805,"23":88.709747999,"24":88.6587413787,"25":88.4541040192,"26":88.1629506596,"27":87.7081267165,"28":87.2460384156,"29":86.9452397799,"30":86.7386605517,"31":86.7122683268,"32":86.7883745341,"33":86.9448591728,"34":87.1174743259,"35":87.2569437679,"36":87.3336547671,"37":87.2813208674,"38":87.1332246542,"39":86.9244011431,"40":86.7348403773,"41":86.4614115562,"42":86.1500109331,"43":85.7922526158,"44":85.4534219073,"45":85.2078833167,"46":85.1521385303,"47":85.1821198479,"48":85.2725604667,"49":85.3202240144}}