{"compression_rate":{"0":16.0,"1":16.0,"2":16.0,"3":16.0,"4":16.0,"5":16.0,"6":16.0,"7":16.0,"8":16.0,"9":16.0,"10":16.0,"11":16.0,"12":16.0,"13":16.0,"14":16.0,"15":16.0,"16":16.0,"17":16.0,"18":16.0,"19":16.0,"20":16.0,"21":16.0,"22":16.0,"23":16.0,"24":16.0,"25":16.0,"26":16.0,"27":16.0,"28":16.0,"29":16.0,"30":16.0,"31":16.0,"32":16.0,"33":16.0,"34":16.0,"35":16.0,"36":16.0,"37":16.0,"38":16.0,"39":16.0,"40":16.0,"41":16.0,"42":16.0,"43":16.0,"44":16.0,"45":16.0,"46":16.0,"47":16.0,"48":16.0,"49":16.0},"compression_time":{"0":0.226367712,"1":0.292277813,"2":0.1971297264,"3":0.2392487526,"4":0.1643619537,"5":0.0975949764,"6":0.1264615059,"7":0.1592569351,"8":0.2054383755,"9":0.0969407558,"10":0.0984194279,"11":0.1818902493,"12":0.253510952,"13":0.1353406906,"14":0.1692090034,"15":0.1806125641,"16":0.1721167564,"17":0.1718637943,"18":0.2645702362,"19":0.2014923096,"20":0.0464808941,"21":0.1613106728,"22":0.0529284477,"23":0.0585691929,"24":0.2414870262,"25":0.2070343494,"26":0.113214016,"27":0.203214407,"28":0.187775135,"29":0.1548597813,"30":0.2547338009,"31":0.1545350552,"32":0.1404733658,"33":0.1702859402,"34":0.1660034657,"35":0.1627516747,"36":0.2470738888,"37":0.2454946041,"38":0.1748085022,"39":0.1977188587,"40":0.1451556683,"41":0.187671423,"42":0.2964823246,"43":0.1902723312,"44":0.1775074005,"45":0.1680107117,"46":0.1652743816,"47":0.1696505547,"48":0.2391574383,"49":0.2523028851},"decompression_time":{"0":0.5292019844,"1":0.4250802994,"2":0.4332203865,"3":0.4551577568,"4":0.4465568066,"5":0.4263978004,"6":0.6269214153,"7":0.4484579563,"8":0.4587314129,"9":0.4293529987,"10":0.4287507534,"11":0.4821071625,"12":0.4259858131,"13":0.426053524,"14":0.4258961678,"15":0.4290392399,"16":0.4833796024,"17":0.4555678368,"18":0.4415621758,"19":0.4549202919,"20":0.5874934196,"21":0.4293653965,"22":0.4272477627,"23":0.4259436131,"24":0.4238166809,"25":0.4317212105,"26":0.4324522018,"27":0.4421005249,"28":0.4611349106,"29":0.4363181591,"30":0.4495880604,"31":0.4266147614,"32":0.4249908924,"33":0.4277970791,"34":0.4266965389,"35":0.4254362583,"36":0.4565339088,"37":0.4255886078,"38":0.4246809483,"39":0.4731082916,"40":0.4399709702,"41":0.483320713,"42":0.4365501404,"43":0.5011191368,"44":0.4523382187,"45":0.4829452038,"46":0.4937338829,"47":0.4546535015,"48":0.4417550564,"49":0.4361245632}}