{"compression_rate":{"0":5.4309,"1":5.4312,"2":5.41215,"3":5.41252,"4":5.40562,"5":5.39269,"6":5.38565,"7":5.39231,"8":5.41029,"9":5.42034,"10":5.42879,"11":5.42028,"12":5.46137,"13":5.40954,"14":5.36956,"15":5.35884,"16":5.34981,"17":5.36377,"18":5.38928,"19":5.43256,"20":5.46089,"21":5.47428,"22":5.49316,"23":5.49833,"24":5.49732,"25":5.49309,"26":5.48193,"27":5.51153,"28":5.50407,"29":5.50636,"30":5.52553,"31":5.48877,"32":5.49372,"33":5.48929,"34":5.49153,"35":5.4935,"36":5.48934,"37":5.48741,"38":5.48679,"39":5.48268,"40":5.48395,"41":5.47396,"42":5.47452,"43":5.47714,"44":5.48307,"45":5.48162,"46":5.4862,"47":5.4801,"48":5.47078,"49":5.4582},"compression_time":{"0":67.2531261444,"1":59.6059865952,"2":33.5115618706,"3":29.0322337151,"4":29.4300932884,"5":24.5687153339,"6":45.3101024628,"7":40.9305517673,"8":31.9365484715,"9":27.5728693008,"10":26.807060957,"11":23.681725502,"12":65.7542397976,"13":52.2474899292,"14":35.0943200588,"15":29.4866440296,"16":33.2250740528,"17":26.914788723,"18":66.5555548668,"19":39.0182619095,"20":27.9389617443,"21":26.7517819405,"22":28.6514854431,"23":25.2458302975,"24":65.7215993404,"25":57.728798151,"26":38.4703128338,"27":29.2527291775,"28":29.2727241516,"29":22.4755344391,"30":65.3296663761,"31":57.1180932522,"32":34.3164272308,"33":30.6361610889,"34":28.5227022171,"35":25.6742691994,"36":43.3867681026,"37":27.2987163067,"38":41.3024117947,"39":28.0418486595,"40":27.3807799816,"41":26.8838169575,"42":64.5505788326,"43":57.6414520741,"44":34.7150018215,"45":30.4959964752,"46":31.0616176128,"47":22.9486432076,"48":42.7495684624,"49":34.5934109688},"decompression_time":{"0":7.5338692665,"1":8.3612961769,"2":7.2312686443,"3":7.6837408543,"4":8.1342525482,"5":5.8584549427,"6":10.1298017502,"7":13.135181427,"8":11.9938030243,"9":10.2179219723,"10":11.8817958832,"11":12.1247954369,"12":7.8878743649,"13":6.829890728,"14":6.5795345306,"15":7.4269070625,"16":6.7023415565,"17":5.687340498,"18":6.0605304241,"19":12.8155584335,"20":14.390625,"21":11.5524871349,"22":8.9378154278,"23":6.697865963,"24":8.424053669,"25":6.991506815,"26":9.0512492657,"27":10.2201933861,"28":9.6599161625,"29":5.7886908054,"30":9.0453546047,"31":6.9639179707,"32":7.6952121258,"33":7.7451429367,"34":7.1695590019,"35":5.9967856407,"36":11.8233880997,"37":14.8934676647,"38":13.3716518879,"39":10.370319128,"40":12.3723273277,"41":13.7749998569,"42":10.0440123081,"43":7.6641964912,"44":7.6161930561,"45":7.4633057117,"46":7.8640356064,"47":6.0708904266,"48":12.8632109165,"49":12.2354705334}}