{"psnr":{"0":40.805453693,"1":40.8170470711,"2":40.8327245819,"3":40.8445099425,"4":40.8534564559,"5":40.8620181387,"6":40.8727893741,"7":40.8771838543,"8":40.8811577438,"9":40.887479306,"10":40.8926272423,"11":40.8959921263,"12":40.8964560741,"13":40.9392338129,"14":40.9470378332,"15":40.9490264732,"16":40.951534993,"17":40.9447679693,"18":40.9342130661,"19":40.932445511,"20":40.8840288306,"21":40.8873362138,"22":40.8926023184,"23":40.8891553128,"24":40.8909925438,"25":40.8926561826,"26":40.8899545249,"27":40.8866973058,"28":40.883545444,"29":40.8847656052,"30":40.882374158,"31":40.889941588,"32":40.8840940815,"33":40.891907207,"34":40.8954805745,"35":40.8954200411,"36":40.9005909757,"37":40.9022195204,"38":40.9032475415,"39":40.9065373195,"40":40.9088580436,"41":40.9124223902,"42":40.9094576527,"43":40.907344225,"44":40.9064615806,"45":40.9088274663,"46":40.9089048363,"47":40.9136292667,"48":40.915575808,"49":40.9167461675},"hsnr_0.1":{"0":26.3948885423,"1":26.5102512137,"2":26.6906400347,"3":26.8694677575,"4":26.9748380952,"5":27.0049191736,"6":27.0481787083,"7":27.0493919837,"8":27.072945208,"9":27.1026625127,"10":27.1149272692,"11":27.0734455787,"12":27.0030699975,"13":26.9080421995,"14":26.8182283284,"15":26.7769764348,"16":26.8483130428,"17":26.9954017494,"18":27.1243192883,"19":27.2197611426,"20":27.2462180757,"21":27.3165129977,"22":27.3753975241,"23":27.4106667013,"24":27.4391001686,"25":27.4719344366,"26":27.4847823675,"27":27.5098511044,"28":27.491644568,"29":27.4805859254,"30":27.4420354714,"31":27.451046095,"32":27.4655433404,"33":27.4815783,"34":27.4992322888,"35":27.4868592778,"36":27.4841631489,"37":27.4653677553,"38":27.4452403562,"39":27.4418973535,"40":27.4576234751,"41":27.4534996195,"42":27.4292766281,"43":27.3908224801,"44":27.3286834418,"45":27.2706386544,"46":27.2361099894,"47":27.20070793,"48":27.1881873299,"49":27.1695693655}}