{"psnr":{"0":33.542003409,"1":33.3584293394,"2":33.2042831854,"3":33.0881632516,"4":33.0224843725,"5":33.0664488814,"6":33.1926683462,"7":33.3635474999,"8":33.5616082139,"9":33.7044854202,"10":33.7121162727,"11":33.6550497995,"12":33.5486620098,"13":33.4437909464,"14":33.2889604489,"15":33.1366343129,"16":33.0096252536,"17":32.9092916528,"18":32.8682211856,"19":32.8852841896,"20":27.5025604645,"21":32.9980408073,"22":33.061121339,"23":33.0727565032,"24":37.7286718192,"25":37.7177452481,"26":37.7126666843,"27":37.6862929848,"28":37.6588910965,"29":39.7677936414,"30":39.7582630997,"31":37.4748079995,"32":39.7157498608,"33":40.3835068889,"34":40.5904104694,"35":40.5775630719,"36":40.4902171517,"37":40.4268966669,"38":40.4462541019,"39":40.4719727178,"40":40.6498835183,"41":40.6709977965,"42":40.7151599309,"43":40.7545474769,"44":40.5802923836,"45":40.7519379873,"46":40.7499672117,"47":40.7569771748,"48":40.7692317989,"49":40.7867075591},"hsnr_0.1":{"0":20.6126996366,"1":20.4945746062,"2":20.3630976222,"3":20.2743440054,"4":20.2418952548,"5":20.3065880712,"6":20.5063697015,"7":20.7342724273,"8":20.8781171827,"9":21.0146042424,"10":20.9893593525,"11":20.816673456,"12":20.6537849117,"13":20.5315346772,"14":20.3884782808,"15":20.2749251488,"16":20.2277489378,"17":20.1349998709,"18":20.1024449731,"19":20.1584047989,"20":12.9010636118,"21":20.2518994251,"22":20.2584847238,"23":20.1689024849,"24":24.3453166575,"25":24.250783165,"26":24.3150261659,"27":24.3806423851,"28":24.4870235513,"29":26.0715868803,"30":26.243112354,"31":24.644733343,"32":26.1725647494,"33":26.5105157703,"34":26.6169036286,"35":26.5337974141,"36":26.4079546395,"37":26.3778143408,"38":26.4042741319,"39":26.504582051,"40":26.7459080831,"41":26.8781347246,"42":27.0123995962,"43":27.1310436741,"44":26.9132214258,"45":26.8686404847,"46":26.6522547848,"47":26.3929539993,"48":26.2723288546,"49":26.2796343654}}