{"compression_rate":{"0":9.5850119657,"1":9.5762706754,"2":9.5745762805,"3":9.5730381496,"4":9.5682598107,"5":9.5591743595,"6":9.5537929814,"7":9.5465002243,"8":9.5443481158,"9":9.5361967895,"10":9.5278852293,"11":9.523614018,"12":9.5108703524,"13":9.5089467817,"14":9.5068717873,"15":9.4987109942,"16":9.4873556564,"17":9.4741514485,"18":9.4686034278,"19":9.4684104445,"20":9.4623571288,"21":9.4542817099,"22":9.4511708962,"23":9.443258842,"24":9.4437772808,"25":9.4458934146,"26":9.4482046103,"27":9.4502521096,"28":9.4467041973,"29":9.4416829811,"30":9.4362596184,"31":9.4282338705,"32":9.4250348071,"33":9.4288463448,"34":9.4264906094,"35":9.4263878168,"36":9.4240242061,"37":9.4200703789,"38":9.4184359994,"39":9.4171287742,"40":9.4154804865,"41":9.4161620637,"42":9.4168463366,"43":9.4196149562,"44":9.4185762895,"45":9.4178417611,"46":9.4193706963,"47":9.4127694356,"48":9.4157628422,"49":9.4171086459},"compression_time":{"0":8.3535921574,"1":8.3563041687,"2":8.3433599472,"3":8.3876736164,"4":8.3678634167,"5":8.3833935261,"6":8.4509327412,"7":8.4048998356,"8":8.410892725,"9":8.43034482,"10":8.4318931103,"11":8.435526371,"12":8.5129430294,"13":8.4539802074,"14":8.4369189739,"15":8.4408552647,"16":8.4545109272,"17":8.4596939087,"18":8.5606684685,"19":8.4627656937,"20":8.5311162472,"21":8.4882440567,"22":8.4892687798,"23":8.5060443878,"24":8.5555994511,"25":8.5871174335,"26":8.5404236317,"27":8.4901251793,"28":8.531899929,"29":8.5583088398,"30":8.528875351,"31":8.5031814575,"32":8.4924192429,"33":8.4849991798,"34":8.4938795567,"35":8.4969673157,"36":8.5966842175,"37":8.533646822,"38":8.5236120224,"39":8.5264487267,"40":8.5697083473,"41":8.5319154263,"42":8.5772893429,"43":8.5070207119,"44":8.5094144344,"45":8.5024900436,"46":8.5006787777,"47":8.5027699471,"48":8.6048314571,"49":8.581599474},"decompression_time":{"0":1.5365335941,"1":1.4663393497,"2":1.4596056938,"3":1.4621303082,"4":1.4608728886,"5":1.4601297379,"6":1.5307686329,"7":1.4757225513,"8":1.4754891396,"9":1.4727833271,"10":1.4638538361,"11":1.4679777622,"12":1.5431065559,"13":1.4692456722,"14":1.4663438797,"15":1.4617481232,"16":1.454916954,"17":1.452527523,"18":1.5502755642,"19":1.4796421528,"20":1.4840648174,"21":1.4720971584,"22":1.4795362949,"23":1.470246315,"24":1.5401644707,"25":1.5064210892,"26":1.4940059185,"27":1.4915275574,"28":1.4939734936,"29":1.5116252899,"30":1.5343794823,"31":1.4818501472,"32":1.4730761051,"33":1.4742529392,"34":1.4671375751,"35":1.4683067799,"36":1.5416433811,"37":1.4764723778,"38":1.4816725254,"39":1.4895174503,"40":1.484539032,"41":1.4773077965,"42":1.5667071342,"43":1.4710080624,"44":1.4713139534,"45":1.4681758881,"46":1.4620444775,"47":1.4637010098,"48":1.5321524143,"49":1.4891927242}}