{"compression_rate":{"0":617.182,"1":623.698,"2":633.887,"3":646.122,"4":661.237,"5":488.554,"6":495.617,"7":499.445,"8":491.38,"9":679.447,"10":650.083,"11":637.532,"12":625.205,"13":622.493,"14":618.568,"15":617.16,"16":625.618,"17":637.485,"18":650.281,"19":665.801,"20":483.737,"21":486.674,"22":486.092,"23":480.686,"24":664.635,"25":658.229,"26":652.169,"27":644.78,"28":644.877,"29":648.084,"30":654.795,"31":665.179,"32":686.8,"33":493.568,"34":505.942,"35":513.706,"36":517.412,"37":516.597,"38":510.511,"39":724.607,"40":702.195,"41":688.35,"42":682.38,"43":678.718,"44":679.204,"45":687.214,"46":701.474,"47":723.042,"48":507.567,"49":512.734},"compression_time":{"0":58.6407299042,"1":54.6751105785,"2":52.9111306667,"3":55.9357757568,"4":53.7884173393,"5":21.6715641022,"6":57.5790803432,"7":53.6795637608,"8":52.9539227486,"9":53.569434166,"10":53.9313428402,"11":17.897090435,"12":56.4464828968,"13":54.7358374596,"14":18.7922956944,"15":51.8382592201,"16":52.2396054268,"17":54.6827476025,"18":56.7535967827,"19":54.3003263474,"20":16.1829853058,"21":52.6957168579,"22":49.6994168758,"23":54.8597910404,"24":57.5669219494,"25":55.0174424648,"26":52.6819000244,"27":53.9043929577,"28":53.3829534054,"29":22.1850235462,"30":19.3351175785,"31":44.0378646851,"32":47.2433383465,"33":53.1712753773,"34":55.2398078442,"35":53.3790848255,"36":56.3366394043,"37":54.980966568,"38":55.1729896069,"39":52.7555930614,"40":16.92776227,"41":47.0947072506,"42":57.8540930748,"43":53.7296071053,"44":52.7247931957,"45":56.4635827541,"46":16.0625426769,"47":49.2046236992,"48":17.5524590015,"49":48.3208930492},"decompression_time":{"0":4.3978567123,"1":3.2089431286,"2":5.60059762,"3":2.8243744373,"4":5.8377120495,"5":1.6698002815,"6":5.2121369839,"7":4.4458026886,"8":4.7372193336,"9":4.370064497,"10":6.0930826664,"11":2.0468275547,"12":3.0874137878,"13":2.4597012997,"14":4.2179780006,"15":4.438385725,"16":5.6990997791,"17":3.5208694935,"18":4.6544635296,"19":3.3325693607,"20":4.6860859394,"21":4.0918838978,"22":4.6509745121,"23":4.5079751015,"24":5.2056093216,"25":4.1768722534,"26":4.8252375126,"27":3.9904754162,"28":5.938359499,"29":1.6693422794,"30":5.3202698231,"31":4.0966510773,"32":2.8608675003,"33":5.0721688271,"34":3.4485254288,"35":4.4038214684,"36":4.9497804642,"37":4.4372954369,"38":3.7728016376,"39":4.5168361664,"40":4.6575202942,"41":4.4540514946,"42":4.9455702305,"43":4.3240816593,"44":3.0101780891,"45":4.4961977005,"46":3.5122685432,"47":3.688242197,"48":4.6250288486,"49":5.1568470001}}