{"psnr":{"0":75.9250911643,"1":76.0132362525,"2":76.2302526968,"3":76.4771298296,"4":76.6756233383,"5":76.8045385902,"6":76.8831428205,"7":76.9218404378,"8":76.9265194348,"9":76.8899626587,"10":76.7971746666,"11":76.6467913953,"12":76.4539524416,"13":76.2882334767,"14":76.2620045183,"15":76.3963047962,"16":76.598647374,"17":76.7685337034,"18":76.8848321701,"19":76.9533870118,"20":76.981295584,"21":76.965799174,"22":76.8916182402,"23":76.740058577,"24":76.5184548544,"25":76.2644752518,"26":76.0886526016,"27":76.0798980792,"28":76.2152069862,"29":76.3990534,"30":76.5578942796,"31":76.6762507864,"32":76.7498663902,"33":76.7707019007,"34":76.7287676771,"35":76.62124921,"36":76.4623351167,"37":76.2854623305,"38":76.1506796971,"39":76.0983531667,"40":76.1230257412,"41":76.1975806336,"42":76.3088179638,"43":76.4406678055,"44":76.5649744515,"45":76.6517886297,"46":76.6768624284,"47":76.6388847066,"48":76.5551772934,"49":76.4585416699},"hsnr_0.1":{"0":55.9693275269,"1":56.0579644833,"2":56.2761249025,"3":56.5244234646,"4":56.7242566931,"5":56.8539922968,"6":56.933379518,"7":56.972367235,"8":56.9770355748,"9":56.9401103679,"10":56.8463266879,"11":56.6950781016,"12":56.5010196163,"13":56.3344081343,"14":56.3080841286,"15":56.4431179456,"16":56.646707816,"17":56.8176329872,"18":56.9349509791,"19":57.0042066298,"20":57.0323129884,"21":57.0167275054,"22":56.9420727653,"23":56.7891711467,"24":56.5663081702,"25":56.3108838617,"26":56.1341724002,"27":56.1252354558,"28":56.2610150948,"29":56.4457077151,"30":56.6054581098,"31":56.7246804392,"32":56.7988172889,"33":56.8198702662,"34":56.7777841634,"35":56.6697240071,"36":56.510069739,"37":56.3322013712,"38":56.196650998,"39":56.1438942813,"40":56.168433916,"41":56.2431523075,"42":56.3548536968,"43":56.4874497929,"44":56.6126059201,"45":56.7001446843,"46":56.7253689747,"47":56.687295242,"48":56.6033234957,"49":56.5063353406}}