{"psnr":{"0":24.0165554798,"1":23.8563102212,"2":23.4931461967,"3":23.0791297626,"4":22.7280146648,"5":22.4563058084,"6":22.2656044243,"7":22.189691202,"8":22.2053719267,"9":22.330286303,"10":22.6031243164,"11":22.9335367381,"12":23.3103507484,"13":23.5104393222,"14":23.5447213578,"15":23.3426337519,"16":23.0173738593,"17":22.6614829465,"18":22.3690859403,"19":22.1787133506,"20":22.1045629046,"21":22.1429077536,"22":22.3279965626,"23":22.7096925421,"24":23.1295369483,"25":23.5473868785,"26":23.8637599653,"27":23.9298895097,"28":23.7543356802,"29":23.5004735795,"30":23.2171518961,"31":22.9203304439,"32":22.7084791209,"33":22.619839158,"34":22.6617467128,"35":22.8380542457,"36":23.0978014023,"37":23.3958068894,"38":23.6393808622,"39":23.77477528,"40":23.7845779224,"41":23.6850367036,"42":23.5203145363,"43":23.3348349845,"44":23.080740794,"45":22.8645896219,"46":22.7790618248,"47":22.8028392897,"48":22.9038357041,"49":23.03304172},"hsnr_0.1":{"0":22.9693031022,"1":22.9289017009,"2":22.8006566162,"3":22.7826214053,"4":22.9719660334,"5":22.9034308346,"6":22.8566606671,"7":22.8389909393,"8":22.8369286455,"9":22.8557098839,"10":22.9148993564,"11":22.9933148294,"12":23.1086575558,"13":22.7487664127,"14":22.7567756577,"15":22.8178632526,"16":23.0211812169,"17":22.9208797119,"18":22.8580339737,"19":22.8239729201,"20":22.8190507249,"21":22.8301837503,"22":22.8651442471,"23":22.9584490242,"24":22.9316029995,"25":22.8066981601,"26":22.9226838556,"27":22.916582288,"28":22.7946172779,"29":22.9562436077,"30":23.0551671505,"31":22.9775876679,"32":22.9371079261,"33":22.9238784968,"34":22.8913080652,"35":22.8771954699,"36":22.9038288817,"37":22.9281759301,"38":22.9446532692,"39":22.9301976892,"40":22.8349005956,"41":22.7535953582,"42":22.8461120577,"43":23.0954050421,"44":23.0278668625,"45":22.9687792461,"46":22.9228371526,"47":22.8794806935,"48":22.8659516231,"49":22.8801435042}}