{"compression_rate":{"0":8.0,"1":8.0,"2":8.0,"3":8.0,"4":8.0,"5":8.0,"6":8.0,"7":8.0,"8":8.0,"9":8.0,"10":8.0,"11":8.0,"12":8.0,"13":8.0,"14":8.0,"15":8.0,"16":8.0,"17":8.0,"18":8.0,"19":8.0,"20":8.0,"21":8.0,"22":8.0,"23":8.0,"24":8.0,"25":8.0,"26":8.0,"27":8.0,"28":8.0,"29":8.0,"30":8.0,"31":8.0,"32":8.0,"33":8.0,"34":8.0,"35":8.0,"36":8.0,"37":8.0,"38":8.0,"39":8.0,"40":8.0,"41":8.0,"42":8.0,"43":8.0,"44":8.0,"45":8.0,"46":8.0,"47":8.0,"48":8.0,"49":8.0},"compression_time":{"0":0.2253470421,"1":0.064324379,"2":0.0646169186,"3":0.0801353455,"4":0.1356067657,"5":0.1193072796,"6":0.2914214134,"7":0.1052978039,"8":0.1332712173,"9":0.08233881,"10":0.1093068123,"11":0.1069564819,"12":0.0854392052,"13":0.1079528332,"14":0.0746850967,"15":0.1413376331,"16":0.0872373581,"17":0.0670742989,"18":0.2816586494,"19":0.0678193569,"20":0.1364865303,"21":0.1080210209,"22":0.1061410904,"23":0.0722117424,"24":0.2571744919,"25":0.0526165962,"26":0.0649664402,"27":0.1420125961,"28":0.0680813789,"29":0.1062366962,"30":0.2654645443,"31":0.0660326481,"32":0.0640370846,"33":0.0644710064,"34":0.0900480747,"35":0.0657169819,"36":0.2498173714,"37":0.1059827805,"38":0.0639054775,"39":0.0645122528,"40":0.0676629543,"41":0.0983953476,"42":0.0882127285,"43":0.0774641037,"44":0.0862057209,"45":0.0933432579,"46":0.0633320808,"47":0.0701167583,"48":0.0524392128,"49":0.0656425953},"decompression_time":{"0":0.5712015629,"1":0.636456728,"2":0.7112789154,"3":0.6675751209,"4":0.6975181103,"5":0.6826431751,"6":0.61729002,"7":0.6123001575,"8":0.6134591103,"9":0.6695504189,"10":0.662910223,"11":0.6063830853,"12":0.6501996517,"13":0.6094031334,"14":0.6589179039,"15":0.6939713955,"16":0.6581044197,"17":0.606553793,"18":0.6169455051,"19":0.607316494,"20":0.6184368134,"21":0.6174840927,"22":0.6105742455,"23":0.6091427803,"24":0.6402513981,"25":0.6089737415,"26":0.6181278229,"27":0.6188218594,"28":0.6348912716,"29":0.6099755764,"30":0.6297190189,"31":0.6075568199,"32":0.6411705017,"33":0.6942620277,"34":0.6142320633,"35":0.6094498634,"36":0.6113703251,"37":0.6194288731,"38":0.6165149212,"39":0.6121704578,"40":0.6515278816,"41":0.6185870171,"42":0.6693792343,"43":0.6530294418,"44":0.6561689377,"45":0.6981019974,"46":0.6761705875,"47":0.6110551357,"48":0.6983530521,"49":0.6107273102}}