{"psnr":{"0":75.7252382437,"1":75.8109830223,"2":76.0222561018,"3":76.2601664761,"4":76.4515842954,"5":76.5801408658,"6":76.6564338659,"7":76.6944568331,"8":76.6986235117,"9":76.6622827355,"10":76.5737085985,"11":76.4234022465,"12":76.2322343296,"13":76.0753738945,"14":76.0505886329,"15":76.1791764492,"16":76.37526002,"17":76.5447797331,"18":76.6581400299,"19":76.7250040731,"20":76.75294184,"21":76.7368722878,"22":76.6618136724,"23":76.5148485612,"24":76.2967290671,"25":76.0523838209,"26":75.8824578425,"27":75.874070151,"28":76.0053157319,"29":76.180849999,"30":76.3354734817,"31":76.4518345833,"32":76.5249818959,"33":76.5456148703,"34":76.5044788134,"35":76.3993843845,"36":76.2429491683,"37":76.0723986587,"38":75.9424619221,"39":75.8919348349,"40":75.9156936343,"41":75.9874529745,"42":76.0923628221,"43":76.2182961749,"44":76.3409531685,"45":76.4269841493,"46":76.4536302652,"47":76.417210304,"48":76.3351884953,"49":76.2396810661},"hsnr_0.1":{"0":55.7512738429,"1":55.8373732662,"2":56.049610733,"3":56.2887777491,"4":56.481344004,"5":56.6108231489,"6":56.6877291704,"7":56.7260569713,"8":56.7302359531,"9":56.6935490849,"10":56.604269063,"11":56.4529318829,"12":56.2606348038,"13":56.1029480263,"14":56.0780556614,"15":56.2073155789,"16":56.4045257121,"17":56.5751662707,"18":56.6893803135,"19":56.7568508345,"20":56.7850476035,"21":56.7688354651,"22":56.6931260637,"23":56.545056362,"24":56.3255604219,"25":56.0799718505,"26":55.9092786284,"27":55.9008171841,"28":56.032568354,"29":56.2089421674,"30":56.3644240159,"31":56.4815197993,"32":56.5551950031,"33":56.5760081978,"34":56.5346210254,"35":56.4288815406,"36":56.2715621931,"37":56.1001544538,"38":55.9695976343,"39":55.9187715547,"40":55.9425269205,"41":56.0145276822,"42":56.1198962819,"43":56.2464743729,"44":56.3698748747,"45":56.4564945952,"46":56.4833804417,"47":56.4467808463,"48":56.3643154917,"49":56.2682968391}}