{"psnr":{"0":28.0791995944,"1":27.840974232,"2":27.2852420604,"3":26.6176031278,"4":26.0319051678,"5":25.5970755521,"6":25.3283327983,"7":25.2076619559,"8":25.2235882224,"9":25.4059305287,"10":25.7745551295,"11":26.3041957116,"12":26.8826152927,"13":27.3071967452,"14":27.3596559991,"15":27.005698901,"16":26.4286460276,"17":25.868523099,"18":25.4513959844,"19":25.1719607148,"20":25.0507777406,"21":25.1132488618,"22":25.4135887475,"23":25.9572489028,"24":26.6586156238,"25":27.3423450325,"26":27.8069071346,"27":27.8903283081,"28":27.6229303154,"29":27.1640869344,"30":26.686451176,"31":26.2635103844,"32":25.9500047807,"33":25.8254517412,"34":25.9180045288,"35":26.2193972336,"36":26.6601572644,"37":27.128349162,"38":27.4939313184,"39":27.6949669684,"40":27.7180526919,"41":27.5852453707,"42":27.3146337824,"43":26.9556995708,"44":26.5617461026,"45":26.2412132945,"46":26.0954684165,"47":26.155614569,"48":26.3529931527,"49":26.5930524742},"hsnr_0.1":{"0":25.5195415628,"1":25.3917951065,"2":25.0662114216,"3":24.7817871855,"4":24.6067153408,"5":24.5038929118,"6":24.4456725471,"7":24.4178789558,"8":24.4129663775,"9":24.4396552667,"10":24.5023317017,"11":24.6209123544,"12":24.8075497754,"13":25.0047928505,"14":25.0448402771,"15":24.8796055135,"16":24.6727310573,"17":24.5318010031,"18":24.4545382621,"19":24.4068263615,"20":24.3923501195,"21":24.4072915437,"22":24.4670398309,"23":24.5885280822,"24":24.8020060437,"25":25.1064592179,"26":25.376165499,"27":25.3718145515,"28":25.1379351935,"29":24.8915692888,"30":24.7217718895,"31":24.618076462,"32":24.5620127471,"33":24.5549534162,"34":24.6012732393,"35":24.7114329711,"36":24.8952511218,"37":25.1253259501,"38":25.3081960668,"39":25.3538748742,"40":25.2692744112,"41":25.1242860215,"42":24.963683892,"43":24.8157666959,"44":24.698227036,"45":24.6290158385,"46":24.6170824395,"47":24.6679996154,"48":24.7674445093,"49":24.8868481665}}