{"compression_rate":{"0":83.4174,"1":83.0078,"2":82.1052,"3":80.9989,"4":80.1167,"5":80.3323,"6":80.2915,"7":80.5688,"8":80.4265,"9":80.4186,"10":80.2911,"11":81.0608,"12":82.2238,"13":82.5458,"14":82.4649,"15":81.9424,"16":81.1969,"17":80.4713,"18":79.7544,"19":79.5044,"20":79.0948,"21":78.8534,"22":78.8548,"23":78.8079,"24":79.3426,"25":79.9441,"26":80.4163,"27":81.246,"28":82.1229,"29":82.3765,"30":82.1573,"31":81.9129,"32":81.6966,"33":82.0137,"34":82.1162,"35":82.7166,"36":82.8796,"37":83.3201,"38":83.6012,"39":83.8611,"40":84.436,"41":84.5489,"42":84.6474,"43":84.816,"44":84.8127,"45":84.6088,"46":84.9469,"47":84.3671,"48":83.0983,"49":82.0574},"compression_time":{"0":57.826939106,"1":56.8666810989,"2":55.0026955605,"3":55.0438830853,"4":47.3950722218,"5":26.0689144135,"6":57.4248993397,"7":54.985601902,"8":21.5211434364,"9":48.737443924,"10":54.3468883038,"11":48.8093118668,"12":58.5770764351,"13":56.818377018,"14":55.0508699417,"15":52.3935432434,"16":45.9923350811,"17":26.8736741543,"18":57.6284587383,"19":56.0396428108,"20":56.1820750237,"21":54.0050301552,"22":52.3905479908,"23":21.3384571075,"24":19.413071394,"25":46.851796627,"26":53.4906995296,"27":52.0289292336,"28":56.6388750076,"29":50.2958202362,"30":57.5464081764,"31":55.1947786808,"32":56.5573892593,"33":55.9699106216,"34":57.3800492287,"35":22.6836044788,"36":53.9198288918,"37":28.0776517391,"38":41.5200960636,"39":51.9223041534,"40":56.7471337318,"41":51.5334420204,"42":58.4235374928,"43":51.6687452793,"44":55.2328972816,"45":50.830637455,"46":52.6053140163,"47":26.0241439342,"48":21.0781834126,"49":43.6649796963},"decompression_time":{"0":6.8520596027,"1":5.924996376,"2":5.6767640114,"3":5.2380950451,"4":7.107575655,"5":2.7235937119,"6":5.7786049843,"7":4.7650237083,"8":6.0773494244,"9":5.9956085682,"10":4.3925361633,"11":5.3104286194,"12":6.087654829,"13":5.9464762211,"14":5.3033211231,"15":5.5941298008,"16":2.9283349514,"17":3.4819595814,"18":5.4741523266,"19":3.590364933,"20":5.7243151665,"21":5.9615104198,"22":6.401045084,"23":2.0802404881,"24":5.3948776722,"25":6.9462428093,"26":6.4869980812,"27":4.8171277046,"28":5.0256743431,"29":6.6786077023,"30":6.435438633,"31":4.2765026093,"32":5.1774363518,"33":5.579870224,"34":5.0862095356,"35":1.8619227409,"36":3.311691761,"37":5.411771059,"38":6.0166025162,"39":4.4850399494,"40":4.6187169552,"41":6.3397188187,"42":5.8589234352,"43":3.7240607738,"44":5.5103509426,"45":5.0948061943,"46":6.7059652805,"47":2.5510284901,"48":6.2333090305,"49":6.3932483196}}