{"compression_rate":{"0":9.7372135956,"1":9.7409233746,"2":9.7310898289,"3":9.7299099453,"4":9.7339762732,"5":9.7419495836,"6":9.7526246827,"7":9.7569748797,"8":9.7573213065,"9":9.7638857573,"10":9.7671898056,"11":9.7616994166,"12":9.7505867759,"13":9.7389632703,"14":9.7440096021,"15":9.7475541212,"16":9.749431389,"17":9.7541437452,"18":9.754606314,"19":9.7463709374,"20":9.7574077428,"21":9.7626818578,"22":9.7633797344,"23":9.7568389644,"24":9.7526769122,"25":9.7432060635,"26":9.7414896041,"27":9.7389181319,"28":9.7439352206,"29":9.7562430729,"30":9.7604479279,"31":9.7595196338,"32":9.7589317823,"33":9.7579800733,"34":9.7507232132,"35":9.7503786468,"36":9.7372087363,"37":9.7290914045,"38":9.7227625888,"39":9.7295973449,"40":9.7352355543,"41":9.7479924104,"42":9.7544446886,"43":9.7664082787,"44":9.754492061,"45":9.7393966202,"46":9.7252874483,"47":9.7121333901,"48":9.7096664347,"49":9.6991636404},"compression_time":{"0":8.408960104,"1":8.370308876,"2":8.3471951485,"3":8.3517973423,"4":8.3449699879,"5":8.3486485481,"6":8.3516461849,"7":8.3384721279,"8":8.3286933899,"9":8.3142755032,"10":8.3126442432,"11":8.3137655258,"12":8.3276927471,"13":8.3354666233,"14":8.2802224159,"15":8.2855622768,"16":8.2967102528,"17":8.3148670197,"18":8.3307647705,"19":8.3952987194,"20":8.339073658,"21":8.3090851307,"22":8.2836978436,"23":8.2879731655,"24":8.4387903214,"25":8.3606951237,"26":8.3534502983,"27":8.3395881653,"28":8.3381094933,"29":8.3390974998,"30":8.3513019085,"31":8.3448843956,"32":8.3077514172,"33":8.3178753853,"34":8.3153119087,"35":8.3109691143,"36":8.3452281952,"37":8.3438425064,"38":8.3379096985,"39":8.3113930225,"40":8.3060040474,"41":8.305533886,"42":8.4154987335,"43":8.3566844463,"44":8.3910765648,"45":8.3341209888,"46":8.3885333538,"47":8.4199612141,"48":8.3668205738,"49":8.3415229321},"decompression_time":{"0":1.5225872993,"1":1.4648628235,"2":1.458615303,"3":1.4501430988,"4":1.4534657001,"5":1.4550468922,"6":1.5309138298,"7":1.4762907028,"8":1.4603149891,"9":1.4649021626,"10":1.4646029472,"11":1.4710903168,"12":1.5419523716,"13":1.4766843319,"14":1.461681366,"15":1.4535307884,"16":1.4584834576,"17":1.4684331417,"18":1.5234422684,"19":1.4810426235,"20":1.4691298008,"21":1.4712865353,"22":1.4666769505,"23":1.4532854557,"24":1.6081154346,"25":1.4884238243,"26":1.4739599228,"27":1.5044772625,"28":1.4652273655,"29":1.4611887932,"30":1.5315747261,"31":1.4751496315,"32":1.4608802795,"33":1.4596829414,"34":1.4568138123,"35":1.4615182877,"36":1.5240087509,"37":1.4677908421,"38":1.4653396606,"39":1.459307909,"40":1.4597766399,"41":1.4639801979,"42":1.539229393,"43":1.4751648903,"44":1.4682724476,"45":1.462174654,"46":1.5007836819,"47":1.4765927792,"48":1.5676212311,"49":1.5569150448}}