{"compression_rate":{"0":4.0,"1":4.0,"2":4.0,"3":4.0,"4":4.0,"5":4.0,"6":4.0,"7":4.0,"8":4.0,"9":4.0,"10":4.0,"11":4.0,"12":4.0,"13":4.0,"14":4.0,"15":4.0,"16":4.0,"17":4.0,"18":4.0,"19":4.0,"20":4.0,"21":4.0,"22":4.0,"23":4.0,"24":4.0,"25":4.0,"26":4.0,"27":4.0,"28":4.0,"29":4.0,"30":4.0,"31":4.0,"32":4.0,"33":4.0,"34":4.0,"35":4.0,"36":4.0,"37":4.0,"38":4.0,"39":4.0,"40":4.0,"41":4.0,"42":4.0,"43":4.0,"44":4.0,"45":4.0,"46":4.0,"47":4.0,"48":4.0,"49":4.0},"compression_time":{"0":0.0964310169,"1":0.1132862568,"2":0.0788021088,"3":0.0754323006,"4":0.0788300037,"5":0.079526186,"6":0.1065673828,"7":0.0580313206,"8":0.081551075,"9":0.0783145428,"10":0.0799639225,"11":0.0817921162,"12":0.1029744148,"13":0.0840139389,"14":0.0778734684,"15":0.0805408955,"16":0.0847158432,"17":0.077126503,"18":0.0625247955,"19":0.1707003117,"20":0.1410927773,"21":0.1503324509,"22":0.0755140781,"23":0.0924320221,"24":0.1890506744,"25":0.0727231503,"26":0.0765314102,"27":0.1316459179,"28":0.0820877552,"29":0.0757646561,"30":0.0855755806,"31":0.1285808086,"32":0.1675150394,"33":0.1081018448,"34":0.0741460323,"35":0.0747227669,"36":0.1943528652,"37":0.12002635,"38":0.107424736,"39":0.0739350319,"40":0.0741837025,"41":0.0759584904,"42":0.082347393,"43":0.0732016563,"44":0.0771303177,"45":0.0806305408,"46":0.1112630367,"47":0.0739176273,"48":0.0846965313,"49":0.1163289547},"decompression_time":{"0":1.0552940369,"1":0.9856476784,"2":0.9261851311,"3":0.9964921474,"4":0.932456255,"5":0.9280359745,"6":0.9255583286,"7":0.9279606342,"8":0.989274025,"9":0.9376649857,"10":1.0745439529,"11":0.9258022308,"12":0.9292907715,"13":0.9320487976,"14":0.924289465,"15":0.9300618172,"16":0.9275724888,"17":0.9267468452,"18":0.9661018848,"19":0.9527742863,"20":0.9660799503,"21":0.9697942734,"22":0.9314994812,"23":0.9326329231,"24":0.956069231,"25":0.9278335571,"26":0.9302532673,"27":0.9600958824,"28":0.9352829456,"29":0.9240291119,"30":1.0678954124,"31":0.9578518867,"32":0.9265613556,"33":0.9631402493,"34":0.9273586273,"35":0.9258766174,"36":0.924665451,"37":0.9465770721,"38":0.9407114983,"39":1.0322442055,"40":0.9299850464,"41":0.9258656502,"42":0.9949660301,"43":1.0648059845,"44":0.9245646,"45":0.9273338318,"46":0.9300713539,"47":0.9354119301,"48":0.975353241,"49":1.0111620426}}