{"compression_rate":{"0":7.7385508575,"1":7.7327898571,"2":7.7288537963,"3":7.7247233859,"4":7.7219230427,"5":7.7133233438,"6":7.7095959354,"7":7.7042707923,"8":7.7028130434,"9":7.6959809312,"10":7.689744494,"11":7.68533358,"12":7.6763176639,"13":7.6749217946,"14":7.6727526485,"15":7.6659410331,"16":7.6571645648,"17":7.6489183125,"18":7.6428370059,"19":7.6406568897,"20":7.6349540288,"21":7.6271073146,"22":7.6235495532,"23":7.6226067092,"24":7.6207127914,"25":7.6208020859,"26":7.6226003279,"27":7.6232465923,"28":7.620897761,"29":7.6180170818,"30":7.6138883811,"31":7.6095555578,"32":7.6056854733,"33":7.6047415381,"34":7.6025653243,"35":7.6025208902,"36":7.6012092602,"37":7.6028281309,"38":7.6031083087,"39":7.6040133139,"40":7.6021641667,"41":7.6009664468,"42":7.6012033378,"43":7.6019936452,"44":7.6009859051,"45":7.5997340059,"46":7.6009901352,"47":7.6001822738,"48":7.5974338707,"49":7.6003011159},"compression_time":{"0":8.5325152874,"1":8.4409825802,"2":8.4264881611,"3":8.4440803528,"4":8.4596660137,"5":8.47097826,"6":8.5254597664,"7":8.5076334476,"8":8.5065522194,"9":8.5353858471,"10":8.5177516937,"11":8.5133461952,"12":8.5605700016,"13":8.5275874138,"14":8.5116174221,"15":8.5534923077,"16":8.6160895824,"17":8.5625247955,"18":8.6531457901,"19":8.5688302517,"20":8.5555949211,"21":8.5839750767,"22":8.5765607357,"23":8.5791354179,"24":8.6664969921,"25":8.6555483341,"26":8.6340253353,"27":8.6218001842,"28":8.6006243229,"29":8.6052999496,"30":8.6818320751,"31":8.6363730431,"32":8.6296257973,"33":8.6521522999,"34":8.6330947876,"35":8.651706934,"36":8.662933588,"37":8.6421234608,"38":8.6035292149,"39":8.6046729088,"40":8.6145083904,"41":8.6068387032,"42":8.6919109821,"43":8.7052602768,"44":8.6190769672,"45":8.7042598724,"46":8.638283968,"47":8.6229968071,"48":8.6378872395,"49":8.7153100967},"decompression_time":{"0":1.5858607292,"1":1.5940973759,"2":1.5894348621,"3":1.5873756409,"4":1.5852839947,"5":1.5822308064,"6":1.6235141754,"7":1.5842938423,"8":1.5799269676,"9":1.5753519535,"10":1.5663435459,"11":1.5803341866,"12":1.6231477261,"13":1.5801918507,"14":1.5801382065,"15":1.5811781883,"16":1.5852065086,"17":1.5839719772,"18":1.6025013924,"19":1.5900104046,"20":1.5842101574,"21":1.5859518051,"22":1.5848324299,"23":1.5895628929,"24":1.6322131157,"25":1.6028599739,"26":1.619852066,"27":1.5930714607,"28":1.5900518894,"29":1.5879080296,"30":1.642127037,"31":1.5950639248,"32":1.616533041,"33":1.6148049831,"34":1.6202375889,"35":1.6146490574,"36":1.6140830517,"37":1.5939218998,"38":1.586710453,"39":1.5862975121,"40":1.5845861435,"41":1.5823864937,"42":1.6127994061,"43":1.6017053127,"44":1.5882632732,"45":1.5960440636,"46":1.6047866344,"47":1.5886080265,"48":1.5997889042,"49":1.6256818771}}