{"psnr":{"0":248.2075503493,"1":274.1346584956,"2":283.0516864791,"3":288.0707847288,"4":289.1811188328,"5":289.2640626041,"6":287.6052966792,"7":287.2611945225,"8":284.484714838,"9":282.5971328947,"10":281.2610623332,"11":279.785951164,"12":278.983793353,"13":278.8253678146,"14":278.1100967197,"15":278.2886867909,"16":279.1066513768,"17":280.263710143,"18":281.574480599,"19":282.3786464507,"20":282.0899565947,"21":281.3649879494,"22":280.8198995335,"23":280.4653015535,"24":279.6022896394,"25":278.6317321728,"26":277.4697817894,"27":276.5117548263,"28":275.3104343216,"29":273.5523811388,"30":272.0576930153,"31":271.4261999698,"32":271.4161924539,"33":271.4002794041,"34":271.0962690808,"35":270.4265627833,"36":269.858549648,"37":268.9307282266,"38":267.5528567185,"39":265.8295657453,"40":264.5408319811,"41":263.1509039774,"42":262.2135838215,"43":261.6930093883,"44":262.0731644383,"45":263.407281568,"46":265.2356645084,"47":267.1114222014,"48":268.6126512292,"49":269.6283500933},"hsnr_0.1":{"0":228.2097651146,"1":254.1353172331,"2":263.0546872325,"3":268.0714534479,"4":269.1832579487,"5":269.264708401,"6":267.6060271357,"7":267.261383149,"8":264.4849517191,"9":262.5979917986,"10":261.2622759926,"11":259.7866608964,"12":258.9850463745,"13":258.8264643446,"14":258.1114234551,"15":258.2902545564,"16":259.1081679939,"17":260.2649990855,"18":261.5762289089,"19":262.3793855603,"20":262.0902214987,"21":261.3653256804,"22":260.8202624483,"23":260.4655205922,"24":259.6025338146,"25":258.6318578618,"26":257.4698931221,"27":256.5118425612,"28":255.3105283457,"29":253.5524276688,"30":252.0577722211,"31":251.4262529239,"32":251.4162280576,"33":251.4003145531,"34":251.0963126895,"35":250.4266332615,"36":249.8586137966,"37":248.9307692735,"38":247.5529114971,"39":245.8298189771,"40":244.5411797739,"41":243.1513593049,"42":242.2140073533,"43":241.6931394566,"44":242.0732320411,"45":243.4073324338,"46":245.2357354048,"47":247.1114937192,"48":248.6127408879,"49":249.6284157172}}