{"psnr":{"0":198.0740052467,"1":207.8931541268,"2":216.5607159108,"3":221.5832702557,"4":222.034756289,"5":221.1336507531,"6":218.297307864,"7":217.0596108086,"8":214.4549090815,"9":213.3457196182,"10":213.0960826846,"11":212.2975756395,"12":211.688677331,"13":211.0834091553,"14":210.21795372,"15":210.5507170396,"16":211.0764205676,"17":211.5599777554,"18":212.1769950613,"19":212.5797278327,"20":212.4649896529,"21":212.0096709389,"22":211.4856123858,"23":211.0328593731,"24":210.2265081123,"25":209.6143482921,"26":208.8028652281,"27":208.3323738836,"28":207.6121552199,"29":206.4045862964,"30":205.1000365837,"31":204.0560583271,"32":203.3932018112,"33":202.8427930908,"34":202.177466014,"35":201.2045185636,"36":200.3635393753,"37":199.4013754074,"38":198.3254276505,"39":196.9947010407,"40":196.3371980006,"41":195.3405470455,"42":194.7278136433,"43":194.5086457452,"44":195.0286634181,"45":196.1611162511,"46":197.6424755051,"47":199.2300764451,"48":200.7447874251,"49":201.9157015799},"hsnr_0.1":{"0":189.3717519866,"1":195.0517773322,"2":201.6266193097,"3":205.6035738253,"4":205.3903451937,"5":204.50052183,"6":203.253819752,"7":203.064807178,"8":201.0182964971,"9":199.9952968189,"10":200.0697929771,"11":199.4248060236,"12":199.0652843415,"13":198.6560935109,"14":197.8924276467,"15":198.3218441156,"16":198.4913207959,"17":199.1837097013,"18":199.884771231,"19":199.6187124438,"20":199.2668097132,"21":198.4222100599,"22":197.6263781536,"23":197.2690581772,"24":196.5788960421,"25":195.9492880963,"26":195.4248865195,"27":194.9563212913,"28":194.1892627147,"29":192.8284931582,"30":191.4143876923,"31":190.4675152995,"32":189.633128878,"33":188.9163526625,"34":188.070308291,"35":187.0072288473,"36":186.1636556439,"37":185.2939540168,"38":184.1508939253,"39":182.8638337777,"40":182.0883766226,"41":181.2923445174,"42":180.871982488,"43":180.8290082908,"44":181.294449894,"45":182.1881658109,"46":183.4066723896,"47":184.7048463668,"48":186.0006559488,"49":187.1065834976}}