{"compression_rate":{"0":5.4801710756,"1":5.4825985923,"2":5.4846207804,"3":5.4833832928,"4":5.4802399008,"5":5.4728268442,"6":5.4667489861,"7":5.4639750056,"8":5.4605839666,"9":5.459116616,"10":5.4538216869,"11":5.4492509057,"12":5.4484150859,"13":5.4415365517,"14":5.432982652,"15":5.4260884655,"16":5.4195887122,"17":5.4177824537,"18":5.4179472931,"19":5.412796669,"20":5.4113433076,"21":5.4075699737,"22":5.4014897834,"23":5.3982048527,"24":5.395627018,"25":5.3952374009,"26":5.3985955387,"27":5.3981041498,"28":5.3948687232,"29":5.3913943347,"30":5.3905853161,"31":5.386348428,"32":5.3856175852,"33":5.3864268127,"34":5.383027357,"35":5.3743517325,"36":5.3661648674,"37":5.3649372604,"38":5.3654529809,"39":5.3690915515,"40":5.3679450941,"41":5.368641182,"42":5.3712374364,"43":5.3703962343,"44":5.3721264443,"45":5.3711318228,"46":5.3732446712,"47":5.3713337595,"48":5.3678191466,"49":5.3634618824},"compression_time":{"0":8.7533838749,"1":8.8527567387,"2":8.7741575241,"3":8.7484426498,"4":8.7522521019,"5":8.7420535088,"6":8.8475074768,"7":8.7790281773,"8":8.7338433266,"9":8.7135324478,"10":8.7043902874,"11":8.7156238556,"12":8.796746254,"13":8.7445275784,"14":8.7439951897,"15":8.7913784981,"16":8.7573270798,"17":8.731880188,"18":8.7482700348,"19":8.7067394257,"20":8.6971721649,"21":8.7287817001,"22":8.7363154888,"23":8.7287750244,"24":8.7727065086,"25":8.7695813179,"26":8.6762280464,"27":8.6808645725,"28":8.6709246635,"29":8.6666357517,"30":8.7064130306,"31":8.7024643421,"32":8.6782414913,"33":8.6753094196,"34":8.66386199,"35":8.6646509171,"36":8.6949818134,"37":8.7226455212,"38":8.7080826759,"39":8.6950118542,"40":8.7018325329,"41":8.6895303726,"42":8.698294878,"43":8.7296841145,"44":8.8139965534,"45":8.7412588596,"46":8.674046278,"47":8.6737308502,"48":8.7183043957,"49":8.6809110641},"decompression_time":{"0":1.6339054108,"1":1.6589686871,"2":1.6362001896,"3":1.6397678852,"4":1.6372413635,"5":1.6372666359,"6":1.6926012039,"7":1.6531515121,"8":1.7884478569,"9":1.7307906151,"10":1.816044569,"11":1.6439189911,"12":1.6377794743,"13":1.6396245956,"14":1.6340904236,"15":1.6368126869,"16":1.6515657902,"17":1.6385116577,"18":1.6393611431,"19":1.6520926952,"20":1.6403772831,"21":1.6583414078,"22":1.6483638287,"23":1.6416819096,"24":1.7046377659,"25":1.6311891079,"26":1.621465683,"27":1.6192805767,"28":1.61927104,"29":1.6164832115,"30":1.6726398468,"31":1.6521174908,"32":1.6311132908,"33":1.634424448,"34":1.6343157291,"35":1.6352484226,"36":1.6664812565,"37":1.6419997215,"38":1.6451494694,"39":1.6395637989,"40":1.6374762058,"41":1.6375849247,"42":1.6893446445,"43":1.6543066502,"44":1.6476097107,"45":1.6553516388,"46":1.6308264732,"47":1.6256654263,"48":1.6336107254,"49":1.6340470314}}