{"psnr":{"0":167.9305185927,"1":166.5041468811,"2":164.2868815648,"3":162.1222092735,"4":160.2227884134,"5":157.723154426,"6":155.1275013559,"7":153.2573693876,"8":152.0167860811,"9":150.8584510057,"10":149.4858357709,"11":148.4331075643,"12":147.7346175681,"13":147.6830939111,"14":147.8118953306,"15":148.1765352712,"16":148.525846357,"17":148.7205073396,"18":148.8059446796,"19":148.9341198796,"20":148.9607031446,"21":148.978069708,"22":148.8046313025,"23":148.4875179888,"24":148.0789420868,"25":147.566293741,"26":147.0544028937,"27":146.4982019586,"28":145.8211661355,"29":144.9862740791,"30":144.0585005312,"31":143.1362038836,"32":142.224151655,"33":141.409849513,"34":140.6412250181,"35":139.894084066,"36":139.1535158627,"37":138.5024919062,"38":137.8468488551,"39":137.2831190517,"40":136.6467650896,"41":135.9159320339,"42":135.027581383,"43":134.1151571191,"44":133.1511168907,"45":132.2209733032,"46":131.3896923599,"47":130.8063928713,"48":130.4103000581,"49":130.2546364226},"hsnr_0.1":{"0":147.9318935347,"1":146.5055067316,"2":144.2883306518,"3":142.123183346,"4":140.2234614114,"5":137.7235878818,"6":135.127747099,"7":133.257557254,"8":132.0169711043,"9":130.8585911813,"10":129.4859652947,"11":128.433218825,"12":127.7348064441,"13":127.6832764536,"14":127.8120732016,"15":128.1768582997,"16":128.526164318,"17":128.7209443942,"18":128.806448979,"19":128.9346894091,"20":128.9612523442,"21":128.9786548587,"22":128.8052393259,"23":128.4882214807,"24":128.0796578316,"25":127.5671433756,"26":127.0555095856,"27":126.4991743481,"28":125.8220143033,"29":124.9871558368,"30":124.0594708306,"31":123.1370083033,"32":122.2250284714,"33":121.4110527957,"34":120.6426994169,"35":119.8956201935,"36":119.1547154981,"37":118.5035186438,"38":117.847663514,"39":117.2838459259,"40":116.6474183487,"41":115.9166084887,"42":115.0282936438,"43":114.1158904478,"44":113.1520648507,"45":112.2221240573,"46":111.3908882204,"47":110.8076293031,"48":110.4115780803,"49":110.2560264364}}