{"compression_rate":{"0":81.5354,"1":71.7756,"2":67.3702,"3":67.3689,"4":66.8252,"5":65.7446,"6":63.8726,"7":61.2759,"8":60.2464,"9":59.9365,"10":58.9954,"11":57.7178,"12":57.1559,"13":56.3423,"14":55.5636,"15":54.332,"16":53.4304,"17":52.4837,"18":49.9449,"19":48.745,"20":47.5074,"21":46.5227,"22":45.046,"23":43.2053,"24":41.3385,"25":39.367,"26":37.5688,"27":35.5445,"28":33.4315,"29":31.3499,"30":29.4425,"31":27.8578,"32":26.3386,"33":24.6621,"34":23.3053,"35":22.6918,"36":22.1589,"37":21.2312,"38":20.5509,"39":19.2883,"40":18.4648,"41":17.7793,"42":16.8473,"43":16.1621,"44":15.4175,"45":14.7958,"46":14.5005,"47":14.0675,"48":13.7746,"49":13.5084},"compression_time":{"0":55.1124238968,"1":58.9057395458,"2":57.5442333221,"3":19.3760740757,"4":55.1069893837,"5":22.2215981483,"6":54.5783388615,"7":60.5538733006,"8":57.8415057659,"9":18.3841724396,"10":54.0511009693,"11":19.4441635609,"12":54.5425992012,"13":44.8849432468,"14":24.6196599007,"15":54.3972029686,"16":45.2230198383,"17":24.3631591797,"18":22.5980484486,"19":36.997492075,"20":56.2985749245,"21":53.6953384876,"22":19.1283259392,"23":50.5626449585,"24":55.0964224339,"25":58.9383041859,"26":58.1376461983,"27":25.3644239902,"28":53.7809123993,"29":22.4012613297,"30":54.589581728,"31":62.1952261925,"32":58.1445429325,"33":29.5889844894,"34":37.3603818417,"35":23.4529886246,"36":56.6732413769,"37":63.151049614,"38":59.4898061752,"39":46.7254283428,"40":26.3319890499,"41":12.9679307938,"42":33.7446596622,"43":33.9323339462,"44":37.3167467117,"45":47.8229861259,"46":57.9564762115,"47":25.8484323025,"48":56.2388567924,"49":63.3147315979},"decompression_time":{"0":4.187048912,"1":5.2563650608,"2":4.0392091274,"3":4.1580514908,"4":4.0405466557,"5":4.036334753,"6":3.7289378643,"7":4.843277216,"8":3.9166138172,"9":5.6994121075,"10":3.9616630077,"11":3.2514407635,"12":3.098180294,"13":9.5469298363,"14":4.8481781483,"15":4.6111676693,"16":6.9288978577,"17":6.2783985138,"18":5.9369847775,"19":7.3260846138,"20":6.0338644981,"21":7.2861974239,"22":5.1060473919,"23":5.3560562134,"24":4.3831074238,"25":5.6125311852,"26":5.4598128796,"27":5.8454558849,"28":5.7442953587,"29":2.8286259174,"30":4.4402501583,"31":9.1826169491,"32":9.4552681446,"33":9.4463069439,"34":7.3335106373,"35":3.063324213,"36":6.8359181881,"37":6.3712375164,"38":8.4630999565,"39":10.1274981499,"40":7.3608982563,"41":3.3644313812,"42":18.1145193577,"43":16.7789607048,"44":9.3355033398,"45":8.3158383369,"46":5.5351965427,"47":4.4540801048,"48":9.2512946129,"49":9.0246231556}}