{"psnr":{"0":77.105764345,"1":77.0496973493,"2":76.9930770855,"3":76.897162333,"4":76.7183955828,"5":76.4486124623,"6":76.1847074479,"7":76.1082151519,"8":76.2795923105,"9":76.5501555283,"10":76.7807926137,"11":76.9239999397,"12":77.0006341371,"13":77.038713696,"14":77.0606154669,"15":77.0756388962,"16":77.0750218691,"17":77.0358164829,"18":76.9406171426,"19":76.8048890479,"20":76.6779874212,"21":76.6138111093,"22":76.629844129,"23":76.6905158315,"24":76.7633858041,"25":76.83640844,"26":76.9083391335,"27":76.9727183392,"28":77.0258062301,"29":77.0501520993,"30":77.033513529,"31":76.9724545565,"32":76.8498791312,"33":76.6722761828,"34":76.4498544114,"35":76.2264839137,"36":76.0908576814,"37":76.0986939102,"38":76.246482864,"39":76.4590862086,"40":76.6591793171,"41":76.8130871259,"42":76.9055776827,"43":76.9508088226,"44":76.9466347069,"45":76.8966509638,"46":76.783930527,"47":76.6118662706,"48":76.3990958459,"49":76.2027788418},"hsnr_0.1":{"0":57.1699208221,"1":57.1134610558,"2":57.0565789627,"3":56.9596599443,"4":56.7795002233,"5":56.5080644208,"6":56.2428368604,"7":56.1660146474,"8":56.3382481904,"9":56.6101205639,"10":56.8420705929,"11":56.9861136453,"12":57.0634706599,"13":57.1019095136,"14":57.1238320213,"15":57.1387989151,"16":57.1381424887,"17":57.0985787983,"18":57.0024952281,"19":56.8658249769,"20":56.7382613605,"21":56.6737674344,"22":56.6900363936,"23":56.7511319016,"24":56.8245289139,"25":56.8981454928,"26":56.9706079272,"27":57.0352670264,"28":57.0887035063,"29":57.1131366671,"30":57.0961319796,"31":57.0348403313,"32":56.9113214679,"33":56.7328298765,"34":56.5092468677,"35":56.2848685458,"36":56.1490107087,"37":56.1570141945,"38":56.3056094584,"39":56.5191698693,"40":56.7201192821,"41":56.8747579892,"42":56.9672939426,"43":57.0127410164,"44":57.0083467607,"45":56.9583224917,"46":56.8447815559,"47":56.6717980624,"48":56.4581246277,"49":56.2610013762}}