{"psnr":{"0":75.9527039079,"1":75.9220025544,"2":75.9195676654,"3":75.9264873893,"4":75.9451327599,"5":75.9916327814,"6":76.0663185761,"7":76.1418710058,"8":76.1860050874,"9":76.1836992788,"10":76.1390227177,"11":76.0716780553,"12":76.0092872287,"13":75.9745866515,"14":75.9705282387,"15":75.9775513437,"16":75.9743305423,"17":75.96035119,"18":75.9535626418,"19":75.96509015,"20":75.9824366579,"21":75.9817345636,"22":75.9503488793,"23":75.8975718777,"24":75.8502605442,"25":75.8357486572,"26":75.8596824039,"27":75.898745738,"28":75.9190698491,"29":75.9027444786,"30":75.8576620484,"31":75.8070776483,"32":75.7676848639,"33":75.7379381753,"34":75.7070279366,"35":75.6712698229,"36":75.6407845748,"37":75.631659322,"38":75.650206572,"39":75.683039606,"40":75.7031272089,"41":75.6844148085,"42":75.6136250774,"43":75.4934146666,"44":75.3384505683,"45":75.1704849229,"46":75.0145725945,"47":74.8961856173,"48":74.8375106962,"49":74.850016139},"hsnr_0.1":{"0":55.9714172879,"1":55.9407215292,"2":55.9382887685,"3":55.9452087429,"4":55.9638531951,"5":56.0103510934,"6":56.0850332314,"7":56.1605836866,"8":56.2047164497,"9":56.2024089407,"10":56.1577334721,"11":56.0903938846,"12":56.0280154793,"13":55.9933284488,"14":55.9892794446,"15":55.9963079297,"16":55.9930911436,"17":55.9791156891,"18":55.9723318011,"19":55.9838648255,"20":56.0012182621,"21":56.0005239138,"22":55.9691486922,"23":55.9163853974,"24":55.8690885481,"25":55.8545891232,"26":55.8785300242,"27":55.9175970361,"28":55.9379254194,"29":55.9216095686,"30":55.8765426623,"31":55.8259774255,"32":55.7866044044,"33":55.7568806133,"34":55.726001732,"35":55.6902800008,"36":55.6598343978,"37":55.6507486816,"38":55.6693364572,"39":55.7022122941,"40":55.7223516262,"41":55.7037085866,"42":55.6330202111,"43":55.5129476155,"44":55.3581561855,"45":55.1903867342,"46":55.0346736355,"47":54.9164623282,"48":54.8579090184,"49":54.8704692332}}