{"psnr":{"0":60.456856738,"1":60.3626165872,"2":60.0305532119,"3":59.6343408516,"4":59.1857888757,"5":58.6704582912,"6":58.1127491965,"7":57.6485286972,"8":57.4537486141,"9":57.4937773959,"10":57.6419345652,"11":57.6127066611,"12":57.4565239931,"13":57.074099208,"14":56.549899371,"15":55.9750355713,"16":55.4052302973,"17":54.9026095201,"18":54.4595228649,"19":54.0605621614,"20":53.6879624544,"21":53.3834648825,"22":53.1198690453,"23":52.8864567293,"24":52.7321968561,"25":52.4431310496,"26":51.9634345988,"27":51.4352697686,"28":51.0774445551,"29":50.716713205,"30":50.3828726287,"31":50.0416851845,"32":49.6432804111,"33":49.2959587699,"34":49.0289539117,"35":48.7935093823,"36":48.5991003087,"37":48.3101981118,"38":47.8394340383,"39":47.2838614632,"40":46.6485981872,"41":46.1477918034,"42":45.7902886805,"43":45.6492800675,"44":45.6524197327,"45":45.7440657811,"46":46.066963431,"47":46.4586754435,"48":46.8032142462,"49":46.8325922405},"hsnr_0.1":{"0":49.2663250108,"1":49.164841385,"2":49.0842626366,"3":49.0220195567,"4":48.8422495395,"5":48.5967219856,"6":48.2365305956,"7":47.8257943816,"8":47.488414854,"9":47.2489928377,"10":47.3628248413,"11":47.261516108,"12":47.2179742022,"13":46.9754247151,"14":46.7658853621,"15":46.4658376056,"16":46.1917170904,"17":45.9140938515,"18":45.6674009687,"19":45.4176205352,"20":45.1487789605,"21":44.9516591079,"22":44.6745953554,"23":44.1037679047,"24":43.758659295,"25":43.5935435899,"26":43.3086994805,"27":43.1463714981,"28":43.244653368,"29":42.9505544109,"30":42.5675152098,"31":42.0943021411,"32":41.6240716471,"33":41.2576881658,"34":40.9122602284,"35":40.5935759952,"36":40.4122980268,"37":40.2851455913,"38":40.0270074077,"39":39.7296114633,"40":39.3243844768,"41":38.9076465001,"42":38.4238775395,"43":37.8877101787,"44":37.5122693439,"45":37.3860643428,"46":37.3279804714,"47":37.5856341798,"48":37.7039201963,"49":37.6310972567}}