{"compression_rate":{"0":8.0,"1":8.0,"2":8.0,"3":8.0,"4":8.0,"5":8.0,"6":8.0,"7":8.0,"8":8.0,"9":8.0,"10":8.0,"11":8.0,"12":8.0,"13":8.0,"14":8.0,"15":8.0,"16":8.0,"17":8.0,"18":8.0,"19":8.0,"20":8.0,"21":8.0,"22":8.0,"23":8.0,"24":8.0,"25":8.0,"26":8.0,"27":8.0,"28":8.0,"29":8.0,"30":8.0,"31":8.0,"32":8.0,"33":8.0,"34":8.0,"35":8.0,"36":8.0,"37":8.0,"38":8.0,"39":8.0,"40":8.0,"41":8.0,"42":8.0,"43":8.0,"44":8.0,"45":8.0,"46":8.0,"47":8.0,"48":8.0,"49":8.0},"compression_time":{"0":0.3664591312,"1":0.0693390369,"2":0.1546850204,"3":0.0937964916,"4":0.0542638302,"5":0.0855128765,"6":0.3299300671,"7":0.1578524113,"8":0.1156468391,"9":0.2014949322,"10":0.0551970005,"11":0.0605797768,"12":0.3454961777,"13":0.1359703541,"14":0.1569583416,"15":0.0539021492,"16":0.0473434925,"17":0.0836138725,"18":0.3098120689,"19":0.1426689625,"20":0.0828747749,"21":0.1185104847,"22":0.0644278526,"23":0.0486655235,"24":0.3190588951,"25":0.0798127651,"26":0.0643496513,"27":0.1079173088,"28":0.0802214146,"29":0.0808172226,"30":0.3152251244,"31":0.1750950813,"32":0.0765807629,"33":0.0596673489,"34":0.0499632359,"35":0.0812261105,"36":0.3226730824,"37":0.122559309,"38":0.0806412697,"39":0.1569876671,"40":0.0481522083,"41":0.0773568153,"42":0.3508031368,"43":0.0566456318,"44":0.106243372,"45":0.1040129662,"46":0.0508022308,"47":0.0873289108,"48":0.3908503056,"49":0.0479178429},"decompression_time":{"0":0.606562376,"1":0.5995106697,"2":0.6484060287,"3":0.6014022827,"4":0.6122415066,"5":0.6847314835,"6":0.6555342674,"7":0.6652514935,"8":0.7029893398,"9":0.633436203,"10":0.6308221817,"11":0.6514012814,"12":0.6300628185,"13":0.6582174301,"14":0.6093387604,"15":0.7958741188,"16":0.6304574013,"17":0.677801609,"18":0.6604044437,"19":0.610865593,"20":0.7525687218,"21":0.6936917305,"22":0.6025378704,"23":0.6495885849,"24":0.6106929779,"25":0.608877182,"26":0.607840538,"27":0.6523299217,"28":0.6035380363,"29":0.6025767326,"30":0.6346254349,"31":0.653460741,"32":0.6067843437,"33":0.6020197868,"34":0.6024470329,"35":0.6091835499,"36":0.6521894932,"37":0.6026506424,"38":0.641856432,"39":0.661324501,"40":0.6376657486,"41":0.6118690968,"42":0.6252810955,"43":0.7703387737,"44":0.6619329453,"45":0.6329123974,"46":0.6528193951,"47":0.6427476406,"48":0.6022007465,"49":0.7250571251}}