{"compression_rate":{"0":9.6849990182,"1":9.6699082329,"2":9.6571997942,"3":9.6701197873,"4":9.6722310456,"5":9.6727441048,"6":9.6718344724,"7":9.6654150606,"8":9.6468128627,"9":9.6400979615,"10":9.6418237962,"11":9.6380646377,"12":9.634302293,"13":9.622155603,"14":9.6135311911,"15":9.6074997816,"16":9.6166922666,"17":9.6273116231,"18":9.6311968677,"19":9.6287674588,"20":9.6169868195,"21":9.6265455349,"22":9.642204298,"23":9.6467767507,"24":9.6439302061,"25":9.6386577436,"26":9.6244331475,"27":9.6197056837,"28":9.6203080516,"29":9.6251690539,"30":9.630607396,"31":9.6328583711,"32":9.6296866605,"33":9.6314026565,"34":9.6411894665,"35":9.6612759528,"36":9.6676077489,"37":9.6753924654,"38":9.6797494824,"39":9.679430493,"40":9.6787082141,"41":9.6797117513,"42":9.6782912209,"43":9.6706223516,"44":9.6597241888,"45":9.6539956598,"46":9.6452834506,"47":9.6298740526,"48":9.6125217095,"49":9.5987417304},"compression_time":{"0":8.3191430569,"1":8.3298799992,"2":8.3202161789,"3":8.316814661,"4":8.3062398434,"5":8.3020541668,"6":8.3944890499,"7":8.3064577579,"8":8.2881581783,"9":8.3050272465,"10":8.3065111637,"11":8.3111000061,"12":8.3515923023,"13":8.2974991798,"14":8.2914772034,"15":8.3830833435,"16":8.2767920494,"17":8.2656543255,"18":8.3004405499,"19":8.3048274517,"20":8.3079214096,"21":8.3110499382,"22":8.3153071404,"23":8.2943146229,"24":8.3394601345,"25":8.2874426842,"26":8.2812445164,"27":8.2856750488,"28":8.4128956795,"29":8.2679259777,"30":8.3747925758,"31":8.3530344963,"32":8.2817754745,"33":8.2931263447,"34":8.2738494873,"35":8.2656130791,"36":8.4175162315,"37":8.2615821362,"38":8.2511546612,"39":8.2548222542,"40":8.2486343384,"41":8.2474479675,"42":8.4061799049,"43":8.3625524044,"44":8.2689583302,"45":8.3200206757,"46":8.2909169197,"47":8.2721993923,"48":8.3898599148,"49":8.3822267056},"decompression_time":{"0":1.5316724777,"1":1.4707961082,"2":1.472563982,"3":1.4628875256,"4":1.4793581963,"5":1.4710733891,"6":1.547467947,"7":1.4766745567,"8":1.4754748344,"9":1.466925621,"10":1.4674527645,"11":1.4873726368,"12":1.527223587,"13":1.4822974205,"14":1.4794304371,"15":1.479445219,"16":1.4690785408,"17":1.4666657448,"18":1.5330405235,"19":1.4643168449,"20":1.471496582,"21":1.4678781033,"22":1.4748456478,"23":1.472941637,"24":1.5397803783,"25":1.4744040966,"26":1.4712555408,"27":1.4637830257,"28":1.4757361412,"29":1.461014986,"30":1.5379538536,"31":1.4998855591,"32":1.4751908779,"33":1.471726656,"34":1.4755387306,"35":1.4684901237,"36":1.5298936367,"37":1.4598557949,"38":1.4595618248,"39":1.4625849724,"40":1.4606738091,"41":1.4557342529,"42":1.5701916218,"43":1.4993145466,"44":1.5185866356,"45":1.552154541,"46":1.5671923161,"47":1.5012931824,"48":1.5909118652,"49":1.490021944}}