{"compression_rate":{"0":32.0,"1":32.0,"2":32.0,"3":32.0,"4":32.0,"5":32.0,"6":32.0,"7":32.0,"8":32.0,"9":32.0,"10":32.0,"11":32.0,"12":32.0,"13":32.0,"14":32.0,"15":32.0,"16":32.0,"17":32.0,"18":32.0,"19":32.0,"20":32.0,"21":32.0,"22":32.0,"23":32.0,"24":32.0,"25":32.0,"26":32.0,"27":32.0,"28":32.0,"29":32.0,"30":32.0,"31":32.0,"32":32.0,"33":32.0,"34":32.0,"35":32.0,"36":32.0,"37":32.0,"38":32.0,"39":32.0,"40":32.0,"41":32.0,"42":32.0,"43":32.0,"44":32.0,"45":32.0,"46":32.0,"47":32.0,"48":32.0,"49":32.0},"compression_time":{"0":0.2209694386,"1":0.2882506847,"2":0.1469438076,"3":0.1384291649,"4":0.0846660137,"5":0.1263215542,"6":0.2152233124,"7":0.1447267532,"8":0.0381543636,"9":0.0412225723,"10":0.0491189957,"11":0.0428116322,"12":0.215482235,"13":0.23909688,"14":0.1620481014,"15":0.1389224529,"16":0.0992343426,"17":0.1174583435,"18":0.0815541744,"19":0.2781655788,"20":0.1015071869,"21":0.0935194492,"22":0.0948357582,"23":0.0582828522,"24":0.1319601536,"25":0.2459492683,"26":0.0435581207,"27":0.0396723747,"28":0.0425348282,"29":0.0372450352,"30":0.2258763313,"31":0.2423605919,"32":0.1490113735,"33":0.0389780998,"34":0.0361862183,"35":0.0399122238,"36":0.2186040878,"37":0.2082037926,"38":0.1429381371,"39":0.1323974133,"40":0.0678720474,"41":0.1096682549,"42":0.1961538792,"43":0.0982484818,"44":0.1452577114,"45":0.0976998806,"46":0.0662424564,"47":0.0596244335,"48":0.2113907337,"49":0.2160992622},"decompression_time":{"0":0.3189885616,"1":0.3222281933,"2":0.3216834068,"3":0.3666968346,"4":0.3863925934,"5":0.3281383514,"6":0.3633315563,"7":0.3646655083,"8":0.4173817635,"9":0.4283397198,"10":0.3231532574,"11":0.3264253139,"12":0.3229942322,"13":0.3496432304,"14":0.3351402283,"15":0.3246173859,"16":0.352606535,"17":0.322063446,"18":0.5295772552,"19":0.3215789795,"20":0.3212971687,"21":0.3222470284,"22":0.3836910725,"23":0.3909461498,"24":0.4794447422,"25":0.3489787579,"26":0.4231390953,"27":0.4274976254,"28":0.3350024223,"29":0.3235118389,"30":0.3562893867,"31":0.3686263561,"32":0.3393306732,"33":0.4306099415,"34":0.4554502964,"35":0.4209127426,"36":0.3408977985,"37":0.3278024197,"38":0.3212771416,"39":0.3272502422,"40":0.3223967552,"41":0.332490921,"42":0.3960971832,"43":0.3268904686,"44":0.3451986313,"45":0.3398628235,"46":0.3223190308,"47":0.3195343018,"48":0.3443460464,"49":0.3340675831}}