{"psnr":{"0":82.3464195001,"1":82.3317893036,"2":82.3419202817,"3":82.3607827272,"4":82.3709509172,"5":82.3413014839,"6":82.3386047093,"7":82.3277940821,"8":82.3162348251,"9":82.2644268776,"10":82.219131277,"11":82.2228140117,"12":82.3327321861,"13":82.3913865804,"14":82.3981855576,"15":82.4118572648,"16":82.412830023,"17":82.3402508437,"18":82.3567445731,"19":82.2485457949,"20":82.2321937552,"21":82.2302496487,"22":82.2629231735,"23":82.3356988526,"24":82.3323993837,"25":82.3027156526,"26":82.2770641931,"27":82.3166335301,"28":82.3538643018,"29":82.3610628124,"30":82.3667775804,"31":82.3502921662,"32":82.2606413379,"33":82.2907349025,"34":82.2548840883,"35":81.9431571274,"36":82.318956679,"37":82.3806147042,"38":82.4234141601,"39":82.427860157,"40":82.4457069011,"41":82.4664890544,"42":82.4584989294,"43":82.4006001677,"44":82.3193052733,"45":82.3166654965,"46":82.4005051097,"47":82.4086510902,"48":82.3838938718,"49":82.3969376092},"hsnr_0.1":{"0":69.7093436349,"1":69.7405464581,"2":69.9495636196,"3":70.1002948582,"4":70.1466112622,"5":70.1291631421,"6":70.1421128758,"7":70.1381929356,"8":70.1795696927,"9":70.1797953443,"10":70.0430929185,"11":70.025879542,"12":70.1511324724,"13":70.1314165685,"14":70.1127785734,"15":70.1983369634,"16":70.2305342754,"17":70.1745010631,"18":69.958246565,"19":69.5373732861,"20":69.5210439941,"21":69.5516342541,"22":69.8226262424,"23":70.0545042507,"24":70.088579192,"25":69.9584091502,"26":69.825729045,"27":69.7481694728,"28":69.9853083077,"29":70.1495142688,"30":70.2062139485,"31":70.1309107695,"32":69.9705045565,"33":69.8646796756,"34":69.683836412,"35":69.6152560759,"36":69.9569474664,"37":69.959816672,"38":69.8950614177,"39":69.9612988169,"40":70.0581792769,"41":70.2386235976,"42":70.3308801569,"43":70.3089811948,"44":70.2557422196,"45":70.2694208324,"46":70.3225034854,"47":70.2410246573,"48":70.181402569,"49":70.1091129474}}