{"compression_rate":{"0":16.0,"1":16.0,"2":16.0,"3":16.0,"4":16.0,"5":16.0,"6":16.0,"7":16.0,"8":16.0,"9":16.0,"10":16.0,"11":16.0,"12":16.0,"13":16.0,"14":16.0,"15":16.0,"16":16.0,"17":16.0,"18":16.0,"19":16.0,"20":16.0,"21":16.0,"22":16.0,"23":16.0,"24":16.0,"25":16.0,"26":16.0,"27":16.0,"28":16.0,"29":16.0,"30":16.0,"31":16.0,"32":16.0,"33":16.0,"34":16.0,"35":16.0,"36":16.0,"37":16.0,"38":16.0,"39":16.0,"40":16.0,"41":16.0,"42":16.0,"43":16.0,"44":16.0,"45":16.0,"46":16.0,"47":16.0,"48":16.0,"49":16.0},"compression_time":{"0":0.0596055984,"1":0.0544159412,"2":0.0524809361,"3":0.1159026623,"4":0.1118712425,"5":0.1222269535,"6":0.2034151554,"7":0.0525801182,"8":0.0554330349,"9":0.0460486412,"10":0.107708931,"11":0.0432970524,"12":0.205425024,"13":0.0573291779,"14":0.0521147251,"15":0.1437687874,"16":0.1095137596,"17":0.0524997711,"18":0.1941003799,"19":0.0701160431,"20":0.058814764,"21":0.1128025055,"22":0.062319994,"23":0.051992178,"24":0.191422224,"25":0.1340417862,"26":0.0817759037,"27":0.0650589466,"28":0.1612808704,"29":0.0549461842,"30":0.1668934822,"31":0.1123878956,"32":0.0579607487,"33":0.0858678818,"34":0.1519618034,"35":0.0507397652,"36":0.0868759155,"37":0.0686678886,"38":0.0858867168,"39":0.0737073421,"40":0.0718791485,"41":0.1361920834,"42":0.2097952366,"43":0.0776314735,"44":0.0575232506,"45":0.0646994114,"46":0.108148098,"47":0.1403465271,"48":0.056327343,"49":0.0506675243},"decompression_time":{"0":0.6396145821,"1":0.5017998219,"2":0.4440159798,"3":0.4437737465,"4":0.4248924255,"5":0.421295166,"6":0.4682543278,"7":0.4698767662,"8":0.4502327442,"9":0.6043553352,"10":0.5254657269,"11":0.4510900974,"12":0.4301745892,"13":0.4282312393,"14":0.4234831333,"15":0.4285347462,"16":0.4246075153,"17":0.4275612831,"18":0.4304263592,"19":0.4271507263,"20":0.5447127819,"21":0.5667910576,"22":0.4278888702,"23":0.4284379482,"24":0.5055105686,"25":0.428157568,"26":0.4278490543,"27":0.5505495071,"28":0.4297134876,"29":0.4264409542,"30":0.529065609,"31":0.4550356865,"32":0.4427177906,"33":0.4520745277,"34":0.4277932644,"35":0.4287281036,"36":0.6105060577,"37":0.5296144485,"38":0.4328873158,"39":0.5340206623,"40":0.5024409294,"41":0.4359815121,"42":0.4292490482,"43":0.4353094101,"44":0.434122324,"45":0.4307801723,"46":0.5180428028,"47":0.4399940968,"48":0.6445920467,"49":0.4297003746}}