{"psnr":{"0":196.4189254797,"1":194.4980946604,"2":191.0705445449,"3":188.1081108635,"4":185.8834080456,"5":183.013819464,"6":180.0953446916,"7":178.1853998156,"8":176.8825839873,"9":175.701846713,"10":174.279967687,"11":173.1591650034,"12":172.4074408957,"13":172.4056537438,"14":172.5808950337,"15":173.1588051389,"16":173.6140345729,"17":173.9318842602,"18":174.2833366758,"19":174.5999762086,"20":174.9905192096,"21":175.254448428,"22":175.4719013626,"23":175.4830777747,"24":175.3735378115,"25":175.153045639,"26":174.9658278376,"27":174.657846776,"28":174.2333002499,"29":173.6146198744,"30":172.8239983389,"31":172.0429322618,"32":171.2512096357,"33":170.4448272329,"34":169.783234722,"35":169.0801186691,"36":168.3042736186,"37":167.6836536788,"38":166.982622479,"39":166.4089066038,"40":165.6788599227,"41":164.8835748785,"42":163.9424064869,"43":162.9776443075,"44":161.8726160442,"45":160.8735230363,"46":159.9836283198,"47":159.3467664975,"48":158.8486404828,"49":158.6280422557},"hsnr_0.1":{"0":176.4192370314,"1":174.4982836386,"2":171.0706606827,"3":168.1082057981,"4":165.8835097581,"5":163.0138927154,"6":160.0954029081,"7":158.1854349973,"8":156.8826794015,"9":155.7018853753,"10":154.2800078766,"11":153.159209651,"12":152.4074978015,"13":152.4056968672,"14":152.5809373597,"15":153.1588700724,"16":153.6141395219,"17":153.931957273,"18":154.2834355203,"19":154.6001164505,"20":154.9906766348,"21":155.25467699,"22":155.4721616681,"23":155.4833155462,"24":155.3737421973,"25":155.1532919126,"26":154.9661448011,"27":154.6581799447,"28":154.2337515016,"29":153.6150733281,"30":152.8243823422,"31":152.0432224461,"32":151.2514394981,"33":150.4451806168,"34":149.7837640793,"35":149.0807448438,"36":148.3049619056,"37":147.6842396973,"38":146.9831367262,"39":146.4093428441,"40":145.6791752842,"41":144.8839474812,"42":143.9427794578,"43":142.9780746066,"44":141.8732597619,"45":140.874333443,"46":139.9846269511,"47":139.3477430193,"48":138.8497323919,"49":138.6291947332}}