{"psnr":{"0":108.5177447176,"1":125.0834498111,"2":124.8138833843,"3":124.7432996031,"4":125.2958420342,"5":126.2974649627,"6":127.4949625828,"7":128.1676478732,"8":128.2618189012,"9":127.3575146655,"10":126.3592698446,"11":125.7484214361,"12":125.7114248096,"13":126.0074301629,"14":126.1719990732,"15":126.141779861,"16":126.3637224932,"17":126.086500335,"18":127.7526736194,"19":128.2235570779,"20":128.2163202699,"21":128.0846251782,"22":128.1221799923,"23":128.238808088,"24":128.1869015053,"25":127.8838022105,"26":127.4591347671,"27":127.3744573859,"28":127.0120755226,"29":126.6667773746,"30":126.6644843757,"31":127.1296625259,"32":127.6564752074,"33":127.6649674711,"34":126.9105430261,"35":127.0059061686,"36":127.0557681237,"37":127.8394398068,"38":127.7551669809,"39":127.1673832515,"40":126.551916597,"41":126.1057303127,"42":125.7871302988,"43":125.5188624409,"44":125.4825256015,"45":125.8805860657,"46":126.5129724908,"47":127.0304634217,"48":127.2982873963,"49":127.3183078857},"hsnr_0.1":{"0":88.5236233288,"1":105.0835958911,"2":104.8140788577,"3":104.7435040516,"4":105.2960419533,"5":106.2976377976,"6":107.4951083995,"7":108.1677937631,"8":108.2619208269,"9":107.3576295115,"10":106.3593830635,"11":105.7485657328,"12":105.7115838348,"13":106.0075738554,"14":106.1721386636,"15":106.141892072,"16":106.3638302443,"17":106.0867384173,"18":107.7528151264,"19":108.2236950078,"20":108.2164650338,"21":108.0847648957,"22":108.1223061813,"23":108.2389304899,"24":108.1870391715,"25":107.8839134165,"26":107.4592595537,"27":107.3745578317,"28":107.0121983527,"29":106.6669047895,"30":106.6646169386,"31":107.1297894632,"32":107.6565768993,"33":107.6650939694,"34":106.9107427661,"35":107.0061346765,"36":107.055998498,"37":107.8395538241,"38":107.7552626026,"39":107.1675067639,"40":106.5520682303,"41":106.105875374,"42":105.7872913185,"43":105.5190009955,"44":105.482688809,"45":105.880743311,"46":106.5131447083,"47":107.0305896493,"48":107.2984183968,"49":107.3184301771}}