{"psnr":{"0":73.4591020635,"1":74.257753664,"2":75.6123986765,"3":76.6562802317,"4":77.9946029726,"5":78.062922273,"6":77.4024537784,"7":76.0734826608,"8":75.2367013918,"9":75.1276519319,"10":75.2590877917,"11":74.4915509945,"12":73.8797220947,"13":73.521603661,"14":73.4778513011,"15":74.3128749265,"16":75.4531530388,"17":76.5969447487,"18":77.3873708493,"19":77.7216119911,"20":77.8648845019,"21":77.8972501674,"22":77.2080071949,"23":76.184292814,"24":74.3117318306,"25":73.202191144,"26":73.4106196868,"27":73.3697871174,"28":73.0765860699,"29":73.3663170623,"30":73.7714855008,"31":74.3762040733,"32":74.9444246994,"33":75.5935313406,"34":76.2838171034,"35":76.6047803348,"36":76.4132037013,"37":76.7077263108,"38":76.0587165197,"39":75.5048097908,"40":75.4959322422,"41":75.4417812597,"42":75.8711696994,"43":76.1900871412,"44":76.6868863467,"45":77.0574271258,"46":77.3692065897,"47":76.8931172806,"48":76.0183654393,"49":75.5135171831},"hsnr_0.1":{"0":63.5735925083,"1":64.3830987704,"2":65.548421499,"3":66.5956918692,"4":67.325284993,"5":67.3308151217,"6":66.6060590629,"7":65.5321362624,"8":65.3407290191,"9":65.2624506519,"10":65.3097060283,"11":64.9047904261,"12":64.2436251464,"13":63.7579349685,"14":63.8496018775,"15":64.6371441631,"16":65.5484211333,"17":66.2662727899,"18":66.5589177192,"19":66.647053682,"20":66.5039252437,"21":66.6096373559,"22":66.2974399314,"23":65.628970376,"24":63.9239916903,"25":63.0066797148,"26":63.0362031979,"27":63.4870969902,"28":63.6345860388,"29":63.9051274067,"30":64.0469735416,"31":64.1760643044,"32":64.7119424647,"33":64.8153466667,"34":65.0334324756,"35":65.1003449183,"36":64.8640852683,"37":65.8857526762,"38":65.5192134428,"39":64.9105496469,"40":64.7411672772,"41":65.1324468848,"42":65.4589156107,"43":65.8400671467,"44":66.1482264379,"45":66.3390130022,"46":66.4349526503,"47":65.4661938013,"48":65.3308331601,"49":65.1351820318}}