{"compression_rate":{"0":3.3688298234,"1":3.3671465243,"2":3.3684595991,"3":3.3679659549,"4":3.3665956733,"5":3.3640568863,"6":3.3608904569,"7":3.3598784845,"8":3.3601868069,"9":3.3614252956,"10":3.3616768097,"11":3.3630372099,"12":3.3647212096,"13":3.363980327,"14":3.3608694506,"15":3.3597114519,"16":3.3579382615,"17":3.35772082,"18":3.3586809448,"19":3.3559282904,"20":3.3546584176,"21":3.3527305542,"22":3.3507497456,"23":3.3495376742,"24":3.3491247841,"25":3.3494194722,"26":3.3506718179,"27":3.3502964515,"28":3.3488126585,"29":3.3470119084,"30":3.346334062,"31":3.3448587728,"32":3.3449061205,"33":3.3436248469,"34":3.3416320512,"35":3.3375518718,"36":3.3341274341,"37":3.3334016702,"38":3.3339739386,"39":3.3357168526,"40":3.3364273244,"41":3.3374654228,"42":3.3371100502,"43":3.3369107062,"44":3.3374456869,"45":3.3368084751,"46":3.3358036998,"47":3.3337742367,"48":3.3307537152,"49":3.3271325459},"compression_time":{"0":9.4613289833,"1":9.4361650944,"2":9.4182188511,"3":9.4065644741,"4":9.4078896046,"5":9.3639092445,"6":9.4360258579,"7":9.4451849461,"8":9.4199466705,"9":9.4300227165,"10":9.4302892685,"11":9.414131403,"12":9.5404219627,"13":9.410892725,"14":9.3941400051,"15":9.3909556866,"16":9.3922240734,"17":9.3819561005,"18":9.3862850666,"19":9.4001328945,"20":9.3799331188,"21":9.4627816677,"22":9.3991980553,"23":9.361199379,"24":9.3733680248,"25":9.339455843,"26":9.3109493256,"27":9.3254294395,"28":9.3225662708,"29":9.3178846836,"30":9.3609831333,"31":9.3578016758,"32":9.35633111,"33":9.3423326015,"34":9.3413231373,"35":9.3036196232,"36":9.3565223217,"37":9.4248929024,"38":9.3340251446,"39":9.3159780502,"40":9.3181107044,"41":9.3231539726,"42":9.3684282303,"43":9.3652200699,"44":9.3817298412,"45":9.3328332901,"46":9.3450407982,"47":9.3269882202,"48":9.4202713966,"49":9.3378734589},"decompression_time":{"0":1.725985527,"1":1.740480423,"2":1.7372572422,"3":1.7358124256,"4":1.7152245045,"5":1.7021434307,"6":1.7595231533,"7":1.729155302,"8":1.725288868,"9":1.723991394,"10":1.7223927975,"11":1.7237434387,"12":1.7763528824,"13":1.728954792,"14":1.7265925407,"15":1.7259659767,"16":1.7291278839,"17":1.7344043255,"18":1.7273311615,"19":1.7484579086,"20":1.7752683163,"21":1.7199888229,"22":1.7253341675,"23":1.7231874466,"24":1.7250158787,"25":1.7285311222,"26":1.7210774422,"27":1.7243926525,"28":1.7237083912,"29":1.7217285633,"30":1.7308228016,"31":1.7296226025,"32":1.7281930447,"33":1.7253735065,"34":1.7229967117,"35":1.7190821171,"36":1.761790514,"37":1.7249164581,"38":1.7226183414,"39":1.7196521759,"40":1.7251493931,"41":1.7269558907,"42":1.7676427364,"43":1.7630536556,"44":1.7303340435,"45":1.7280256748,"46":1.7316019535,"47":1.7256984711,"48":1.7606391907,"49":1.724044323}}