{"compression_rate":{"0":699.032,"1":388.242,"2":501.793,"3":559.626,"4":516.551,"5":523.873,"6":554.59,"7":585.939,"8":592.219,"9":582.938,"10":584.975,"11":595.587,"12":606.074,"13":512.242,"14":580.243,"15":567.457,"16":542.742,"17":521.409,"18":504.686,"19":706.145,"20":698.803,"21":694.116,"22":693.862,"23":708.401,"24":741.7,"25":525.842,"26":544.092,"27":558.966,"28":575.374,"29":588.828,"30":592.199,"31":718.205,"32":565.333,"33":549.079,"34":539.996,"35":540.509,"36":544.873,"37":556.76,"38":578.67,"39":606.375,"40":637.842,"41":554.158,"42":485.277,"43":490.463,"44":488.275,"45":561.429,"46":650.132,"47":628.265,"48":613.919,"49":614.03},"compression_time":{"0":47.0263073444,"1":19.9623539448,"2":49.0558097363,"3":56.992430687,"4":54.1814908981,"5":56.5262598991,"6":52.5844681263,"7":56.3164021969,"8":55.2604546547,"9":53.8992738724,"10":52.7030611038,"11":22.4269981384,"12":52.9805440903,"13":56.4280471802,"14":55.4340424538,"15":17.9482724667,"16":53.4228284359,"17":53.7245392799,"18":53.4299123287,"19":56.2997791767,"20":56.3513383865,"21":53.045820713,"22":54.6047258377,"23":26.299279213,"24":53.7305157185,"25":55.244736433,"26":54.0180366039,"27":54.453536272,"28":53.7096512318,"29":25.4582614899,"30":52.4021532536,"31":56.9901108742,"32":54.0651044846,"33":17.423885107,"34":53.431576252,"35":55.1213197708,"36":28.7987682819,"37":23.3769805431,"38":54.9507308006,"39":55.5093331337,"40":54.4836919308,"41":57.1455762386,"42":52.6832065582,"43":55.8008372784,"44":56.5307798386,"45":52.1610534191,"46":55.0883862972,"47":28.8698971272,"48":44.4757454395,"49":20.7145497799},"decompression_time":{"0":4.3959925175,"1":4.6240808964,"2":4.3096945286,"3":5.0417709351,"4":4.0104799271,"5":3.8503220081,"6":4.5092668533,"7":4.2696492672,"8":4.5317621231,"9":5.6580526829,"10":5.1627237797,"11":4.5784542561,"12":4.0647578239,"13":4.1787948608,"14":4.8694524765,"15":4.289658308,"16":4.4558076859,"17":4.0198152065,"18":5.7118782997,"19":4.8988904953,"20":3.2148833275,"21":5.7616250515,"22":6.2066397667,"23":1.6518614292,"24":5.6239902973,"25":5.1130151749,"26":4.9573175907,"27":6.5566558838,"28":6.372480154,"29":1.7512767315,"30":4.6087179184,"31":4.9021346569,"32":4.2432265282,"33":4.3002510071,"34":3.8151371479,"35":3.9067411423,"36":8.2850174904,"37":6.1898286343,"38":3.714849472,"39":5.5973637104,"40":5.2309911251,"41":3.8973658085,"42":4.6953430176,"43":2.8848001957,"44":5.2179405689,"45":5.2226877213,"46":6.5819854736,"47":1.7163467407,"48":7.1811151505,"49":5.3410036564}}