{"psnr":{"0":154.1880045262,"1":153.9410640341,"2":153.4688017611,"3":152.8679415659,"4":152.3521480782,"5":151.7215577241,"6":151.4781569346,"7":151.3497261234,"8":151.4200600425,"9":151.6684045016,"10":152.3443661647,"11":153.0983077827,"12":153.3102596641,"13":153.5519631658,"14":153.6765081701,"15":153.4133563808,"16":152.6826911279,"17":152.4316931653,"18":151.8147695629,"19":151.0893880402,"20":150.6645312055,"21":150.4325142027,"22":150.1693550219,"23":150.4369993956,"24":150.6163689347,"25":151.1280728502,"26":151.1517054756,"27":151.6162605286,"28":151.5575918494,"29":151.568564179,"30":151.358362337,"31":150.630635585,"32":150.4034871421,"33":149.7699119613,"34":149.3717313318,"35":149.2747747367,"36":149.2912195495,"37":149.6978100627,"38":150.0409395725,"39":150.2183514675,"40":150.3681956778,"41":150.0819400603,"42":149.8463178515,"43":149.5325732118,"44":148.9763766438,"45":148.4614837781,"46":147.6603578414,"47":146.8936521687,"48":146.1583569684,"49":145.5931600011},"hsnr_0.1":{"0":139.7605421123,"1":139.6081231732,"2":139.4517864325,"3":139.3604867006,"4":139.1955157793,"5":138.7357769332,"6":138.5433896051,"7":138.3265915035,"8":138.6796836916,"9":138.8944582901,"10":139.2027681179,"11":139.7454423224,"12":139.6925349234,"13":139.8317348428,"14":139.9840184376,"15":139.7025117539,"16":139.381323863,"17":139.1778741783,"18":138.5572260949,"19":137.8981893973,"20":137.4716002843,"21":137.0638405511,"22":136.8288124483,"23":136.8457308524,"24":136.7933619359,"25":137.0134309292,"26":136.8384237165,"27":137.0354201828,"28":136.6483409951,"29":136.8885861173,"30":136.520214852,"31":135.8802751884,"32":135.4824429532,"33":134.9666988178,"34":134.5113063086,"35":134.0595720117,"36":133.7057503471,"37":133.7076226707,"38":133.7377930213,"39":133.6541561601,"40":133.5555211243,"41":133.2855636839,"42":132.9697703453,"43":132.6592631242,"44":131.9900229018,"45":131.5402276611,"46":130.6682951029,"47":129.8627958552,"48":129.0758123961,"49":128.6283814554}}