{"psnr":{"0":30.6360404694,"1":30.4419158546,"2":30.101536483,"3":29.6549093928,"4":29.1227377766,"5":34.0118454856,"6":33.639501214,"7":33.5762928135,"8":33.803088141,"9":28.8175388098,"10":29.3176808377,"11":29.7740665207,"12":30.1382757236,"13":30.3598956471,"14":30.4003395459,"15":30.263232206,"16":30.0125248514,"17":29.683141515,"18":29.2609315555,"19":28.9020290489,"20":34.0539796703,"21":33.8960846396,"22":33.9344669683,"23":34.1420235185,"24":28.913861656,"25":29.2140971743,"26":29.4742203507,"27":29.653893753,"28":29.7346648931,"29":29.6597809884,"30":29.4604723371,"31":29.1709316034,"32":28.7969968807,"33":33.9253723714,"34":33.5407710481,"35":33.2349513936,"36":33.1492894199,"37":33.2819570195,"38":33.6010043366,"39":28.4718688779,"40":28.8118077287,"41":29.1216719321,"42":29.2946852099,"43":29.3308378007,"44":29.2335013043,"45":29.0050759431,"46":28.6996491847,"47":28.3679224316,"48":33.5496925282,"49":33.2786864073},"hsnr_0.1":{"0":17.4564108656,"1":17.1801321846,"2":16.6720248134,"3":16.0537345536,"4":15.2820374772,"5":21.2675313336,"6":20.7279761736,"7":20.5738927903,"8":20.9485246954,"9":14.8624348489,"10":15.5790153851,"11":16.2693954728,"12":16.825165654,"13":17.1183246971,"14":17.2044936057,"15":16.9843444254,"16":16.6319473323,"17":16.1402658979,"18":15.5798896789,"19":15.0335425415,"20":21.3704561331,"21":21.193395554,"22":21.2507896409,"23":21.4282693661,"24":15.0133669714,"25":15.4760265563,"26":15.8042411415,"27":16.077945167,"28":16.1823824123,"29":16.0721271645,"30":15.8298045557,"31":15.3734009172,"32":14.8352326913,"33":21.209604103,"34":20.7420546934,"35":20.2559479338,"36":19.9919705914,"37":20.0809982578,"38":20.51414916,"39":14.1143799959,"40":14.7477606822,"41":15.2537432992,"42":15.5437910751,"43":15.6056075892,"44":15.5294193274,"45":15.2041573421,"46":14.7383579585,"47":14.1465226457,"48":20.7103299814,"49":20.2557258327}}