{"compression_rate":{"0":20.4473,"1":20.4976,"2":20.8303,"3":21.3378,"4":21.7291,"5":21.788,"6":21.8527,"7":21.9865,"8":22.1266,"9":22.2659,"10":22.5155,"11":22.0634,"12":20.7159,"13":19.9239,"14":19.6287,"15":19.7373,"16":20.0415,"17":20.7038,"18":21.0598,"19":21.3515,"20":21.5352,"21":21.7844,"22":21.6294,"23":21.2749,"24":20.7101,"25":20.6727,"26":20.7366,"27":20.2526,"28":19.7302,"29":19.9909,"30":20.1506,"31":20.6492,"32":21.8138,"33":22.0482,"34":22.375,"35":22.4039,"36":20.5867,"37":19.707,"38":19.1043,"39":18.9664,"40":18.9018,"41":19.0528,"42":19.2926,"43":19.7351,"44":20.4021,"45":20.7162,"46":20.2205,"47":19.9493,"48":20.0112,"49":19.7672},"compression_time":{"0":56.4173066616,"1":40.5378563404,"2":58.1599910259,"3":39.3519487381,"4":28.4432318211,"5":27.463644743,"6":61.254232645,"7":60.2933707237,"8":57.5297393799,"9":31.2296910286,"10":25.9352254868,"11":33.6911277771,"12":25.3960828781,"13":50.8060660362,"14":54.7469937801,"15":52.0077006817,"16":23.713665247,"17":28.9781854153,"18":59.9277365208,"19":60.2823860645,"20":56.6365013123,"21":24.4111864567,"22":27.2634568214,"23":35.3368074894,"24":58.566880703,"25":56.8859727383,"26":54.2447040081,"27":36.742118597,"28":23.6963398457,"29":40.0487771034,"30":26.271490097,"31":47.3886370659,"32":60.7660696507,"33":56.6052131653,"34":23.8443949223,"35":25.2462565899,"36":26.0774896145,"37":49.6275162697,"38":60.2457664013,"39":56.8956656456,"40":28.8095679283,"41":25.7504291534,"42":57.8719923496,"43":58.0908946991,"44":56.2729640007,"45":39.0734984875,"46":26.9233353138,"47":29.391065836,"48":55.7868068218,"49":59.3692080975},"decompression_time":{"0":4.1160042286,"1":9.413895607,"2":8.7714691162,"3":7.3855736256,"4":5.93262887,"5":6.0784533024,"6":11.902244091,"7":7.1687328815,"8":7.8829712868,"9":8.2344441414,"10":6.700073719,"11":3.2891311646,"12":9.1052043438,"13":9.2931826115,"14":7.7516176701,"15":9.9760277271,"16":8.7324860096,"17":4.9504182339,"18":9.2190537453,"19":8.5082163811,"20":6.1029028893,"21":6.9065756798,"22":6.1992998123,"23":3.3810772896,"24":7.3198671341,"25":6.3890280724,"26":8.894695282,"27":7.4942514896,"28":6.6690609455,"29":3.2827608585,"30":7.181147337,"31":9.6148509979,"32":8.2890331745,"33":9.0503213406,"34":9.6146996021,"35":6.7578616142,"36":9.0460102558,"37":8.63600564,"38":9.4789533615,"39":8.3733737469,"40":6.8808474541,"41":8.3937907219,"42":6.8473241329,"43":6.0568823814,"44":8.8370275497,"45":6.8733513355,"46":5.9678683281,"47":5.3816280365,"48":7.7835109234,"49":8.8121335506}}