{"psnr":{"0":168.3923386857,"1":168.5913777035,"2":168.9790132603,"3":169.4445719158,"4":169.8617884257,"5":170.1523225013,"6":170.3337691286,"7":170.4004998596,"8":170.3547212723,"9":170.1743406001,"10":169.8758732632,"11":169.6337210673,"12":169.3218256012,"13":169.0852358315,"14":169.0738465953,"15":169.3352747052,"16":169.7288702495,"17":170.1052273427,"18":170.3789093984,"19":170.5484480139,"20":170.5748973636,"21":170.4337687515,"22":170.2339779189,"23":169.9602079463,"24":169.4763221348,"25":168.8843332433,"26":168.4810727556,"27":168.4648394721,"28":168.7620744208,"29":169.1033263454,"30":169.4783803804,"31":169.776379323,"32":169.9206387829,"33":169.9413691293,"34":169.7613506632,"35":169.6027546496,"36":169.4314560488,"37":169.1927937423,"38":168.9549838538,"39":168.8012871536,"40":168.8147269637,"41":168.9389475319,"42":169.1426640401,"43":169.3881554737,"44":169.6216397148,"45":169.7989699608,"46":169.9949508174,"47":170.5236384239,"48":170.4100040375,"49":170.2631712057},"hsnr_0.1":{"0":148.39234956,"1":148.5913895189,"2":148.9790240433,"3":149.4445816381,"4":149.8617978194,"5":150.1523305523,"6":150.3337774006,"7":150.400507799,"8":150.3547286478,"9":150.1743468649,"10":149.8758815193,"11":149.6337320023,"12":149.3218344559,"13":149.0852481302,"14":149.0738591704,"15":149.335287968,"16":149.7288795495,"17":150.1052376151,"18":150.3789180503,"19":150.5484561924,"20":150.5749042469,"21":150.4337779265,"22":150.2339850372,"23":149.9602181902,"24":149.4763315059,"25":148.8843433323,"26":148.4810827184,"27":148.4648528271,"28":148.7620877186,"29":149.1033380605,"30":149.4783888871,"31":149.7763911127,"32":149.9206502532,"33":149.9413779855,"34":149.7613613892,"35":149.6027653313,"36":149.4314665408,"37":149.1928058396,"38":148.9549964878,"39":148.8012997896,"40":148.8147404618,"41":148.9389603556,"42":149.1426772209,"43":149.3881705936,"44":149.6216520264,"45":149.7989800692,"46":149.9949621408,"47":150.5236497404,"48":150.4100156389,"49":150.2631840705}}