{"psnr":{"0":104.1384407679,"1":104.1525245018,"2":104.1332532085,"3":104.120011227,"4":104.1296670197,"5":104.1220258509,"6":104.1209687071,"7":104.1053091924,"8":104.0683388659,"9":104.0165573918,"10":103.9466990416,"11":104.064169057,"12":104.1556998595,"13":104.220985617,"14":104.2502138897,"15":104.2605045157,"16":104.249257836,"17":104.2435243751,"18":104.2340028794,"19":104.2288916865,"20":104.1818096947,"21":104.0909008041,"22":104.1057216382,"23":104.186206596,"24":104.1937405413,"25":104.1210209832,"26":104.0697902519,"27":104.1003120361,"28":104.1749836604,"29":104.1894725317,"30":104.215481141,"31":104.2116926822,"32":104.1410215462,"33":104.0833431566,"34":103.9803937561,"35":104.0461090317,"36":104.2017209635,"37":104.29801503,"38":104.3232134946,"39":104.2971117914,"40":104.2922455874,"41":104.2630464444,"42":104.2244108961,"43":104.2030160536,"44":104.1873036547,"45":104.1541118872,"46":104.2456803506,"47":104.270254695,"48":104.2452726247,"49":104.2345683939},"hsnr_0.1":{"0":91.943720665,"1":92.0618741325,"2":92.2849344811,"3":92.4726909768,"4":92.5818606838,"5":92.6081682571,"6":92.6233939468,"7":92.6000666348,"8":92.5676957273,"9":92.5222298115,"10":92.4373076427,"11":92.5045596229,"12":92.4943498171,"13":92.4400148655,"14":92.4314447892,"15":92.5574344816,"16":92.6430406688,"17":92.7120088316,"18":92.7049542352,"19":92.6798784258,"20":92.6355159272,"21":92.5369851218,"22":92.5303511668,"23":92.5781856745,"24":92.458746886,"25":92.1589371476,"26":91.8916800886,"27":91.9357410197,"28":92.2274259243,"29":92.4096915933,"30":92.5341181564,"31":92.5691257232,"32":92.496490851,"33":92.440753577,"34":92.3211458485,"35":92.3220102229,"36":92.3678255776,"37":92.2863615008,"38":92.1669972527,"39":92.1449343876,"40":92.2653302866,"41":92.3697397409,"42":92.4340862205,"43":92.5157432695,"44":92.563644604,"45":92.5527153828,"46":92.654853451,"47":92.6054084224,"48":92.5038698178,"49":92.3993645467}}