{"psnr":{"0":112.782345139,"1":113.0434485725,"2":113.371177494,"3":113.6366190578,"4":113.8156758389,"5":113.8867786637,"6":113.9532466467,"7":114.0859648461,"8":114.3079601168,"9":114.5300067507,"10":114.6527815548,"11":114.6438348809,"12":114.498321514,"13":114.2674459517,"14":114.1160484547,"15":114.0524019937,"16":114.1349132081,"17":114.3567272788,"18":114.6717002595,"19":115.0543166489,"20":115.4621013643,"21":115.7760468266,"22":116.0380020847,"23":116.1135971149,"24":116.0711987574,"25":115.9555296962,"26":115.772967355,"27":115.6254243947,"28":115.5296639204,"29":115.5160768663,"30":115.5862542759,"31":115.6993100781,"32":115.8361089834,"33":115.9655635123,"34":116.0621524232,"35":116.1560044812,"36":116.1701284585,"37":116.1672786074,"38":116.1349696868,"39":116.082608431,"40":115.9832016577,"41":115.9265277116,"42":115.8593827711,"43":115.7708591129,"44":115.6742849842,"45":115.5909617311,"46":115.5381532188,"47":115.4889242806,"48":115.4241716774,"49":115.3390198028},"hsnr_0.1":{"0":92.7845893132,"1":93.0456180162,"2":93.3733170218,"3":93.6385329253,"4":93.8173090232,"5":93.8884857545,"6":93.9550210032,"7":94.0877233959,"8":94.309480462,"9":94.5313417672,"10":94.6536744148,"11":94.6446920858,"12":94.4991508546,"13":94.2682350017,"14":94.1170272631,"15":94.0534411594,"16":94.1359397332,"17":94.3577769447,"18":94.6726888271,"19":95.0552758343,"20":95.4632078053,"21":95.7772078918,"22":96.0391189969,"23":96.1145043959,"24":96.0721264304,"25":95.9563551868,"26":95.7738043311,"27":95.6262309197,"28":95.530461262,"29":95.5168170444,"30":95.5870569051,"31":95.7000260289,"32":95.8367486375,"33":95.9661672021,"34":96.0627805079,"35":96.1567187388,"36":96.170974785,"37":96.1680853346,"38":96.1357260757,"39":96.08331182,"40":95.9839176489,"41":95.9273044562,"42":95.8601999957,"43":95.771728148,"44":95.6751496963,"45":95.5917213956,"46":95.538845248,"47":95.489533725,"48":95.4247364557,"49":95.3396410433}}