{"psnr":{"0":49.2308069301,"1":49.307768081,"2":49.4412860249,"3":49.5637400405,"4":49.6877375385,"5":49.76994283,"6":49.8628373266,"7":49.9953596501,"8":50.1770463046,"9":50.3574485071,"10":50.480595007,"11":50.5409452009,"12":50.5310812561,"13":50.4822612058,"14":50.5213414111,"15":50.5726251722,"16":50.682824079,"17":50.8206174534,"18":50.991213302,"19":51.1958380651,"20":51.4395986732,"21":51.6051218924,"22":51.7508197797,"23":51.7774254225,"24":51.7338141065,"25":51.6635437419,"26":51.5517658085,"27":51.4899099669,"28":51.4772465358,"29":51.5347129838,"30":51.6230995777,"31":51.6994244167,"32":51.7645852386,"33":51.8171665626,"34":51.8493508639,"35":51.9023846249,"36":51.9052697937,"37":51.9128929713,"38":51.907337222,"39":51.8769674139,"40":51.8204955059,"41":51.8090341446,"42":51.790510883,"43":51.7605040739,"44":51.7171827792,"45":51.6652748125,"46":51.6268933943,"47":51.5657496904,"48":51.4767922534,"49":51.380226976},"hsnr_0.1":{"0":45.5059416658,"1":45.8243893745,"2":46.1715280055,"3":46.3916116799,"4":46.4754452712,"5":46.4101604825,"6":46.3253496881,"7":46.3617332627,"8":46.4792039138,"9":46.6357979456,"10":46.628455114,"11":46.4151978817,"12":46.018425641,"13":45.4307119009,"14":44.9077911636,"15":44.499812936,"16":44.3940832836,"17":44.588342704,"18":45.0007863787,"19":45.5507785117,"20":46.2166038305,"21":46.7660812754,"22":47.2407996847,"23":47.4581543096,"24":47.4585172253,"25":47.318282307,"26":47.0434346582,"27":46.6671735783,"28":46.294007751,"29":46.0047597043,"30":45.8193247899,"31":45.8186946301,"32":45.9435809144,"33":46.1156527667,"34":46.3178886238,"35":46.4827240268,"36":46.5328218017,"37":46.4626896405,"38":46.3235353939,"39":46.1182859871,"40":45.8615471466,"41":45.6415572929,"42":45.363133909,"43":45.0530724343,"44":44.7312644407,"45":44.4703918482,"46":44.3771933161,"47":44.3891583328,"48":44.4146843574,"49":44.439947088}}