{"psnr":{"0":107.6342327493,"1":115.0186113391,"2":121.8380110944,"3":125.7140442661,"4":126.4790464817,"5":125.6363068613,"6":121.3134047818,"7":120.1275559504,"8":115.2320862932,"9":114.5934608114,"10":114.6066157074,"11":114.1507640857,"12":112.9256842118,"13":111.8044145736,"14":109.1121627271,"15":109.258988892,"16":110.0144828387,"17":110.6425425435,"18":111.7482771035,"19":112.5699402647,"20":113.1256755004,"21":113.1169231815,"22":112.9664474764,"23":112.8089752835,"24":112.1194679078,"25":111.6752566836,"26":111.0914081899,"27":110.6884886525,"28":110.3812371169,"29":109.9810380527,"30":109.909743761,"31":110.4454096802,"32":111.054111777,"33":111.5392841005,"34":111.7904775047,"35":111.8271494014,"36":111.6774235282,"37":111.7097123735,"38":111.8210616618,"39":111.0081538679,"40":111.356830106,"41":110.6402464582,"42":109.9407656491,"43":109.3396286034,"44":109.319100544,"45":109.9514603118,"46":111.0113224674,"47":111.7340513414,"48":112.0096248964,"49":112.4660350649},"hsnr_0.1":{"0":98.6376102412,"1":101.9020884113,"2":106.9333626063,"3":109.8944713396,"4":109.7952385991,"5":109.3804277416,"6":106.2305372501,"7":106.4068024752,"8":101.9594793656,"9":102.1469834144,"10":102.0675099704,"11":102.0903569419,"12":101.5969005784,"13":100.5421705673,"14":98.532534782,"15":98.2148018546,"16":98.9973080102,"17":100.3002848685,"18":101.5184706534,"19":102.1637100832,"20":102.0028294397,"21":101.7974536154,"22":101.6187346253,"23":101.4044294724,"24":101.1471282674,"25":100.7378019662,"26":100.5458919153,"27":100.5305710251,"28":100.0944856466,"29":99.5404925217,"30":99.2219979251,"31":99.3396730846,"32":100.7122428387,"33":100.8596988367,"34":100.8902804245,"35":100.7015614757,"36":100.8493016062,"37":100.6037365799,"38":100.5935188755,"39":99.478235275,"40":99.2011188391,"41":98.5486114047,"42":98.1597590101,"43":97.7074443764,"44":97.9460433301,"45":98.5303549353,"46":99.5567393149,"47":99.7599887726,"48":99.6476452379,"49":99.9985981054}}