{"compression_rate":{"0":1.8620427671,"1":1.9074461321,"2":1.9098205726,"3":1.9112289968,"4":1.9094978157,"5":1.9054041159,"6":1.9037473883,"7":1.9036935757,"8":1.9028213505,"9":1.9034959707,"10":1.9030230844,"11":1.9005871121,"12":1.8987085787,"13":1.8978090587,"14":1.8984712358,"15":1.8993356732,"16":1.901222885,"17":1.903402807,"18":1.9033550085,"19":1.9039025277,"20":1.9037477067,"21":1.9040374659,"22":1.9042357675,"23":1.9051285562,"24":1.904753856,"25":1.9046257483,"26":1.9050531686,"27":1.9046964272,"28":1.9046680062,"29":1.9033271315,"30":1.902600179,"31":1.9030729876,"32":1.9042744504,"33":1.9063379648,"34":1.9068109029,"35":1.9072098224,"36":1.907138371,"37":1.9074674167,"38":1.9077019784,"39":1.906618479,"40":1.9053942541,"41":1.9039961649,"42":1.9025754779,"43":1.9007156557,"44":1.9013147766,"45":1.9028431152,"46":1.9036469831,"47":1.9047097083,"48":1.904158725,"49":1.9042467589},"compression_time":{"0":10.4853832722,"1":11.2310912609,"2":11.2418560982,"3":11.2124028206,"4":11.1932017803,"5":11.2720375061,"6":11.3926508427,"7":11.3509194851,"8":11.314196825,"9":11.2735908031,"10":11.2505512238,"11":11.2354521751,"12":11.295732975,"13":11.3300600052,"14":11.2765963078,"15":11.2553038597,"16":11.2884495258,"17":11.2167875767,"18":11.34420228,"19":11.1989951134,"20":11.2679150105,"21":11.2220683098,"22":11.182746172,"23":11.1861362457,"24":11.1965954304,"25":11.2088882923,"26":11.1554048061,"27":11.1371912956,"28":11.1034259796,"29":11.1291718483,"30":11.1299643517,"31":11.1441349983,"32":11.10151577,"33":11.1502094269,"34":11.0632274151,"35":11.0350806713,"36":11.0638849735,"37":11.0495743752,"38":10.9943020344,"39":11.0117835999,"40":11.014080286,"41":10.9453668594,"42":10.969391346,"43":10.9898123741,"44":10.9460337162,"45":10.9001505375,"46":10.9039189816,"47":10.943010807,"48":11.0272245407,"49":11.0668067932},"decompression_time":{"0":1.9638135433,"1":1.9144024849,"2":1.9162545204,"3":1.9152731895,"4":1.9242742062,"5":1.9301681519,"6":1.9722955227,"7":1.9354650974,"8":1.9341301918,"9":1.9174690247,"10":1.9265551567,"11":1.9199092388,"12":1.97605896,"13":1.9451987743,"14":1.9433116913,"15":1.9248714447,"16":1.9317317009,"17":1.9295463562,"18":1.9833834171,"19":1.9430024624,"20":1.960824728,"21":1.939691782,"22":1.9612076283,"23":1.9353940487,"24":1.935410738,"25":1.9715154171,"26":1.9376900196,"27":1.9583258629,"28":1.9181578159,"29":1.9232025146,"30":1.9337258339,"31":1.9387333393,"32":1.9514057636,"33":1.9275918007,"34":1.9226920605,"35":1.9366383553,"36":1.9403786659,"37":1.930685997,"38":1.9519298077,"39":1.931892395,"40":1.9321331978,"41":1.9116499424,"42":1.9679846764,"43":1.9228951931,"44":1.915241003,"45":1.9156470299,"46":1.9109032154,"47":1.9267396927,"48":1.9963216782,"49":1.9660096169}}