{"compression_rate":{"0":81.3485,"1":80.2198,"2":79.6848,"3":78.8741,"4":78.7791,"5":78.8978,"6":79.4596,"7":80.0487,"8":80.669,"9":81.4048,"10":82.4924,"11":80.3315,"12":79.1788,"13":77.9522,"14":77.4852,"15":77.3644,"16":76.6324,"17":76.4228,"18":77.0843,"19":78.3119,"20":78.8876,"21":79.1396,"22":78.0284,"23":77.2629,"24":77.6893,"25":79.5989,"26":81.6903,"27":82.1561,"28":83.7891,"29":80.2108,"30":79.3603,"31":79.7034,"32":80.8872,"33":81.8058,"34":82.7968,"35":81.567,"36":78.7646,"37":77.2653,"38":79.3212,"39":75.0293,"40":74.4541,"41":75.1687,"42":77.2213,"43":79.6777,"44":81.0681,"45":81.1001,"46":78.8053,"47":77.9141,"48":78.1184,"49":77.7328},"compression_time":{"0":56.4105153084,"1":57.2818949223,"2":46.2467648983,"3":53.3035326004,"4":52.3806395531,"5":41.625941515,"6":57.5929925442,"7":55.1099646091,"8":16.9939024448,"9":52.5256419182,"10":54.7148227692,"11":50.9502568245,"12":57.7330844402,"13":55.8200471401,"14":54.5575408936,"15":45.6594097614,"16":38.4105067253,"17":45.999022007,"18":56.958804369,"19":55.339019537,"20":49.8205840588,"21":33.277159214,"22":56.7430007458,"23":48.6970305443,"24":23.1839821339,"25":48.9089479446,"26":56.6708054543,"27":54.7109544277,"28":56.4710540771,"29":54.0674774647,"30":24.1025669575,"31":46.2744786739,"32":57.99010849,"33":57.0059475899,"34":57.0162973404,"35":52.6298387051,"36":23.1225268841,"37":48.3270506859,"38":56.7516081333,"39":55.6380643845,"40":53.8590986729,"41":51.3667559624,"42":55.6909952164,"43":60.9881970882,"44":17.9673011303,"45":55.151932478,"46":57.1426897049,"47":50.4237859249,"48":57.6617174149,"49":59.8458001614},"decompression_time":{"0":4.235045433,"1":6.1995725632,"2":5.6588177681,"3":4.8863823414,"4":6.1459453106,"5":2.2576010227,"6":6.9649231434,"7":5.7223787308,"8":5.525087595,"9":4.5400559902,"10":4.500398159,"11":5.3755059242,"12":4.4817872047,"13":7.2450425625,"14":8.6651492119,"15":9.1482493877,"16":4.9501082897,"17":2.1805036068,"18":7.7189650536,"19":7.3135247231,"20":6.8598070145,"21":6.6018660069,"22":3.6702539921,"23":2.3058507442,"24":5.5710105896,"25":5.905308485,"26":4.1335756779,"27":4.8386363983,"28":4.9925448895,"29":6.3340535164,"30":5.6618542671,"31":5.2346558571,"32":4.6585128307,"33":5.12803936,"34":4.9739022255,"35":5.4094555378,"36":4.9798388481,"37":5.8135950565,"38":4.2001409531,"39":4.9163675308,"40":4.524564743,"41":4.3718659878,"42":3.9586064816,"43":6.3547332287,"44":5.2966711521,"45":5.5893924236,"46":5.8855295181,"47":2.2825553417,"48":8.7022082806,"49":6.5642549992}}