{"psnr":{"0":101.6672170285,"1":100.4031321463,"2":98.3013678956,"3":96.1705170262,"4":94.2398015017,"5":91.6702220609,"6":88.8783680638,"7":86.8137914369,"8":85.4222589281,"9":84.2366405718,"10":82.918271456,"11":81.9648984489,"12":81.4077104429,"13":81.3750759997,"14":81.5266877297,"15":81.9015444842,"16":82.3044869546,"17":82.5562803399,"18":82.6583944778,"19":82.7738583026,"20":82.7679447025,"21":82.7827536985,"22":82.6423128589,"23":82.3933881864,"24":82.0832463822,"25":81.6255641046,"26":81.1022468164,"27":80.5287196124,"28":79.8544726707,"29":79.089705257,"30":78.2775291939,"31":77.4734209111,"32":76.6663604974,"33":75.9335455991,"34":75.1883797097,"35":74.5091407259,"36":73.8447455046,"37":73.2177529346,"38":72.5552009858,"39":71.9444189158,"40":71.3112789411,"41":70.6325910416,"42":69.8952418806,"43":69.2180675265,"44":68.5465143951,"45":67.917723145,"46":67.3548591951,"47":66.967242397,"48":66.684939661,"49":66.5219187342},"hsnr_0.1":{"0":89.7580374122,"1":87.4739887711,"2":83.204042948,"3":79.7579011558,"4":77.2248748827,"5":74.1375839907,"6":70.9148131433,"7":68.5944749716,"8":67.0848452954,"9":65.8498336569,"10":64.4621255986,"11":63.5156872031,"12":63.0116760249,"13":63.0611488506,"14":63.2675061492,"15":63.7988776124,"16":64.3733891709,"17":64.8350702989,"18":65.1988374963,"19":65.6362639043,"20":65.9985270457,"21":66.4991088956,"22":66.9095970675,"23":67.3075982396,"24":67.7455275253,"25":68.0049799445,"26":68.3169573661,"27":68.6372098722,"28":68.9736092387,"29":69.2571339645,"30":69.4401905414,"31":69.4881300745,"32":69.447566859,"33":69.4026615721,"34":69.2312673603,"35":69.0829946107,"36":68.9909342226,"37":68.7848809655,"38":68.5472413601,"39":68.3341377136,"40":68.0020889567,"41":67.4584214266,"42":66.7714025495,"43":66.006317335,"44":65.1197563885,"45":64.1912607902,"46":63.3070539462,"47":62.6906819788,"48":62.3295738555,"49":62.2254352364}}