{"psnr":{"0":76.5800882586,"1":76.5458185429,"2":76.5419753113,"3":76.5483350789,"4":76.568198688,"5":76.6205331301,"6":76.705631396,"7":76.7915440665,"8":76.8429638452,"9":76.8410580049,"10":76.790182767,"11":76.7139907827,"12":76.6437436197,"13":76.6047486414,"14":76.5997948222,"15":76.6074744456,"16":76.6031927277,"17":76.585982491,"18":76.5776469288,"19":76.5904829438,"20":76.6098568865,"21":76.6094966194,"22":76.5752309899,"23":76.5172639525,"24":76.4650073641,"25":76.4490043054,"26":76.4748967189,"27":76.5175238517,"28":76.5392412499,"29":76.5206907477,"30":76.4689985101,"31":76.4112287831,"32":76.3661944479,"33":76.3320752775,"34":76.2966066544,"35":76.2568353948,"36":76.2225161794,"37":76.210295597,"38":76.2294815691,"39":76.2639486714,"40":76.2827056946,"41":76.2580639021,"42":76.172860231,"43":76.0331775632,"44":75.8587952015,"45":75.6751163056,"46":75.5046613193,"47":75.3768840106,"48":75.3142252258,"49":75.3279933225},"hsnr_0.1":{"0":56.6397474021,"1":56.6053279085,"2":56.6012896616,"3":56.6074675381,"4":56.6272384066,"5":56.6797794515,"6":56.7653569664,"7":56.8514811238,"8":56.903160762,"9":56.90138766,"10":56.8503985443,"11":56.7739584258,"12":56.7034442181,"13":56.6643106746,"14":56.6593824277,"15":56.6671905859,"16":56.6627729199,"17":56.645264516,"18":56.6367890035,"19":56.6497024365,"20":56.6692245127,"21":56.6690131926,"22":56.6347882753,"23":56.5767033252,"24":56.5242274536,"25":56.508130624,"26":56.5340566692,"27":56.5767993104,"28":56.5985679214,"29":56.5799531443,"30":56.5279199445,"31":56.4697976496,"32":56.4245568012,"33":56.3903548151,"34":56.3548544507,"35":56.3150940531,"36":56.2806880467,"37":56.2682862643,"38":56.2874581387,"39":56.3219890766,"40":56.3407345768,"41":56.3160298112,"42":56.2305241252,"43":56.0905050836,"44":55.9159319944,"45":55.7324354426,"46":55.5619676939,"47":55.4343208035,"48":55.3717954174,"49":55.385715873}}