{"compression_rate":{"0":3.3256841764,"1":3.3244971271,"2":3.3229043133,"3":3.3247959143,"4":3.3240849666,"5":3.3243882919,"6":3.3248127489,"7":3.3248061931,"8":3.3238896023,"9":3.3241540574,"10":3.3231984479,"11":3.3207840108,"12":3.3176908255,"13":3.3137264302,"14":3.3137560168,"15":3.3139251848,"16":3.3148590555,"17":3.3144963349,"18":3.3132884021,"19":3.3119811962,"20":3.3110410799,"21":3.3094762871,"22":3.3093325101,"23":3.3070373798,"24":3.3047591044,"25":3.3024697522,"26":3.3000966535,"27":3.2998494858,"28":3.3002595653,"29":3.3000577421,"30":3.2983215357,"31":3.2972122007,"32":3.2969556758,"33":3.2959308498,"34":3.2954568815,"35":3.2936861148,"36":3.2915385908,"37":3.2891959037,"38":3.2884746818,"39":3.2882112023,"40":3.2884322435,"41":3.2895298937,"42":3.2900009698,"43":3.2912208476,"44":3.2895569106,"45":3.2879432533,"46":3.2868298137,"47":3.287216093,"48":3.2864418853,"49":3.2864777085},"compression_time":{"0":9.3280770779,"1":9.4139986038,"2":9.3253448009,"3":9.3225820065,"4":9.3145265579,"5":9.3350894451,"6":9.3404090405,"7":9.3393871784,"8":9.3366835117,"9":9.3152272701,"10":9.3579051495,"11":9.3251159191,"12":9.3324394226,"13":9.3192288876,"14":9.3101108074,"15":9.3164625168,"16":9.3142538071,"17":9.2532584667,"18":9.3226864338,"19":9.30534482,"20":9.3100850582,"21":9.305618763,"22":9.2988414764,"23":9.3015890121,"24":9.3265385628,"25":9.3383095264,"26":9.3689012527,"27":9.3848659992,"28":9.3235387802,"29":9.2921233177,"30":9.3397622108,"31":9.3556962013,"32":9.3181049824,"33":9.3455564976,"34":9.3463790417,"35":9.3236534595,"36":9.3289618492,"37":9.3363227844,"38":9.3317358494,"39":9.3258836269,"40":9.3153061867,"41":9.2914197445,"42":9.4417057037,"43":9.3593373299,"44":9.3457534313,"45":9.3340666294,"46":9.3453569412,"47":9.3481516838,"48":9.4284615517,"49":9.3531701565},"decompression_time":{"0":1.7830474377,"1":1.8053159714,"2":1.7254862785,"3":1.719776392,"4":1.7223348618,"5":1.7478809357,"6":1.7535619736,"7":1.7171459198,"8":1.7176470757,"9":1.7298238277,"10":1.7330110073,"11":1.7348413467,"12":1.7348730564,"13":1.7319536209,"14":1.7283883095,"15":1.7276289463,"16":1.7279901505,"17":1.7106609344,"18":1.7716364861,"19":1.7308564186,"20":1.7304186821,"21":1.7268371582,"22":1.7295935154,"23":1.7240724564,"24":1.7740170956,"25":1.7505025864,"26":1.7837836742,"27":1.7397334576,"28":1.7278265953,"29":1.7442188263,"30":1.7639222145,"31":1.735861063,"32":1.7331666946,"33":1.7583014965,"34":1.7414870262,"35":1.7284457684,"36":1.771676302,"37":1.7343192101,"38":1.7323284149,"39":1.7304663658,"40":1.7295541763,"41":1.7301511765,"42":1.8002576828,"43":1.7495515347,"44":1.7523872852,"45":1.7344353199,"46":1.7373030186,"47":1.7303493023,"48":1.7446916103,"49":1.7424874306}}