{"psnr":{"0":123.4555129396,"1":126.0563566976,"2":126.2244585028,"3":126.2156115039,"4":126.2437216046,"5":126.3566295994,"6":126.5801732784,"7":126.8270996032,"8":126.9991027737,"9":127.0484529706,"10":127.0167392957,"11":126.9148364793,"12":126.8011791448,"13":126.7335298021,"14":126.7016127145,"15":126.6676846356,"16":126.6250036541,"17":126.5749767948,"18":126.6124953435,"19":126.6518920435,"20":126.7090703434,"21":126.7197900465,"22":126.6981460708,"23":126.6408883606,"24":126.583524164,"25":126.5857465583,"26":126.643614071,"27":126.7427957907,"28":126.8190618641,"29":126.8595215898,"30":126.8413098414,"31":126.8178488608,"32":126.8409886471,"33":126.90257831,"34":126.9279067451,"35":126.9434514745,"36":126.8881845861,"37":126.9493509568,"38":127.0417132891,"39":127.2719629926,"40":127.3813754128,"41":127.4127513418,"42":127.3851015789,"43":127.2302022615,"44":127.0343693659,"45":126.8429802771,"46":126.6348852956,"47":126.52609593,"48":126.4950103269,"49":126.5997662356},"hsnr_0.1":{"0":103.4561103148,"1":106.0564836061,"2":106.2245811671,"3":106.2157284765,"4":106.2438415817,"5":106.356748943,"6":106.5802990812,"7":106.8272134866,"8":106.9992105896,"9":107.0485569454,"10":107.0168416316,"11":106.9149393132,"12":106.8012900837,"13":106.7336500056,"14":106.7017296617,"15":106.667808095,"16":106.6251273248,"17":106.5750944192,"18":106.6126006778,"19":106.6519974464,"20":106.7091790027,"21":106.7198968788,"22":106.6982520507,"23":106.6409981553,"24":106.5836311674,"25":106.5858594177,"26":106.6437168534,"27":106.7429108966,"28":106.8191692094,"29":106.8596211181,"30":106.8414090974,"31":106.817943854,"32":106.8410848439,"33":106.9026625488,"34":106.9279838061,"35":106.9435309714,"36":106.8882818861,"37":106.949440161,"38":107.0418010053,"39":107.2720374822,"40":107.3814487848,"41":107.4128286508,"42":107.3851709141,"43":107.2302771966,"44":107.0344415564,"45":106.8430507094,"46":106.6349605865,"47":106.5261654624,"48":106.495081371,"49":106.5998324555}}