{"psnr":{"0":58.3862464648,"1":61.0515762097,"2":61.2381938863,"3":61.2290656086,"4":61.2234351507,"5":61.2077371875,"6":61.1886568586,"7":61.172453341,"8":61.1531097832,"9":61.1219511919,"10":61.1012155091,"11":61.0923622529,"12":61.0890116308,"13":61.1063808401,"14":61.1262458414,"15":61.1459736939,"16":61.1602287977,"17":61.1776435695,"18":61.2493295458,"19":61.2764400825,"20":61.3033714242,"21":61.3178448004,"22":61.3530461657,"23":61.3951397741,"24":61.4311891707,"25":61.4680860071,"26":61.4985995928,"27":61.5423385111,"28":61.5984018716,"29":61.6834997417,"30":61.7574218031,"31":61.8364634941,"32":61.937303986,"33":62.0523721821,"34":62.114333439,"35":62.1815781893,"36":62.1710336347,"37":62.2412710673,"38":62.2996369822,"39":62.4757099864,"40":62.5583253355,"41":62.6228788206,"42":62.7320963024,"43":62.8000673494,"44":62.8855549375,"45":62.9840455537,"46":63.0348342992,"47":63.117529206,"48":63.18638159,"49":63.2768824728},"hsnr_0.1":{"0":45.5617253963,"1":47.461840278,"2":47.6192002963,"3":47.5772107854,"4":47.5463180937,"5":47.46405527,"6":47.4009441423,"7":47.2696709272,"8":47.1512127855,"9":47.0751422382,"10":46.9986427866,"11":46.9505548395,"12":46.9429589324,"13":47.0137581222,"14":47.0933367656,"15":47.1828918687,"16":47.2609174799,"17":47.304211363,"18":47.3979092819,"19":47.5024044837,"20":47.5820230283,"21":47.6198228181,"22":47.6920267306,"23":47.728516993,"24":47.7798149358,"25":47.8855668352,"26":48.0454956407,"27":48.2643536648,"28":48.4484787011,"29":48.699211254,"30":48.8594376639,"31":49.0131960092,"32":49.2331095294,"33":49.4291134682,"34":49.5038053325,"35":49.5466067817,"36":49.4773333893,"37":49.5228570975,"38":49.655129242,"39":49.9916060888,"40":50.2389773517,"41":50.3995200089,"42":50.5412271944,"43":50.5594975335,"44":50.4983034663,"45":50.3346927273,"46":49.995534954,"47":49.6317037985,"48":49.4559155698,"49":49.5440441612}}