{"psnr":{"0":191.9857066979,"1":217.8861384927,"2":226.127562995,"3":231.2657162292,"4":232.2178928743,"5":232.7236801427,"6":230.6776451525,"7":229.7872245557,"8":226.6640929179,"9":225.5793516223,"10":224.1336873084,"11":222.9921990318,"12":221.8417833032,"13":221.2705695419,"14":220.342081721,"15":221.0264424392,"16":222.0398529933,"17":223.6061982145,"18":224.8145772401,"19":226.0553001613,"20":226.1256434245,"21":225.9732305189,"22":225.6418863147,"23":225.8398425164,"24":225.1308787477,"25":224.4128492941,"26":223.4183694366,"27":223.0746747647,"28":222.2596105835,"29":221.2815540922,"30":221.1773320315,"31":221.9514495891,"32":222.7755007368,"33":223.3096412148,"34":223.0996418088,"35":222.4518209226,"36":221.6616575947,"37":220.6455868508,"38":219.1429512532,"39":217.0294307132,"40":215.8226974401,"41":214.4409855639,"42":213.4149408023,"43":212.9560964026,"44":213.4981335719,"45":215.0617892949,"46":217.2581192691,"47":219.575372352,"48":221.4618605997,"49":222.2980943135},"hsnr_0.1":{"0":171.9900785777,"1":197.8872695655,"2":206.1298203731,"3":211.2674086293,"4":212.2195497941,"5":212.7253478694,"6":210.6788489722,"7":209.7883611132,"8":206.6648413397,"9":205.5803959848,"10":204.1347309212,"11":202.9953835878,"12":201.8436996604,"13":201.2723079617,"14":200.3434145211,"15":201.0283359004,"16":202.0419795254,"17":203.6101612579,"18":204.8164526241,"19":206.0571761341,"20":206.1261676535,"21":205.9750401524,"22":205.6438064134,"23":205.841347848,"24":205.1324443822,"25":204.4136382005,"26":203.4191819238,"27":203.075236436,"28":202.2624040582,"29":201.2833520543,"30":201.1789007452,"31":201.9523510065,"32":202.7758636713,"33":203.3102153637,"34":203.1006617137,"35":202.4519754587,"36":201.6620255503,"37":200.6460253854,"38":199.1432329109,"39":197.0295285875,"40":195.8231108285,"41":194.4413567151,"42":193.4154736093,"43":192.9563309368,"44":193.4983510122,"45":195.0619735881,"46":197.2584487678,"47":199.5758159306,"48":201.4627511,"49":202.2989770874}}