{"psnr":{"0":142.9428728166,"1":152.0667589541,"2":159.9000452212,"3":164.6815028894,"4":165.2086316639,"5":164.6997379541,"6":161.4629166732,"7":160.0440110533,"8":156.9047308234,"9":156.2991206382,"10":155.9018707505,"11":155.3157099354,"12":154.493316686,"13":153.4859338125,"14":152.5006790387,"15":153.0441043743,"16":153.7799862406,"17":154.592931428,"18":155.1127372578,"19":155.871151414,"20":156.0903342224,"21":155.9805641825,"22":155.6452585858,"23":155.6050451965,"24":154.9869812444,"25":154.4972864707,"26":153.8652219823,"27":153.8886263867,"28":153.4078393662,"29":152.7788581446,"30":152.7233946365,"31":153.0757812492,"32":153.508953113,"33":153.949742626,"34":153.8507349514,"35":153.3083792842,"36":152.6890617939,"37":151.9749258753,"38":151.0465144662,"39":149.6549885041,"40":149.0873188389,"41":148.2086120941,"42":147.4729778702,"43":147.2071874907,"44":147.7024179874,"45":148.7790821849,"46":150.1499211972,"47":151.7372142856,"48":153.0681451426,"49":153.6332542447},"hsnr_0.1":{"0":134.6022110691,"1":138.8729118309,"2":144.9547806784,"3":148.6425177921,"4":148.4722054013,"5":148.128572307,"6":146.4981171908,"7":145.9023789636,"8":143.613398614,"9":143.2213890019,"10":142.76965017,"11":142.75488937,"12":141.9389414758,"13":140.9634933063,"14":140.8563770119,"15":141.1712942186,"16":141.8007811566,"17":142.4504218643,"18":142.9980582062,"19":143.55125148,"20":143.4303362359,"21":142.7475795635,"22":142.4538276866,"23":142.701395443,"24":141.9817412328,"25":141.5196223427,"26":141.0537784652,"27":140.9711247947,"28":140.4186236033,"29":140.2170547659,"30":139.7756819156,"31":140.194010743,"32":140.3290546877,"33":140.6043535201,"34":140.1237673224,"35":139.3120089221,"36":138.5746968141,"37":137.9077736788,"38":136.7143923564,"39":135.3469244419,"40":134.5954851933,"41":133.9446998066,"42":133.4307967283,"43":133.3031926355,"44":133.7547493089,"45":134.7033637275,"46":135.9083437692,"47":137.3022300062,"48":138.5271924341,"49":139.1192072516}}